This is pdfTeX, Version 3.141592653-2.6-1.40.27 (TeX Live 2026/dev/Arch Linux) (preloaded format=prv_Block_20theory_20ch1.md 2025.10.23)  23 OCT 2025 22:29
entering extended mode
 restricted \write18 enabled.
 file:line:error style messages enabled.
 %&-line parsing enabled.
**&prv_Block_20theory_20ch1.md /AUCTEXINPUT{ Block_20theory_20ch1.md.tex }
(./Block_20theory_20ch1.md.tex (/usr/share/texmf-dist/tex/latex/l3backend/l3backend-pdftex.def
File: l3backend-pdftex.def 2024-05-08 L3 backend support: PDF output (pdfTeX)
\l__color_backend_stack_int=\count282
\l__pdf_internal_box=\box54
)
No file Block_20theory_20ch1.md.aux.
LaTeX Font Info:    Checking defaults for OML/cmm/m/it on input line 5.
LaTeX Font Info:    ... okay on input line 5.
LaTeX Font Info:    Checking defaults for OMS/cmsy/m/n on input line 5.
LaTeX Font Info:    ... okay on input line 5.
LaTeX Font Info:    Checking defaults for OT1/cmr/m/n on input line 5.
LaTeX Font Info:    ... okay on input line 5.
LaTeX Font Info:    Checking defaults for T1/cmr/m/n on input line 5.
LaTeX Font Info:    ... okay on input line 5.
LaTeX Font Info:    Checking defaults for TS1/cmr/m/n on input line 5.
LaTeX Font Info:    ... okay on input line 5.
LaTeX Font Info:    Checking defaults for OMX/cmex/m/n on input line 5.
LaTeX Font Info:    ... okay on input line 5.
LaTeX Font Info:    Checking defaults for U/cmr/m/n on input line 5.
LaTeX Font Info:    ... okay on input line 5.
(/home/galoistom/.emacs.d/elpa/auctex-14.1.0/latex/preview.sty
Package: preview 2024/06/30 14.0.6 (AUCTeX/preview-latex)
 (/usr/share/texmf-dist/tex/generic/luatex85/luatex85.sty
Package: luatex85 2016/06/15 v1.4 pdftex aliases for luatex
) (/home/galoistom/.emacs.d/elpa/auctex-14.1.0/latex/prtightpage.def
\PreviewBorder=\dimen151
) (/home/galoistom/.emacs.d/elpa/auctex-14.1.0/latex/prauctex.def
No auxiliary output files.


\hbadness=\count283
\hfuzz=\dimen152
(/home/galoistom/.emacs.d/elpa/auctex-14.1.0/latex/prauctex.cfg)) (/home/galoistom/.emacs.d/elpa/auctex-14.1.0/latex/prfootnotes.def)
\pr@snippet=\count284
\pr@box=\box55
\pr@output=\toks24

Preview: Fontsize 10pt
Preview: PDFoutput 1
) (/usr/share/texmf-dist/tex/latex/tikz-cd/tikz-cd.sty
Package: tikz-cd 2021/05/04 v1.0 Commutative diagrams with TikZ
 (/usr/share/texmf-dist/tex/latex/pgf/frontendlayer/tikz.sty (/usr/share/texmf-dist/tex/latex/pgf/basiclayer/pgf.sty (/usr/share/texmf-dist/tex/latex/pgf/utilities/pgfrcs.sty (/usr/share/texmf-dist/tex/generic/pgf/utilities/pgfutil-common.tex
\pgfutil@everybye=\toks25
\pgfutil@tempdima=\dimen153
\pgfutil@tempdimb=\dimen154
) (/usr/share/texmf-dist/tex/generic/pgf/utilities/pgfutil-latex.def
\pgfutil@abb=\box56
) (/usr/share/texmf-dist/tex/generic/pgf/utilities/pgfrcs.code.tex (/usr/share/texmf-dist/tex/generic/pgf/pgf.revision.tex)
Package: pgfrcs 2023-01-15 v3.1.10 (3.1.10)
))
Package: pgf 2023-01-15 v3.1.10 (3.1.10)
 (/usr/share/texmf-dist/tex/latex/pgf/basiclayer/pgfcore.sty (/usr/share/texmf-dist/tex/latex/graphics/graphicx.sty
Package: graphicx 2021/09/16 v1.2d Enhanced LaTeX Graphics (DPC,SPQR)
 (/usr/share/texmf-dist/tex/latex/graphics/keyval.sty
Package: keyval 2022/05/29 v1.15 key=value parser (DPC)
\KV@toks@=\toks26
) (/usr/share/texmf-dist/tex/latex/graphics/graphics.sty
Package: graphics 2024/08/06 v1.4g Standard LaTeX Graphics (DPC,SPQR)
 (/usr/share/texmf-dist/tex/latex/graphics/trig.sty
Package: trig 2023/12/02 v1.11 sin cos tan (DPC)
) (/usr/share/texmf-dist/tex/latex/graphics-cfg/graphics.cfg
File: graphics.cfg 2016/06/04 v1.11 sample graphics configuration
)
Package graphics Info: Driver file: pdftex.def on input line 106.
 (/usr/share/texmf-dist/tex/latex/graphics-def/pdftex.def
File: pdftex.def 2024/04/13 v1.2c Graphics/color driver for pdftex
 (/usr/share/texmf-dist/tex/context/base/mkii/supp-pdf.mkii
[Loading MPS to PDF converter (version 2006.09.02).]
\scratchcounter=\count285
\scratchdimen=\dimen155
\scratchbox=\box57
\nofMPsegments=\count286
\nofMParguments=\count287
\everyMPshowfont=\toks27
\MPscratchCnt=\count288
\MPscratchDim=\dimen156
\MPnumerator=\count289
\makeMPintoPDFobject=\count290
\everyMPtoPDFconversion=\toks28
))) (/usr/share/texmf-dist/tex/latex/epstopdf-pkg/epstopdf-base.sty
Package: epstopdf-base 2020-01-24 v2.11 Base part for package epstopdf
Package epstopdf-base Info: Redefining graphics rule for `.eps' on input line 485.
 (/usr/share/texmf-dist/tex/latex/latexconfig/epstopdf-sys.cfg
File: epstopdf-sys.cfg 2010/07/13 v1.3 Configuration of (r)epstopdf for TeX Live
))
\Gin@req@height=\dimen157
\Gin@req@width=\dimen158
) (/usr/share/texmf-dist/tex/latex/pgf/systemlayer/pgfsys.sty (/usr/share/texmf-dist/tex/generic/pgf/systemlayer/pgfsys.code.tex
Package: pgfsys 2023-01-15 v3.1.10 (3.1.10)
 (/usr/share/texmf-dist/tex/generic/pgf/utilities/pgfkeys.code.tex
\pgfkeys@pathtoks=\toks29
\pgfkeys@temptoks=\toks30
 (/usr/share/texmf-dist/tex/generic/pgf/utilities/pgfkeyslibraryfiltered.code.tex
\pgfkeys@tmptoks=\toks31
))
\pgf@x=\dimen159
\pgf@y=\dimen160
\pgf@xa=\dimen161
\pgf@ya=\dimen162
\pgf@xb=\dimen163
\pgf@yb=\dimen164
\pgf@xc=\dimen165
\pgf@yc=\dimen166
\pgf@xd=\dimen167
\pgf@yd=\dimen168
\w@pgf@writea=\write3
\r@pgf@reada=\read2
\c@pgf@counta=\count291
\c@pgf@countb=\count292
\c@pgf@countc=\count293
\c@pgf@countd=\count294
\t@pgf@toka=\toks32
\t@pgf@tokb=\toks33
\t@pgf@tokc=\toks34
\pgf@sys@id@count=\count295
 (/usr/share/texmf-dist/tex/generic/pgf/systemlayer/pgf.cfg
File: pgf.cfg 2023-01-15 v3.1.10 (3.1.10)
)
Driver file for pgf: pgfsys-pdftex.def
 (/usr/share/texmf-dist/tex/generic/pgf/systemlayer/pgfsys-pdftex.def
File: pgfsys-pdftex.def 2023-01-15 v3.1.10 (3.1.10)
 (/usr/share/texmf-dist/tex/generic/pgf/systemlayer/pgfsys-common-pdf.def
File: pgfsys-common-pdf.def 2023-01-15 v3.1.10 (3.1.10)
))) (/usr/share/texmf-dist/tex/generic/pgf/systemlayer/pgfsyssoftpath.code.tex
File: pgfsyssoftpath.code.tex 2023-01-15 v3.1.10 (3.1.10)
\pgfsyssoftpath@smallbuffer@items=\count296
\pgfsyssoftpath@bigbuffer@items=\count297
) (/usr/share/texmf-dist/tex/generic/pgf/systemlayer/pgfsysprotocol.code.tex
File: pgfsysprotocol.code.tex 2023-01-15 v3.1.10 (3.1.10)
)) (/usr/share/texmf-dist/tex/latex/xcolor/xcolor.sty
Package: xcolor 2024/09/29 v3.02 LaTeX color extensions (UK)
 (/usr/share/texmf-dist/tex/latex/graphics-cfg/color.cfg
File: color.cfg 2016/01/02 v1.6 sample color configuration
)
Package xcolor Info: Driver file: pdftex.def on input line 274.
 (/usr/share/texmf-dist/tex/latex/graphics/mathcolor.ltx)
Package xcolor Info: Model `cmy' substituted by `cmy0' on input line 1349.
Package xcolor Info: Model `hsb' substituted by `rgb' on input line 1353.
Package xcolor Info: Model `RGB' extended on input line 1365.
Package xcolor Info: Model `HTML' substituted by `rgb' on input line 1367.
Package xcolor Info: Model `Hsb' substituted by `hsb' on input line 1368.
Package xcolor Info: Model `tHsb' substituted by `hsb' on input line 1369.
Package xcolor Info: Model `HSB' substituted by `hsb' on input line 1370.
Package xcolor Info: Model `Gray' substituted by `gray' on input line 1371.
Package xcolor Info: Model `wave' substituted by `hsb' on input line 1372.
) (/usr/share/texmf-dist/tex/generic/pgf/basiclayer/pgfcore.code.tex
Package: pgfcore 2023-01-15 v3.1.10 (3.1.10)

(/usr/share/texmf-dist/tex/generic/pgf/math/pgfmath.code.tex (/usr/share/texmf-dist/tex/generic/pgf/math/pgfmathutil.code.tex) (/usr/share/texmf-dist/tex/generic/pgf/math/pgfmathparser.code.tex
\pgfmath@dimen=\dimen169
\pgfmath@count=\count298
\pgfmath@box=\box58
\pgfmath@toks=\toks35
\pgfmath@stack@operand=\toks36
\pgfmath@stack@operation=\toks37
) (/usr/share/texmf-dist/tex/generic/pgf/math/pgfmathfunctions.code.tex) (/usr/share/texmf-dist/tex/generic/pgf/math/pgfmathfunctions.basic.code.tex) (/usr/share/texmf-dist/tex/generic/pgf/math/pgfmathfunctions.trigonometric.code.tex) (/usr/share/texmf-dist/tex/generic/pgf/math/pgfmathfunctions.random.code.tex) (/usr/share/texmf-dist/tex/generic/pgf/math/pgfmathfunctions.comparison.code.tex) (/usr/share/texmf-dist/tex/generic/pgf/math/pgfmathfunctions.base.code.tex) (/usr/share/texmf-dist/tex/generic/pgf/math/pgfmathfunctions.round.code.tex) (/usr/share/texmf-dist/tex/generic/pgf/math/pgfmathfunctions.misc.code.tex) (/usr/share/texmf-dist/tex/generic/pgf/math/pgfmathfunctions.integerarithmetics.code.tex) (/usr/share/texmf-dist/tex/generic/pgf/math/pgfmathcalc.code.tex)
(/usr/share/texmf-dist/tex/generic/pgf/math/pgfmathfloat.code.tex
\c@pgfmathroundto@lastzeros=\count299
)) (/usr/share/texmf-dist/tex/generic/pgf/math/pgfint.code.tex) (/usr/share/texmf-dist/tex/generic/pgf/basiclayer/pgfcorepoints.code.tex
File: pgfcorepoints.code.tex 2023-01-15 v3.1.10 (3.1.10)
\pgf@picminx=\dimen170
\pgf@picmaxx=\dimen171
\pgf@picminy=\dimen172
\pgf@picmaxy=\dimen173
\pgf@pathminx=\dimen174
\pgf@pathmaxx=\dimen175
\pgf@pathminy=\dimen176
\pgf@pathmaxy=\dimen177
\pgf@xx=\dimen178
\pgf@xy=\dimen179
\pgf@yx=\dimen180
\pgf@yy=\dimen181
\pgf@zx=\dimen182
\pgf@zy=\dimen183
) (/usr/share/texmf-dist/tex/generic/pgf/basiclayer/pgfcorepathconstruct.code.tex
File: pgfcorepathconstruct.code.tex 2023-01-15 v3.1.10 (3.1.10)
\pgf@path@lastx=\dimen184
\pgf@path@lasty=\dimen185
) (/usr/share/texmf-dist/tex/generic/pgf/basiclayer/pgfcorepathusage.code.tex
File: pgfcorepathusage.code.tex 2023-01-15 v3.1.10 (3.1.10)
\pgf@shorten@end@additional=\dimen186
\pgf@shorten@start@additional=\dimen187
) (/usr/share/texmf-dist/tex/generic/pgf/basiclayer/pgfcorescopes.code.tex
File: pgfcorescopes.code.tex 2023-01-15 v3.1.10 (3.1.10)
\pgfpic=\box59
\pgf@hbox=\box60
\pgf@layerbox@main=\box61
\pgf@picture@serial@count=\count300
) (/usr/share/texmf-dist/tex/generic/pgf/basiclayer/pgfcoregraphicstate.code.tex
File: pgfcoregraphicstate.code.tex 2023-01-15 v3.1.10 (3.1.10)
\pgflinewidth=\dimen188
) (/usr/share/texmf-dist/tex/generic/pgf/basiclayer/pgfcoretransformations.code.tex
File: pgfcoretransformations.code.tex 2023-01-15 v3.1.10 (3.1.10)
\pgf@pt@x=\dimen189
\pgf@pt@y=\dimen190
\pgf@pt@temp=\dimen191
) (/usr/share/texmf-dist/tex/generic/pgf/basiclayer/pgfcorequick.code.tex
File: pgfcorequick.code.tex 2023-01-15 v3.1.10 (3.1.10)
) (/usr/share/texmf-dist/tex/generic/pgf/basiclayer/pgfcoreobjects.code.tex
File: pgfcoreobjects.code.tex 2023-01-15 v3.1.10 (3.1.10)
) (/usr/share/texmf-dist/tex/generic/pgf/basiclayer/pgfcorepathprocessing.code.tex
File: pgfcorepathprocessing.code.tex 2023-01-15 v3.1.10 (3.1.10)
) (/usr/share/texmf-dist/tex/generic/pgf/basiclayer/pgfcorearrows.code.tex
File: pgfcorearrows.code.tex 2023-01-15 v3.1.10 (3.1.10)
\pgfarrowsep=\dimen192
) (/usr/share/texmf-dist/tex/generic/pgf/basiclayer/pgfcoreshade.code.tex
File: pgfcoreshade.code.tex 2023-01-15 v3.1.10 (3.1.10)
\pgf@max=\dimen193
\pgf@sys@shading@range@num=\count301
\pgf@shadingcount=\count302
)
(/usr/share/texmf-dist/tex/generic/pgf/basiclayer/pgfcoreimage.code.tex
File: pgfcoreimage.code.tex 2023-01-15 v3.1.10 (3.1.10)
) (/usr/share/texmf-dist/tex/generic/pgf/basiclayer/pgfcoreexternal.code.tex
File: pgfcoreexternal.code.tex 2023-01-15 v3.1.10 (3.1.10)
\pgfexternal@startupbox=\box62
) (/usr/share/texmf-dist/tex/generic/pgf/basiclayer/pgfcorelayers.code.tex
File: pgfcorelayers.code.tex 2023-01-15 v3.1.10 (3.1.10)
) (/usr/share/texmf-dist/tex/generic/pgf/basiclayer/pgfcoretransparency.code.tex
File: pgfcoretransparency.code.tex 2023-01-15 v3.1.10 (3.1.10)
) (/usr/share/texmf-dist/tex/generic/pgf/basiclayer/pgfcorepatterns.code.tex
File: pgfcorepatterns.code.tex 2023-01-15 v3.1.10 (3.1.10)
) (/usr/share/texmf-dist/tex/generic/pgf/basiclayer/pgfcorerdf.code.tex
File: pgfcorerdf.code.tex 2023-01-15 v3.1.10 (3.1.10)
))) (/usr/share/texmf-dist/tex/generic/pgf/modules/pgfmoduleshapes.code.tex
File: pgfmoduleshapes.code.tex 2023-01-15 v3.1.10 (3.1.10)
\pgfnodeparttextbox=\box63
) (/usr/share/texmf-dist/tex/generic/pgf/modules/pgfmoduleplot.code.tex
File: pgfmoduleplot.code.tex 2023-01-15 v3.1.10 (3.1.10)
) (/usr/share/texmf-dist/tex/latex/pgf/compatibility/pgfcomp-version-0-65.sty
Package: pgfcomp-version-0-65 2023-01-15 v3.1.10 (3.1.10)
\pgf@nodesepstart=\dimen194
\pgf@nodesepend=\dimen195
) (/usr/share/texmf-dist/tex/latex/pgf/compatibility/pgfcomp-version-1-18.sty
Package: pgfcomp-version-1-18 2023-01-15 v3.1.10 (3.1.10)
)) (/usr/share/texmf-dist/tex/latex/pgf/utilities/pgffor.sty (/usr/share/texmf-dist/tex/latex/pgf/utilities/pgfkeys.sty (/usr/share/texmf-dist/tex/generic/pgf/utilities/pgfkeys.code.tex)) (/usr/share/texmf-dist/tex/latex/pgf/math/pgfmath.sty
(/usr/share/texmf-dist/tex/generic/pgf/math/pgfmath.code.tex)) (/usr/share/texmf-dist/tex/generic/pgf/utilities/pgffor.code.tex
Package: pgffor 2023-01-15 v3.1.10 (3.1.10)
\pgffor@iter=\dimen196
\pgffor@skip=\dimen197
\pgffor@stack=\toks38
\pgffor@toks=\toks39
)) (/usr/share/texmf-dist/tex/generic/pgf/frontendlayer/tikz/tikz.code.tex
Package: tikz 2023-01-15 v3.1.10 (3.1.10)
 (/usr/share/texmf-dist/tex/generic/pgf/libraries/pgflibraryplothandlers.code.tex
File: pgflibraryplothandlers.code.tex 2023-01-15 v3.1.10 (3.1.10)
\pgf@plot@mark@count=\count303
\pgfplotmarksize=\dimen198
)
\tikz@lastx=\dimen199
\tikz@lasty=\dimen256
\tikz@lastxsaved=\dimen257
\tikz@lastysaved=\dimen258
\tikz@lastmovetox=\dimen259
\tikz@lastmovetoy=\dimen260
\tikzleveldistance=\dimen261
\tikzsiblingdistance=\dimen262
\tikz@figbox=\box64
\tikz@figbox@bg=\box65
\tikz@tempbox=\box66
\tikz@tempbox@bg=\box67
\tikztreelevel=\count304
\tikznumberofchildren=\count305
\tikznumberofcurrentchild=\count306
\tikz@fig@count=\count307
 (/usr/share/texmf-dist/tex/generic/pgf/modules/pgfmodulematrix.code.tex
File: pgfmodulematrix.code.tex 2023-01-15 v3.1.10 (3.1.10)
\pgfmatrixcurrentrow=\count308
\pgfmatrixcurrentcolumn=\count309
\pgf@matrix@numberofcolumns=\count310
)
\tikz@expandcount=\count311
 (/usr/share/texmf-dist/tex/generic/pgf/frontendlayer/tikz/libraries/tikzlibrarytopaths.code.tex
File: tikzlibrarytopaths.code.tex 2023-01-15 v3.1.10 (3.1.10)
))) (/usr/share/texmf-dist/tex/generic/tikz-cd/tikzlibrarycd.code.tex (/usr/share/texmf-dist/tex/generic/pgf/frontendlayer/tikz/libraries/tikzlibrarymatrix.code.tex
File: tikzlibrarymatrix.code.tex 2023-01-15 v3.1.10 (3.1.10)
) (/usr/share/texmf-dist/tex/generic/pgf/frontendlayer/tikz/libraries/tikzlibraryquotes.code.tex
File: tikzlibraryquotes.code.tex 2023-01-15 v3.1.10 (3.1.10)
) (/usr/share/texmf-dist/tex/generic/pgf/libraries/pgflibraryarrows.meta.code.tex
File: pgflibraryarrows.meta.code.tex 2023-01-15 v3.1.10 (3.1.10)
\pgfarrowinset=\dimen263
\pgfarrowlength=\dimen264
\pgfarrowwidth=\dimen265
\pgfarrowlinewidth=\dimen266
)))
./Block_20theory_20ch1.md.tex:6: Preview: Snippet 1 started.
<-><->
      
l.6 $
     k[G]$
Not a real error.

Preview: Tightpage -32891 -32891 32891 32891
./Block_20theory_20ch1.md.tex:6: Preview: Snippet 1 ended.(491520+163840x1241180).
<-><->
      
l.6 $k[G]$
          
Not a real error.

[1{/var/lib/texmf/fonts/map/pdftex/updmap/pdftex.map}]
./Block_20theory_20ch1.md.tex:7: Preview: Snippet 2 started.
<-><->
      
l.7 $
     G$
Not a real error.

./Block_20theory_20ch1.md.tex:7: Preview: Snippet 2 ended.(447828+0x515276).
<-><->
      
l.7 $G$
       
Not a real error.

[2]
./Block_20theory_20ch1.md.tex:8: Preview: Snippet 3 started.
<-><->
      
l.8 $
     G$
Not a real error.

./Block_20theory_20ch1.md.tex:8: Preview: Snippet 3 ended.(447828+0x515276).
<-><->
      
l.8 $G$
       
Not a real error.

[3]
./Block_20theory_20ch1.md.tex:9: Preview: Snippet 4 started.
<-><->
      
l.9 $
     k$
Not a real error.

./Block_20theory_20ch1.md.tex:9: Preview: Snippet 4 ended.(455111+0x361814).
<-><->
      
l.9 $k$
       
Not a real error.

[4]
./Block_20theory_20ch1.md.tex:10: Preview: Snippet 5 started.
<-><->
      
l.10 $
      (V,\rho)$
Not a real error.

./Block_20theory_20ch1.md.tex:10: Preview: Snippet 5 ended.(491520+163840x1558528).
<-><->
      
l.10 $(V,\rho)$
               
Not a real error.

[5]
./Block_20theory_20ch1.md.tex:11: Preview: Snippet 6 started.
<-><->
      
l.11 $
      k-module$
Not a real error.

./Block_20theory_20ch1.md.tex:11: Preview: Snippet 6 ended.(455111+54613x3285754).
<-><->
      
l.11 $k-module$
               
Not a real error.

[6]
./Block_20theory_20ch1.md.tex:12: Preview: Snippet 7 started.
<-><->
      
l.12 $
      V$
Not a real error.

./Block_20theory_20ch1.md.tex:12: Preview: Snippet 7 ended.(447828+0x527929).
<-><->
      
l.12 $V$
        
Not a real error.

[7]
./Block_20theory_20ch1.md.tex:13: Preview: Snippet 8 started.
<-><->
      
l.13 $
      \rho:G \rightarrow GL(V)$
Not a real error.

./Block_20theory_20ch1.md.tex:13: Preview: Snippet 8 ended.(491520+163840x4418614).
<-><->
      
l.13 $\rho:G \rightarrow GL(V)$
                               
Not a real error.

[8]
./Block_20theory_20ch1.md.tex:14: Preview: Snippet 9 started.
<-><->
      
l.14 $
      GL(V)=Aut_k(V)$
Not a real error.

./Block_20theory_20ch1.md.tex:14: Preview: Snippet 9 ended.(491520+163840x5336195).
<-><->
      
l.14 $GL(V)=Aut_k(V)$
                     
Not a real error.

[9]
./Block_20theory_20ch1.md.tex:15: Preview: Snippet 10 started.
<-><->
      
l.15 $
      k-linear$
Not a real error.

./Block_20theory_20ch1.md.tex:15: Preview: Snippet 10 ended.(455111+54613x2955841).
<-><->
      
l.15 $k-linear$
               
Not a real error.

[10]
./Block_20theory_20ch1.md.tex:16: Preview: Snippet 11 started.
<-><->
      
l.16 $
      G$
Not a real error.

./Block_20theory_20ch1.md.tex:16: Preview: Snippet 11 ended.(447828+0x515276).
<-><->
      
l.16 $G$
        
Not a real error.

[11]
./Block_20theory_20ch1.md.tex:17: Preview: Snippet 12 started.
<-><->
      
l.17 $
      k[G]$
Not a real error.

./Block_20theory_20ch1.md.tex:17: Preview: Snippet 12 ended.(491520+163840x1241180).
<-><->
      
l.17 $k[G]$
           
Not a real error.

[12]
./Block_20theory_20ch1.md.tex:18: Preview: Snippet 13 started.
<-><->
      
l.18 $
      \alpha:G \times G \rightarrow k^\times$
Not a real error.

./Block_20theory_20ch1.md.tex:18: Preview: Snippet 13 ended.(521815+54613x4622952).
<-><->
      
l.18 $\alpha:G \times G \rightarrow k^\times$
                                             
Not a real error.

[13]
./Block_20theory_20ch1.md.tex:19: Preview: Snippet 14 started.
<-><->
      
l.19 $
      x \cdot y=\alpha(x,y) xy$
Not a real error.

./Block_20theory_20ch1.md.tex:19: Preview: Snippet 14 ended.(491520+163840x4727911).
<-><->
      
l.19 $x \cdot y=\alpha(x,y) xy$
                               
Not a real error.

[14]
./Block_20theory_20ch1.md.tex:20: Preview: Snippet 15 started.
<-><->
      
l.20 $
      \alpha(xy,z)\alpha(x,y)=\alpha(x,yz)\alpha(y,z)$
Not a real error.

./Block_20theory_20ch1.md.tex:20: Preview: Snippet 15 ended.(491520+163840x9268188).
<-><->
      
l.20 ...(xy,z)\alpha(x,y)=\alpha(x,yz)\alpha(y,z)$
                                                  
Not a real error.

[15]
./Block_20theory_20ch1.md.tex:21: Preview: Snippet 16 started.
<-><->
      
l.21 $
      Z$
Not a real error.

./Block_20theory_20ch1.md.tex:21: Preview: Snippet 16 ended.(447828+0x494251).
<-><->
      
l.21 $Z$
        
Not a real error.

[16]
./Block_20theory_20ch1.md.tex:22: Preview: Snippet 17 started.
<-><->
      
l.22 $
      Z^2(G;Z)$
Not a real error.

./Block_20theory_20ch1.md.tex:22: Preview: Snippet 17 ended.(533465+163840x2598776).
<-><->
      
l.22 $Z^2(G;Z)$
               
Not a real error.

[17]
./Block_20theory_20ch1.md.tex:23: Preview: Snippet 18 started.
<-><->
      
l.23 $
      \alpha:G \times G \rightarrow Z$
Not a real error.

./Block_20theory_20ch1.md.tex:23: Preview: Snippet 18 ended.(447828+54613x4313020).
<-><->
      
l.23 $\alpha:G \times G \rightarrow Z$
                                      
Not a real error.

[18]
./Block_20theory_20ch1.md.tex:24: Preview: Snippet 19 started.
<-><->
      
l.24 $
      \alpha(xy,z)\alpha(x,y)=\alpha(x,yz)(^x\alpha(y,z))$
Not a real error.

./Block_20theory_20ch1.md.tex:24: Preview: Snippet 19 ended.(491520+163840x10107870).
<-><->
      
l.24 ...z)\alpha(x,y)=\alpha(x,yz)(^x\alpha(y,z))$
                                                  
Not a real error.

[19]
./Block_20theory_20ch1.md.tex:25: Preview: Snippet 20 started.
<-><->
      
l.25 $
      k_\alpha[G],k_\beta[G]$
Not a real error.

./Block_20theory_20ch1.md.tex:25: Preview: Snippet 20 ended.(491520+187504x3459351).
<-><->
      
l.25 $k_\alpha[G],k_\beta[G]$
                             
Not a real error.

[20]
./Block_20theory_20ch1.md.tex:26: Preview: Snippet 21 started.
<-><->
      
l.26 $
      \alpha,\beta$
Not a real error.

./Block_20theory_20ch1.md.tex:26: Preview: Snippet 21 ended.(455111+127431x1118206).
<-><->
      
l.26 $\alpha,\beta$
                   
Not a real error.

[21]
./Block_20theory_20ch1.md.tex:27: Preview: Snippet 22 started.
<-><->
      
l.27 $
      \gamma:G \rightarrow k^\times$
Not a real error.

./Block_20theory_20ch1.md.tex:27: Preview: Snippet 22 ended.(521815+127431x3260733).
<-><->
      
l.27 $\gamma:G \rightarrow k^\times$
                                    
Not a real error.

[22]
./Block_20theory_20ch1.md.tex:28: Preview: Snippet 23 started.
<-><->
      
l.28 $
      \alpha(x,y)=\beta(x,y)\gamma(x)\gamma(y)\gamma(xy)^{-1}$
Not a real error.

./Block_20theory_20ch1.md.tex:28: Preview: Snippet 23 ended.(533465+163840x9540159).
<-><->
      
l.28 ...eta(x,y)\gamma(x)\gamma(y)\gamma(xy)^{-1}$
                                                  
Not a real error.

[23]
./Block_20theory_20ch1.md.tex:29: Preview: Snippet 24 started.
<-><->
      
l.29 $
      k_\alpha[G] \simeq k_\beta[G]$
Not a real error.

./Block_20theory_20ch1.md.tex:29: Preview: Snippet 24 ended.(491520+187504x4041888).
<-><->
      
l.29 $k_\alpha[G] \simeq k_\beta[G]$
                                    
Not a real error.

[24]
./Block_20theory_20ch1.md.tex:30: Preview: Snippet 25 started.
<-><->
      
l.30 $
      x \mapsto \gamma(x)x$
Not a real error.

./Block_20theory_20ch1.md.tex:30: Preview: Snippet 25 ended.(491520+163840x3028543).
<-><->
      
l.30 $x \mapsto \gamma(x)x$
                           
Not a real error.

[25]
./Block_20theory_20ch1.md.tex:31: Preview: Snippet 26 started.
<-><->
      
l.31 $
      \alpha(x,y)=\gamma(x)(^x\gamma(y))\gamma(xy)^{-1}$
Not a real error.

./Block_20theory_20ch1.md.tex:31: Preview: Snippet 26 ended.(533465+163840x8454190).
<-><->
      
l.31 ...,y)=\gamma(x)(^x\gamma(y))\gamma(xy)^{-1}$
                                                  
Not a real error.

[26]
./Block_20theory_20ch1.md.tex:32: Preview: Snippet 27 started.
<-><->
      
l.32 $
      \gamma(x)=(^xz)z^{-1}$
Not a real error.

./Block_20theory_20ch1.md.tex:32: Preview: Snippet 27 ended.(533465+163840x4344278).
<-><->
      
l.32 $\gamma(x)=(^xz)z^{-1}$
                            
Not a real error.

[27]
./Block_20theory_20ch1.md.tex:33: Preview: Snippet 28 started.
<-><->
      
l.33 $
      z \in Z$
Not a real error.

./Block_20theory_20ch1.md.tex:33: Preview: Snippet 28 ended.(447828+25623x1628837).
<-><->
      
l.33 $z \in Z$
              
Not a real error.

[28]
./Block_20theory_20ch1.md.tex:34: Preview: Snippet 29 started.
<-><->
      
l.34 $
      Z^2(G;Z)$
Not a real error.

./Block_20theory_20ch1.md.tex:34: Preview: Snippet 29 ended.(533465+163840x2598776).
<-><->
      
l.34 $Z^2(G;Z)$
               
Not a real error.

[29]
./Block_20theory_20ch1.md.tex:35: Preview: Snippet 30 started.
<-><->
      
l.35 $
      B^2(G;Z)$
Not a real error.

./Block_20theory_20ch1.md.tex:35: Preview: Snippet 30 ended.(533465+163840x2634502).
<-><->
      
l.35 $B^2(G;Z)$
               
Not a real error.

[30]
./Block_20theory_20ch1.md.tex:36: Preview: Snippet 31 started.
<-><->
      
l.36 $
      Z^1(G;Z)$
Not a real error.

./Block_20theory_20ch1.md.tex:36: Preview: Snippet 31 ended.(533465+163840x2598776).
<-><->
      
l.36 $Z^1(G;Z)$
               
Not a real error.

[31]
./Block_20theory_20ch1.md.tex:37: Preview: Snippet 32 started.
<-><->
      
l.37 $
      \gamma:G \rightarrow Z$
Not a real error.

./Block_20theory_20ch1.md.tex:37: Preview: Snippet 32 ended.(447828+127431x2950801).
<-><->
      
l.37 $\gamma:G \rightarrow Z$
                             
Not a real error.

[32]
./Block_20theory_20ch1.md.tex:38: Preview: Snippet 33 started.
<-><->
      
l.38 $
      \gamma(xy)=\gamma(x)(^x\gamma(y))$
Not a real error.

./Block_20theory_20ch1.md.tex:38: Preview: Snippet 33 ended.(491520+163840x5808550).
<-><->
      
l.38 $\gamma(xy)=\gamma(x)(^x\gamma(y))$
                                        
Not a real error.

[33]
./Block_20theory_20ch1.md.tex:39: Preview: Snippet 34 started.
<-><->
      
l.39 $
      B^1(G;Z)$
Not a real error.

./Block_20theory_20ch1.md.tex:39: Preview: Snippet 34 ended.(533465+163840x2634502).
<-><->
      
l.39 $B^1(G;Z)$
               
Not a real error.

[34]
./Block_20theory_20ch1.md.tex:40: Preview: Snippet 35 started.
<-><->
      
l.40 $
      \gamma:G \rightarrow Z$
Not a real error.

./Block_20theory_20ch1.md.tex:40: Preview: Snippet 35 ended.(447828+127431x2950801).
<-><->
      
l.40 $\gamma:G \rightarrow Z$
                             
Not a real error.

[35]
./Block_20theory_20ch1.md.tex:41: Preview: Snippet 36 started.
<-><->
      
l.41 $
      z \in Z$
Not a real error.

./Block_20theory_20ch1.md.tex:41: Preview: Snippet 36 ended.(447828+25623x1628837).
<-><->
      
l.41 $z \in Z$
              
Not a real error.

[36]
./Block_20theory_20ch1.md.tex:42: Preview: Snippet 37 started.
<-><->
      
l.42 $
      \gamma(x)=(^xz)z^{-1}$
Not a real error.

./Block_20theory_20ch1.md.tex:42: Preview: Snippet 37 ended.(533465+163840x4344278).
<-><->
      
l.42 $\gamma(x)=(^xz)z^{-1}$
                            
Not a real error.

[37]
./Block_20theory_20ch1.md.tex:43: Preview: Snippet 38 started.
<-><->
      
l.43 $
      H^1(G;Z)=Z^1(G;Z)/B^1(G;Z)$
Not a real error.

./Block_20theory_20ch1.md.tex:43: Preview: Snippet 38 ended.(533465+163840x9137304).
<-><->
      
l.43 $H^1(G;Z)=Z^1(G;Z)/B^1(G;Z)$
                                 
Not a real error.

[38]
./Block_20theory_20ch1.md.tex:44: Preview: Snippet 39 started.
<-><->
      
l.44 $
      H^2(G;Z)=Z^2(G;Z)/B^1(G;Z)$
Not a real error.

./Block_20theory_20ch1.md.tex:44: Preview: Snippet 39 ended.(533465+163840x9137304).
<-><->
      
l.44 $H^2(G;Z)=Z^2(G;Z)/B^1(G;Z)$
                                 
Not a real error.

[39]
./Block_20theory_20ch1.md.tex:45: Preview: Snippet 40 started.
<-><->
      
l.45 $
      H^i(G;Z)$
Not a real error.

./Block_20theory_20ch1.md.tex:45: Preview: Snippet 40 ended.(541383+163840x2626724).
<-><->
      
l.45 $H^i(G;Z)$
               
Not a real error.

[40]
./Block_20theory_20ch1.md.tex:46: Preview: Snippet 41 started.
<-><->
      
l.46 $
      Ext_{\mathbb{Z}[G]}^i(\mathbb{Z},Z)$
Not a real error.

./Block_20theory_20ch1.md.tex:46: Preview: Snippet 41 ended.(541383+325779x3908284).
<-><->
      
l.46 $Ext_{\mathbb{Z}[G]}^i(\mathbb{Z},Z)$
                                          
Not a real error.

[41]
./Block_20theory_20ch1.md.tex:47: Preview: Snippet 42 started.
<-><->
      
l.47 $
      G$
Not a real error.

./Block_20theory_20ch1.md.tex:47: Preview: Snippet 42 ended.(447828+0x515276).
<-><->
      
l.47 $G$
        
Not a real error.

[42]
./Block_20theory_20ch1.md.tex:48: Preview: Snippet 43 started.
<-><->
      
l.48 $
      $
Not a real error.

./Block_20theory_20ch1.md.tex:50: Preview: Snippet 43 ended.(786432+0x22609920).
<-><->
      
l.50 $$
       
Not a real error.

[43]
./Block_20theory_20ch1.md.tex:51: Preview: Snippet 44 started.
<-><->
      
l.51 $
      \widehat{x}\cdot\widehat{y}=\alpha(x,y)\widehat{xy}$
Not a real error.

./Block_20theory_20ch1.md.tex:51: Preview: Snippet 44 ended.(491520+163840x4727911).
<-><->
      
l.51 ...}\cdot\widehat{y}=\alpha(x,y)\widehat{xy}$
                                                  
Not a real error.

[44]
./Block_20theory_20ch1.md.tex:52: Preview: Snippet 45 started.
<-><->
      
l.52 $
      G-module$
Not a real error.

./Block_20theory_20ch1.md.tex:52: Preview: Snippet 45 ended.(455111+54613x3439216).
<-><->
      
l.52 $G-module$
               
Not a real error.

[45]
./Block_20theory_20ch1.md.tex:53: Preview: Snippet 46 started.
<-><->
      
l.53 $
      G-algebra$
Not a real error.

./Block_20theory_20ch1.md.tex:53: Preview: Snippet 46 ended.(455111+127431x3453926).
<-><->
      
l.53 $G-algebra$
                
Not a real error.

[46]
./Block_20theory_20ch1.md.tex:54: Preview: Snippet 47 started.
<-><->
      
l.54 $
      A$
Not a real error.

./Block_20theory_20ch1.md.tex:54: Preview: Snippet 47 ended.(447828+0x491521).
<-><->
      
l.54 $A$
        
Not a real error.

[47]
./Block_20theory_20ch1.md.tex:55: Preview: Snippet 48 started.
<-><->
      
l.55 $
      G-action$
Not a real error.

./Block_20theory_20ch1.md.tex:55: Preview: Snippet 48 ended.(447828+54613x3119769).
<-><->
      
l.55 $G-action$
               
Not a real error.

[48]
./Block_20theory_20ch1.md.tex:56: Preview: Snippet 49 started.
<-><->
      
l.56 $
      G \rightarrow A^\times$
Not a real error.

./Block_20theory_20ch1.md.tex:56: Preview: Snippet 49 ended.(521815+0x2468607).
<-><->
      
l.56 $G \rightarrow A^\times$
                             
Not a real error.

[49]
./Block_20theory_20ch1.md.tex:57: Preview: Snippet 50 started.
<-><->
      
l.57 $
      A \rightarrow B$
Not a real error.

./Block_20theory_20ch1.md.tex:57: Preview: Snippet 50 ended.(447828+0x2040939).
<-><->
      
l.57 $A \rightarrow B$
                      
Not a real error.

[50]
./Block_20theory_20ch1.md.tex:58: Preview: Snippet 51 started.
<-><->
      
l.58 $
      G-action$
Not a real error.

./Block_20theory_20ch1.md.tex:58: Preview: Snippet 51 ended.(447828+54613x3119769).
<-><->
      
l.58 $G-action$
               
Not a real error.

[51]
./Block_20theory_20ch1.md.tex:59: Preview: Snippet 52 started.
<-><->
      
l.59 $
      G-algebra$
Not a real error.

./Block_20theory_20ch1.md.tex:59: Preview: Snippet 52 ended.(455111+127431x3453926).
<-><->
      
l.59 $G-algebra$
                
Not a real error.

[52]
./Block_20theory_20ch1.md.tex:60: Preview: Snippet 53 started.
<-><->
      
l.60 $
      G$
Not a real error.

./Block_20theory_20ch1.md.tex:60: Preview: Snippet 53 ended.(447828+0x515276).
<-><->
      
l.60 $G$
        
Not a real error.

[53]
./Block_20theory_20ch1.md.tex:61: Preview: Snippet 54 started.
<-><->
      
l.61 $
      A=k\mathcal{C}/I$
Not a real error.

./Block_20theory_20ch1.md.tex:61: Preview: Snippet 54 ended.(491520+163840x2777631).
<-><->
      
l.61 $A=k\mathcal{C}/I$
                       
Not a real error.

[54]
./Block_20theory_20ch1.md.tex:62: Preview: Snippet 55 started.
<-><->
      
l.62 $
      I$
Not a real error.

./Block_20theory_20ch1.md.tex:62: Preview: Snippet 55 ended.(447828+0x339512).
<-><->
      
l.62 $I$
        
Not a real error.

[55]
./Block_20theory_20ch1.md.tex:63: Preview: Snippet 56 started.
<-><->
      
l.63 $
      Z(k[G])$
Not a real error.

./Block_20theory_20ch1.md.tex:63: Preview: Snippet 56 ended.(491520+163840x2245157).
<-><->
      
l.63 $Z(k[G])$
              
Not a real error.

[56]
./Block_20theory_20ch1.md.tex:64: Preview: Snippet 57 started.
<-><->
      
l.64 $
      k[G]$
Not a real error.

./Block_20theory_20ch1.md.tex:64: Preview: Snippet 57 ended.(491520+163840x1241180).
<-><->
      
l.64 $k[G]$
           
Not a real error.

[57]
./Block_20theory_20ch1.md.tex:65: Preview: Snippet 58 started.
<-><->
      
l.65 $
      G$
Not a real error.

./Block_20theory_20ch1.md.tex:65: Preview: Snippet 58 ended.(447828+0x515276).
<-><->
      
l.65 $G$
        
Not a real error.

[58]
./Block_20theory_20ch1.md.tex:66: Preview: Snippet 59 started.
<-><->
      
l.66 $
      \mathcal{K}$
Not a real error.

./Block_20theory_20ch1.md.tex:66: Preview: Snippet 59 ended.(447828+0x508817).
<-><->
      
l.66 $\mathcal{K}$
                  
Not a real error.

[59]
./Block_20theory_20ch1.md.tex:67: Preview: Snippet 60 started.
<-><->
      
l.67 $
      G$
Not a real error.

./Block_20theory_20ch1.md.tex:67: Preview: Snippet 60 ended.(447828+0x515276).
<-><->
      
l.67 $G$
        
Not a real error.

[60]
./Block_20theory_20ch1.md.tex:68: Preview: Snippet 61 started.
<-><->
      
l.68 $
      C \subset G$
Not a real error.

./Block_20theory_20ch1.md.tex:68: Preview: Snippet 61 ended.(447828+25623x1904358).
<-><->
      
l.68 $C \subset G$
                  
Not a real error.

[61]
./Block_20theory_20ch1.md.tex:69: Preview: Snippet 62 started.
<-><->
      
l.69 $
      \overline{C}=\sum_{c\in C}c$
Not a real error.

./Block_20theory_20ch1.md.tex:69: Preview: Snippet 62 ended.(578893+231327x3501858).
<-><->
      
l.69 $\overline{C}=\sum_{c\in C}c$
                                  
Not a real error.

[62]
./Block_20theory_20ch1.md.tex:70: Preview: Snippet 63 started.
<-><->
      
l.70 $
      z \in Z(k[G])$
Not a real error.

./Block_20theory_20ch1.md.tex:70: Preview: Snippet 63 ended.(491520+163840x3379743).
<-><->
      
l.70 $z \in Z(k[G])$
                    
Not a real error.

[63]
./Block_20theory_20ch1.md.tex:71: Preview: Snippet 64 started.
<-><->
      
l.71 $
      \sum_{C \in \mathcal{K}}\lambda_C\overline{C}$
Not a real error.

./Block_20theory_20ch1.md.tex:71: Preview: Snippet 64 ended.(578893+231327x3333824).
<-><->
      
l.71 ..._{C \in \mathcal{K}}\lambda_C\overline{C}$
                                                  
Not a real error.

[64]
./Block_20theory_20ch1.md.tex:72: Preview: Snippet 65 started.
<-><->
      
l.72 $
      A$
Not a real error.

./Block_20theory_20ch1.md.tex:72: Preview: Snippet 65 ended.(447828+0x491521).
<-><->
      
l.72 $A$
        
Not a real error.

[65]
./Block_20theory_20ch1.md.tex:73: Preview: Snippet 66 started.
<-><->
      
l.73 $
      Z(B)$
Not a real error.

./Block_20theory_20ch1.md.tex:73: Preview: Snippet 66 ended.(491520+163840x1533954).
<-><->
      
l.73 $Z(B)$
           
Not a real error.

[66]
./Block_20theory_20ch1.md.tex:74: Preview: Snippet 67 started.
<-><->
      
l.74 $
      Z(B)$
Not a real error.

./Block_20theory_20ch1.md.tex:74: Preview: Snippet 67 ended.(491520+163840x1533954).
<-><->
      
l.74 $Z(B)$
           
Not a real error.

[67]
./Block_20theory_20ch1.md.tex:75: Preview: Snippet 68 started.
<-><->
      
l.75 $
      B$
Not a real error.

./Block_20theory_20ch1.md.tex:75: Preview: Snippet 68 ended.(447828+0x529977).
<-><->
      
l.75 $B$
        
Not a real error.

[68]
./Block_20theory_20ch1.md.tex:76: Preview: Snippet 69 started.
<-><->
      
l.76 $
      1 \otimes B$
Not a real error.

./Block_20theory_20ch1.md.tex:76: Preview: Snippet 69 ended.(447828+54613x1658648).
<-><->
      
l.76 $1 \otimes B$
                  
Not a real error.

[69]
./Block_20theory_20ch1.md.tex:77: Preview: Snippet 70 started.
<-><->
      
l.77 $
      A \otimes_k B$
Not a real error.

./Block_20theory_20ch1.md.tex:77: Preview: Snippet 70 ended.(447828+98303x2144936).
<-><->
      
l.77 $A \otimes_k B$
                    
Not a real error.

[70]
./Block_20theory_20ch1.md.tex:78: Preview: Snippet 71 started.
<-><->
      
l.78 $
      A \otimes_k Z(B)$
Not a real error.

./Block_20theory_20ch1.md.tex:78: Preview: Snippet 71 ended.(491520+163840x3148913).
<-><->
      
l.78 $A \otimes_k Z(B)$
                       
Not a real error.

[71]
./Block_20theory_20ch1.md.tex:79: Preview: Snippet 72 started.
<-><->
      
l.79 $
      Z(A \otimes_k B)= Z(A) \otimes_k Z(B)$
Not a real error.

./Block_20theory_20ch1.md.tex:79: Preview: Snippet 72 ended.(491520+163840x8175609).
<-><->
      
l.79 $Z(A \otimes_k B)= Z(A) \otimes_k Z(B)$
                                            
Not a real error.

[72]
./Block_20theory_20ch1.md.tex:80: Preview: Snippet 73 started.
<-><->
      
l.80 $
      \{a_i\}_{i \in I}$
Not a real error.

./Block_20theory_20ch1.md.tex:80: Preview: Snippet 73 ended.(491520+163840x2059246).
<-><->
      
l.80 $\{a_i\}_{i \in I}$
                        
Not a real error.

[73]
./Block_20theory_20ch1.md.tex:81: Preview: Snippet 74 started.
<-><->
      
l.81 $
      A$
Not a real error.

./Block_20theory_20ch1.md.tex:81: Preview: Snippet 74 ended.(447828+0x491521).
<-><->
      
l.81 $A$
        
Not a real error.

[74]
./Block_20theory_20ch1.md.tex:82: Preview: Snippet 75 started.
<-><->
      
l.82 $
      \{z_j\}_{j \in J}$
Not a real error.

./Block_20theory_20ch1.md.tex:82: Preview: Snippet 75 ended.(491520+187504x2198816).
<-><->
      
l.82 $\{z_j\}_{j \in J}$
                        
Not a real error.

[75]
./Block_20theory_20ch1.md.tex:83: Preview: Snippet 76 started.
<-><->
      
l.83 $
      Z(B)$
Not a real error.

./Block_20theory_20ch1.md.tex:83: Preview: Snippet 76 ended.(491520+163840x1533954).
<-><->
      
l.83 $Z(B)$
           
Not a real error.

[76]
./Block_20theory_20ch1.md.tex:84: Preview: Snippet 77 started.
<-><->
      
l.84 $
      \{a_i \otimes 1_B\}_{i \in I},\{1_A \otimes z_j\}_{j \in J}$
Not a real error.

./Block_20theory_20ch1.md.tex:84: Preview: Snippet 77 ended.(491520+187504x7684653).
<-><->
      
l.84 ...}_{i \in I},\{1_A \otimes z_j\}_{j \in J}$
                                                  
Not a real error.

[77]
./Block_20theory_20ch1.md.tex:85: Preview: Snippet 78 started.
<-><->
      
l.85 $
      A \otimes_k B,A \otimes_k Z(B)$
Not a real error.

./Block_20theory_20ch1.md.tex:85: Preview: Snippet 78 ended.(491520+163840x5585118).
<-><->
      
l.85 $A \otimes_k B,A \otimes_k Z(B)$
                                     
Not a real error.

[78]
./Block_20theory_20ch1.md.tex:86: Preview: Snippet 79 started.
<-><->
      
l.86 $
      B,A$
Not a real error.

./Block_20theory_20ch1.md.tex:86: Preview: Snippet 79 ended.(447828+127431x1312767).
<-><->
      
l.86 $B,A$
          
Not a real error.

[79]
./Block_20theory_20ch1.md.tex:87: Preview: Snippet 80 started.
<-><->
      
l.87 $
      z \in A \otimes_k B$
Not a real error.

./Block_20theory_20ch1.md.tex:87: Preview: Snippet 80 ended.(447828+98303x3279522).
<-><->
      
l.87 $z \in A \otimes_k B$
                          
Not a real error.

[80]
./Block_20theory_20ch1.md.tex:88: Preview: Snippet 81 started.
<-><->
      
l.88 $
      z=\sum_{i \in I}a_i \otimes b_i$
Not a real error.

./Block_20theory_20ch1.md.tex:88: Preview: Snippet 81 ended.(491524+231327x4712719).
<-><->
      
l.88 $z=\sum_{i \in I}a_i \otimes b_i$
                                      
Not a real error.

[81]
./Block_20theory_20ch1.md.tex:89: Preview: Snippet 82 started.
<-><->
      
l.89 $
      b_i$
Not a real error.

./Block_20theory_20ch1.md.tex:89: Preview: Snippet 82 ended.(455111+98303x499446).
<-><->
      
l.89 $b_i$
          
Not a real error.

[82]
./Block_20theory_20ch1.md.tex:90: Preview: Snippet 83 started.
<-><->
      
l.90 $
      z$
Not a real error.

./Block_20theory_20ch1.md.tex:90: Preview: Snippet 83 ended.(282168+0x333598).
<-><->
      
l.90 $z$
        
Not a real error.

[83]
./Block_20theory_20ch1.md.tex:91: Preview: Snippet 84 started.
<-><->
      
l.91 $
      1 \otimes_k B$
Not a real error.

./Block_20theory_20ch1.md.tex:91: Preview: Snippet 84 ended.(447828+98303x1981096).
<-><->
      
l.91 $1 \otimes_k B$
                    
Not a real error.

[84]
./Block_20theory_20ch1.md.tex:92: Preview: Snippet 85 started.
<-><->
      
l.92 $
      \sum_{i \in I}a_i \otimes bb_i=\sum_{i \in I}a_i \otimes b_ib$
Not a real error.

./Block_20theory_20ch1.md.tex:92: Preview: Snippet 85 ended.(491524+231327x8446952).
<-><->
      
l.92 ...times bb_i=\sum_{i \in I}a_i \otimes b_ib$
                                                  
Not a real error.

[85]
./Block_20theory_20ch1.md.tex:93: Preview: Snippet 86 started.
<-><->
      
l.93 $
      b_i \in Z(B)$
Not a real error.

./Block_20theory_20ch1.md.tex:93: Preview: Snippet 86 ended.(491520+163840x2834388).
<-><->
      
l.93 $b_i \in Z(B)$
                   
Not a real error.

[86]
./Block_20theory_20ch1.md.tex:94: Preview: Snippet 87 started.
<-><->
      
l.94 $
      i \in I$
Not a real error.

./Block_20theory_20ch1.md.tex:94: Preview: Snippet 87 ended.(447828+25623x1366280).
<-><->
      
l.94 $i \in I$
              
Not a real error.

[87]
./Block_20theory_20ch1.md.tex:95: Preview: Snippet 88 started.
<-><->
      
l.95 $
      z \in A \otimes_k Z(B)$
Not a real error.

./Block_20theory_20ch1.md.tex:95: Preview: Snippet 88 ended.(491520+163840x4283499).
<-><->
      
l.95 $z \in A \otimes_k Z(B)$
                             
Not a real error.

[88]
./Block_20theory_20ch1.md.tex:96: Preview: Snippet 89 started.
<-><->
      
l.96 $
      z \in Z(A \otimes_k B)$
Not a real error.

./Block_20theory_20ch1.md.tex:96: Preview: Snippet 89 ended.(491520+163840x4283499).
<-><->
      
l.96 $z \in Z(A \otimes_k B)$
                             
Not a real error.

[89]
./Block_20theory_20ch1.md.tex:97: Preview: Snippet 90 started.
<-><->
      
l.97 $
      z \in A \otimes_k Z(B)$
Not a real error.

./Block_20theory_20ch1.md.tex:97: Preview: Snippet 90 ended.(491520+163840x4283499).
<-><->
      
l.97 $z \in A \otimes_k Z(B)$
                             
Not a real error.

[90]
./Block_20theory_20ch1.md.tex:98: Preview: Snippet 91 started.
<-><->
      
l.98 $
      z=\sum_{j \in J}c_j \otimes z_j$
Not a real error.

./Block_20theory_20ch1.md.tex:98: Preview: Snippet 91 ended.(491524+285812x4912594).
<-><->
      
l.98 $z=\sum_{j \in J}c_j \otimes z_j$
                                      
Not a real error.

[91]
./Block_20theory_20ch1.md.tex:99: Preview: Snippet 92 started.
<-><->
      
l.99 $
      c_j$
Not a real error.

./Block_20theory_20ch1.md.tex:99: Preview: Snippet 92 ended.(282168+187504x559751).
<-><->
      
l.99 $c_j$
          
Not a real error.

[92]
./Block_20theory_20ch1.md.tex:100: Preview: Snippet 93 started.
<-><->
      
l.100 $
       Z(k[G \times H])=Z(k[G]) \otimes Z(k[H])$
Not a real error.

./Block_20theory_20ch1.md.tex:100: Preview: Snippet 93 ended.(491520+163840x9892009).
<-><->
      
l.100 $Z(k[G \times H])=Z(k[G]) \otimes Z(k[H])$
                                                
Not a real error.

[93]
./Block_20theory_20ch1.md.tex:101: Preview: Snippet 94 started.
<-><->
      
l.101 $
       H \leq G$
Not a real error.

./Block_20theory_20ch1.md.tex:101: Preview: Snippet 94 ended.(447828+89110x1987096).
<-><->
      
l.101 $H \leq G$
                
Not a real error.

[94]
./Block_20theory_20ch1.md.tex:102: Preview: Snippet 95 started.
<-><->
      
l.102 $
       Z(k_{\alpha}[G])$
Not a real error.

./Block_20theory_20ch1.md.tex:102: Preview: Snippet 95 ended.(491520+163840x2598000).
<-><->
      
l.102 $Z(k_{\alpha}[G])$
                        
Not a real error.

[95]
./Block_20theory_20ch1.md.tex:103: Preview: Snippet 96 started.
<-><->
      
l.103 $
       x$
Not a real error.

./Block_20theory_20ch1.md.tex:103: Preview: Snippet 96 ended.(282168+0x374556).
<-><->
      
l.103 $x$
         
Not a real error.

[96]
./Block_20theory_20ch1.md.tex:104: Preview: Snippet 97 started.
<-><->
      
l.104 $
       x^{-1}$
Not a real error.

./Block_20theory_20ch1.md.tex:104: Preview: Snippet 97 ended.(533465+0x1078160).
<-><->
      
l.104 $x^{-1}$
              
Not a real error.

[97]
./Block_20theory_20ch1.md.tex:105: Preview: Snippet 98 started.
<-><->
      
l.105 $
       [A,A]$
Not a real error.

./Block_20theory_20ch1.md.tex:105: Preview: Snippet 98 ended.(491520+163840x1638401).
<-><->
      
l.105 $[A,A]$
             
Not a real error.

[98]
./Block_20theory_20ch1.md.tex:106: Preview: Snippet 99 started.
<-><->
      
l.106 $
       ab-ba$
Not a real error.

./Block_20theory_20ch1.md.tex:106: Preview: Snippet 99 ended.(455111+54613x2056338).
<-><->
      
l.106 $ab-ba$
             
Not a real error.

[99]
./Block_20theory_20ch1.md.tex:107: Preview: Snippet 100 started.
<-><->
      
l.107 $
       a,b \in A$
Not a real error.

./Block_20theory_20ch1.md.tex:107: Preview: Snippet 100 ended.(455111+127431x2211452).
<-><->
      
l.107 $a,b \in A$
                 
Not a real error.

[100]
./Block_20theory_20ch1.md.tex:108: Preview: Snippet 101 started.
<-><->
      
l.108 $
       [A,A]$
Not a real error.

./Block_20theory_20ch1.md.tex:108: Preview: Snippet 101 ended.(491520+163840x1638401).
<-><->
      
l.108 $[A,A]$
             
Not a real error.

[101]
./Block_20theory_20ch1.md.tex:109: Preview: Snippet 102 started.
<-><->
      
l.109 $
       Z(A)$
Not a real error.

./Block_20theory_20ch1.md.tex:109: Preview: Snippet 102 ended.(491520+163840x1495498).
<-><->
      
l.109 $Z(A)$
            
Not a real error.

[102]
./Block_20theory_20ch1.md.tex:110: Preview: Snippet 103 started.
<-><->
      
l.110 $
       A/[A,A]$
Not a real error.

./Block_20theory_20ch1.md.tex:110: Preview: Snippet 103 ended.(491520+163840x2457603).
<-><->
      
l.110 $A/[A,A]$
               
Not a real error.

[103]
./Block_20theory_20ch1.md.tex:111: Preview: Snippet 104 started.
<-><->
      
l.111 $
       Z[A]$
Not a real error.

./Block_20theory_20ch1.md.tex:111: Preview: Snippet 104 ended.(491520+163840x1349862).
<-><->
      
l.111 $Z[A]$
            
Not a real error.

[104]
./Block_20theory_20ch1.md.tex:112: Preview: Snippet 105 started.
<-><->
      
l.112 $
       [k[G],k[G]]$
Not a real error.

./Block_20theory_20ch1.md.tex:112: Preview: Snippet 105 ended.(491520+163840x3137719).
<-><->
      
l.112 $[k[G],k[G]]$
                   
Not a real error.

[105]
./Block_20theory_20ch1.md.tex:113: Preview: Snippet 106 started.
<-><->
      
l.113 $
       [x,y]=xy-yx,\  x,y \in G$
Not a real error.

./Block_20theory_20ch1.md.tex:113: Preview: Snippet 106 ended.(491520+163840x7324877).
<-><->
      
l.113 $[x,y]=xy-yx,\  x,y \in G$
                                
Not a real error.

[106]
./Block_20theory_20ch1.md.tex:114: Preview: Snippet 107 started.
<-><->
      
l.114 $
       x,x'$
Not a real error.

./Block_20theory_20ch1.md.tex:114: Preview: Snippet 107 ended.(492688+127431x1224246).
<-><->
      
l.114 $x,x'$
            
Not a real error.

[107]
./Block_20theory_20ch1.md.tex:115: Preview: Snippet 108 started.
<-><->
      
l.115 $
       x-x' \in [k[G],k[G]]$
Not a real error.

./Block_20theory_20ch1.md.tex:115: Preview: Snippet 108 ended.(492688+163840x5672674).
<-><->
      
l.115 $x-x' \in [k[G],k[G]]$
                            
Not a real error.

[108]
./Block_20theory_20ch1.md.tex:116: Preview: Snippet 109 started.
<-><->
      
l.116 $
       [x,x']$
Not a real error.

./Block_20theory_20ch1.md.tex:116: Preview: Snippet 109 ended.(492688+163840x1588336).
<-><->
      
l.116 $[x,x']$
              
Not a real error.

[109]
./Block_20theory_20ch1.md.tex:117: Preview: Snippet 110 started.
<-><->
      
l.117 $
       [k[G],k[G]]$
Not a real error.

./Block_20theory_20ch1.md.tex:117: Preview: Snippet 110 ended.(491520+163840x3137719).
<-><->
      
l.117 $[k[G],k[G]]$
                   
Not a real error.

[110]
./Block_20theory_20ch1.md.tex:118: Preview: Snippet 111 started.
<-><->
      
l.118 $
       k[G]/[k[G],k[G]] \simeq Z(k[G])^*$
Not a real error.

./Block_20theory_20ch1.md.tex:118: Preview: Snippet 111 ended.(491520+163840x8126827).
<-><->
      
l.118 $k[G]/[k[G],k[G]] \simeq Z(k[G])^*$
                                         
Not a real error.

[111]
./Block_20theory_20ch1.md.tex:119: Preview: Snippet 112 started.
<-><->
      
l.119 $
       x+[k[G],k[G]] \mapsto \sigma$
Not a real error.

./Block_20theory_20ch1.md.tex:119: Preview: Snippet 112 ended.(491520+163840x5730700).
<-><->
      
l.119 $x+[k[G],k[G]] \mapsto \sigma$
                                    
Not a real error.

[112]
./Block_20theory_20ch1.md.tex:120: Preview: Snippet 113 started.
<-><->
      
l.120 $
       \sigma \in Z(k[G])^*$
Not a real error.

./Block_20theory_20ch1.md.tex:120: Preview: Snippet 113 ended.(491520+163840x3745423).
<-><->
      
l.120 $\sigma \in Z(k[G])^*$
                            
Not a real error.

[113]
./Block_20theory_20ch1.md.tex:121: Preview: Snippet 114 started.
<-><->
      
l.121 $
       x^{-1}$
Not a real error.

./Block_20theory_20ch1.md.tex:121: Preview: Snippet 114 ended.(533465+0x1078160).
<-><->
      
l.121 $x^{-1}$
              
Not a real error.

[114]
./Block_20theory_20ch1.md.tex:122: Preview: Snippet 115 started.
<-><->
      
l.122 $
       (k[G]/[k[G],k[G]])^* \simeq Z(k[G])$
Not a real error.

./Block_20theory_20ch1.md.tex:122: Preview: Snippet 115 ended.(491520+163840x8636553).
<-><->
      
l.122 $(k[G]/[k[G],k[G]])^* \simeq Z(k[G])$
                                           
Not a real error.

[115]
./Block_20theory_20ch1.md.tex:123: Preview: Snippet 116 started.
<-><->
      
l.123 $
       \phi \in (k[G]/[k[G],k[G]])^*$
Not a real error.

./Block_20theory_20ch1.md.tex:123: Preview: Snippet 116 ended.(491520+163840x6709064).
<-><->
      
l.123 $\phi \in (k[G]/[k[G],k[G]])^*$
                                     
Not a real error.

[116]
./Block_20theory_20ch1.md.tex:124: Preview: Snippet 117 started.
<-><->
      
l.124 $
       \sum_{g \in G} \phi(g^{-1})g$
Not a real error.

./Block_20theory_20ch1.md.tex:124: Preview: Snippet 117 ended.(533465+285812x4143105).
<-><->
      
l.124 $\sum_{g \in G} \phi(g^{-1})g$
                                    
Not a real error.

[117]
./Block_20theory_20ch1.md.tex:125: Preview: Snippet 118 started.
<-><->
      
l.125 $
       A,B$
Not a real error.

./Block_20theory_20ch1.md.tex:125: Preview: Snippet 118 ended.(447828+127431x1312767).
<-><->
      
l.125 $A,B$
           
Not a real error.

[118]
./Block_20theory_20ch1.md.tex:126: Preview: Snippet 119 started.
<-><->
      
l.126 $
       [A \otimes_k B,A \otimes_k B]=A \otimes [B,B]+[A,A] \otimes B$
Not a real error.

./Block_20theory_20ch1.md.tex:126: Preview: Snippet 119 ended.(491520+163840x12597219).
<-><->
      
l.126 ...mes_k B]=A \otimes [B,B]+[A,A] \otimes B$
                                                  
Not a real error.

[119]
./Block_20theory_20ch1.md.tex:127: Preview: Snippet 120 started.
<-><->
      
l.127 $
       A$
Not a real error.

./Block_20theory_20ch1.md.tex:127: Preview: Snippet 120 ended.(447828+0x491521).
<-><->
      
l.127 $A$
         
Not a real error.

[120]
./Block_20theory_20ch1.md.tex:128: Preview: Snippet 121 started.
<-><->
      
l.128 $
       M$
Not a real error.

./Block_20theory_20ch1.md.tex:128: Preview: Snippet 121 ended.(447828+0x707242).
<-><->
      
l.128 $M$
         
Not a real error.

[121]
./Block_20theory_20ch1.md.tex:129: Preview: Snippet 122 started.
<-><->
      
l.129 $
       A-A$
Not a real error.

./Block_20theory_20ch1.md.tex:129: Preview: Snippet 122 ended.(447828+54613x1784032).
<-><->
      
l.129 $A-A$
           
Not a real error.

[122]
./Block_20theory_20ch1.md.tex:130: Preview: Snippet 123 started.
<-><->
      
l.130 $
       M^A=\{m \in M | am=ma, \forall a \in A\}$
Not a real error.

./Block_20theory_20ch1.md.tex:130: Preview: Snippet 123 ended.(551306+163840x9940748).
<-><->
      
l.130 $M^A=\{m \in M | am=ma, \forall a \in A\}$
                                                
Not a real error.

[123]
./Block_20theory_20ch1.md.tex:131: Preview: Snippet 124 started.
<-><->
      
l.131 $
       [A,M]$
Not a real error.

./Block_20theory_20ch1.md.tex:131: Preview: Snippet 124 ended.(491520+163840x1854122).
<-><->
      
l.131 $[A,M]$
             
Not a real error.

[124]
./Block_20theory_20ch1.md.tex:132: Preview: Snippet 125 started.
<-><->
      
l.132 $
       M$
Not a real error.

./Block_20theory_20ch1.md.tex:132: Preview: Snippet 125 ended.(447828+0x707242).
<-><->
      
l.132 $M$
         
Not a real error.

[125]
./Block_20theory_20ch1.md.tex:133: Preview: Snippet 126 started.
<-><->
      
l.133 $
       am-ma$
Not a real error.

./Block_20theory_20ch1.md.tex:133: Preview: Snippet 126 ended.(382293+54613x2644652).
<-><->
      
l.133 $am-ma$
             
Not a real error.

[126]
./Block_20theory_20ch1.md.tex:134: Preview: Snippet 127 started.
<-><->
      
l.134 $
       End_k(U)$
Not a real error.

./Block_20theory_20ch1.md.tex:134: Preview: Snippet 127 ended.(491520+163840x2607122).
<-><->
      
l.134 $End_k(U)$
                
Not a real error.

[127]
./Block_20theory_20ch1.md.tex:135: Preview: Snippet 128 started.
<-><->
      
l.135 $
       A-A$
Not a real error.

./Block_20theory_20ch1.md.tex:135: Preview: Snippet 128 ended.(447828+54613x1784032).
<-><->
      
l.135 $A-A$
           
Not a real error.

[128]
./Block_20theory_20ch1.md.tex:136: Preview: Snippet 129 started.
<-><->
      
l.136 $
       U$
Not a real error.

./Block_20theory_20ch1.md.tex:136: Preview: Snippet 129 ended.(447828+0x518916).
<-><->
      
l.136 $U$
         
Not a real error.

[129]
./Block_20theory_20ch1.md.tex:137: Preview: Snippet 130 started.
<-><->
      
l.137 $
       End_k(U)^A=End_A(U)$
Not a real error.

./Block_20theory_20ch1.md.tex:137: Preview: Snippet 130 ended.(551306+163840x6619394).
<-><->
      
l.137 $End_k(U)^A=End_A(U)$
                           
Not a real error.

[130]
./Block_20theory_20ch1.md.tex:138: Preview: Snippet 131 started.
<-><->
      
l.138 $
       G$
Not a real error.

./Block_20theory_20ch1.md.tex:138: Preview: Snippet 131 ended.(447828+0x515276).
<-><->
      
l.138 $G$
         
Not a real error.

[131]
./Block_20theory_20ch1.md.tex:139: Preview: Snippet 132 started.
<-><->
      
l.139 $
       k[G]$
Not a real error.

./Block_20theory_20ch1.md.tex:139: Preview: Snippet 132 ended.(491520+163840x1241180).
<-><->
      
l.139 $k[G]$
            
Not a real error.

[132]
./Block_20theory_20ch1.md.tex:140: Preview: Snippet 133 started.
<-><->
      
l.140 $
       \epsilon:k[G] \rightarrow k$
Not a real error.

./Block_20theory_20ch1.md.tex:140: Preview: Snippet 133 ended.(491520+163840x3434573).
<-><->
      
l.140 $\epsilon:k[G] \rightarrow k$
                                   
Not a real error.

[133]
./Block_20theory_20ch1.md.tex:141: Preview: Snippet 134 started.
<-><->
      
l.141 $
       G$
Not a real error.

./Block_20theory_20ch1.md.tex:141: Preview: Snippet 134 ended.(447828+0x515276).
<-><->
      
l.141 $G$
         
Not a real error.

[134]
./Block_20theory_20ch1.md.tex:142: Preview: Snippet 135 started.
<-><->
      
l.142 $
       1_K$
Not a real error.

./Block_20theory_20ch1.md.tex:142: Preview: Snippet 135 ended.(422343+98303x832948).
<-><->
      
l.142 $1_K$
           
Not a real error.

[135]
./Block_20theory_20ch1.md.tex:143: Preview: Snippet 136 started.
<-><->
      
l.143 $
       I(k[G])=ker(\epsilon)= \{\sum_{g \in G} \lambda_g g: \sum_{g \in G} \...
Not a real error.

./Block_20theory_20ch1.md.tex:143: Preview: Snippet 136 ended.(491524+285812x13442263).
<-><->
      
l.143 ...lambda_g g: \sum_{g \in G} \lambda_g=0\}$
                                                  
Not a real error.

[136]
./Block_20theory_20ch1.md.tex:144: Preview: Snippet 137 started.
<-><->
      
l.144 $
       G,H$
Not a real error.

./Block_20theory_20ch1.md.tex:144: Preview: Snippet 137 ended.(447828+127431x1404559).
<-><->
      
l.144 $G,H$
           
Not a real error.

[137]
./Block_20theory_20ch1.md.tex:145: Preview: Snippet 138 started.
<-><->
      
l.145 $
       \phi:G \rightarrow H$
Not a real error.

./Block_20theory_20ch1.md.tex:145: Preview: Snippet 138 ended.(455111+127431x3069342).
<-><->
      
l.145 $\phi:G \rightarrow H$
                            
Not a real error.

[138]
./Block_20theory_20ch1.md.tex:146: Preview: Snippet 139 started.
<-><->
      
l.146 $
       \alpha:k[G] \rightarrow k[H]$
Not a real error.

./Block_20theory_20ch1.md.tex:146: Preview: Snippet 139 ended.(491520+163840x4552325).
<-><->
      
l.146 $\alpha:k[G] \rightarrow k[H]$
                                    
Not a real error.

[139]
./Block_20theory_20ch1.md.tex:147: Preview: Snippet 140 started.
<-><->
      
l.147 $
       N=ker(\alpha)$
Not a real error.

./Block_20theory_20ch1.md.tex:147: Preview: Snippet 140 ended.(491520+163840x3384050).
<-><->
      
l.147 $N=ker(\alpha)$
                     
Not a real error.

[140]
./Block_20theory_20ch1.md.tex:148: Preview: Snippet 141 started.
<-><->
      
l.148 $
       ker(\alpha)=k[G] \cdot I(k[G])=I(k[N])k[G]$
Not a real error.

./Block_20theory_20ch1.md.tex:148: Preview: Snippet 141 ended.(491520+163840x10879085).
<-><->
      
l.148 $ker(\alpha)=k[G] \cdot I(k[G])=I(k[N])k[G]$
                                                  
Not a real error.

[141]
./Block_20theory_20ch1.md.tex:149: Preview: Snippet 142 started.
<-><->
      
l.149 $
       A$
Not a real error.

./Block_20theory_20ch1.md.tex:149: Preview: Snippet 142 ended.(447828+0x491521).
<-><->
      
l.149 $A$
         
Not a real error.

[142]
./Block_20theory_20ch1.md.tex:150: Preview: Snippet 143 started.
<-><->
      
l.150 $
       \mu:A \otimes_k A \rightarrow A$
Not a real error.

./Block_20theory_20ch1.md.tex:150: Preview: Snippet 143 ended.(447828+127431x4558453).
<-><->
      
l.150 $\mu:A \otimes_k A \rightarrow A$
                                       
Not a real error.

[143]
./Block_20theory_20ch1.md.tex:151: Preview: Snippet 144 started.
<-><->
      
l.151 $
       \mu(a \otimes b)=ab$
Not a real error.

./Block_20theory_20ch1.md.tex:151: Preview: Snippet 144 ended.(491520+163840x3834756).
<-><->
      
l.151 $\mu(a \otimes b)=ab$
                           
Not a real error.

[144]
./Block_20theory_20ch1.md.tex:152: Preview: Snippet 145 started.
<-><->
      
l.152 $
       \mu$
Not a real error.

./Block_20theory_20ch1.md.tex:152: Preview: Snippet 145 ended.(282168+127431x394886).
<-><->
      
l.152 $\mu$
           
Not a real error.

[145]
./Block_20theory_20ch1.md.tex:153: Preview: Snippet 146 started.
<-><->
      
l.153 $
       A-A$
Not a real error.

./Block_20theory_20ch1.md.tex:153: Preview: Snippet 146 ended.(447828+54613x1784032).
<-><->
      
l.153 $A-A$
           
Not a real error.

[146]
./Block_20theory_20ch1.md.tex:154: Preview: Snippet 147 started.
<-><->
      
l.154 $
       \Delta:k[G] \rightarrow k[G] \otimes_k k[G] \simeq k[G \times G]$
Not a real error.

./Block_20theory_20ch1.md.tex:154: Preview: Snippet 147 ended.(491520+163840x10389931).
<-><->
      
l.154 ...k[G] \otimes_k k[G] \simeq k[G \times G]$
                                                  
Not a real error.

[147]
./Block_20theory_20ch1.md.tex:155: Preview: Snippet 148 started.
<-><->
      
l.155 $
       \Delta:G \rightarrow G \times G$
Not a real error.

./Block_20theory_20ch1.md.tex:155: Preview: Snippet 148 ended.(447828+54613x4458519).
<-><->
      
l.155 $\Delta:G \rightarrow G \times G$
                                       
Not a real error.

[148]
./Block_20theory_20ch1.md.tex:156: Preview: Snippet 149 started.
<-><->
      
l.156 $
       g \mapsto (g,g)$
Not a real error.

./Block_20theory_20ch1.md.tex:156: Preview: Snippet 149 ended.(491520+163840x2828733).
<-><->
      
l.156 $g \mapsto (g,g)$
                       
Not a real error.

[149]
./Block_20theory_20ch1.md.tex:157: Preview: Snippet 150 started.
<-><->
      
l.157 $
       l:k[G] \simeq k[G]^{op}$
Not a real error.

./Block_20theory_20ch1.md.tex:157: Preview: Snippet 150 ended.(491520+163840x4672348).
<-><->
      
l.157 $l:k[G] \simeq k[G]^{op}$
                               
Not a real error.

[150]
./Block_20theory_20ch1.md.tex:158: Preview: Snippet 151 started.
<-><->
      
l.158 $
       g \rightarrow g^{-1}$
Not a real error.

./Block_20theory_20ch1.md.tex:158: Preview: Snippet 151 ended.(533465+127431x2395243).
<-><->
      
l.158 $g \rightarrow g^{-1}$
                            
Not a real error.

[151]
./Block_20theory_20ch1.md.tex:159: Preview: Snippet 152 started.
<-><->
      
l.159 $
       l \circ l =id_{k[G]}$
Not a real error.

./Block_20theory_20ch1.md.tex:159: Preview: Snippet 152 ended.(455111+233018x3503729).
<-><->
      
l.159 $l \circ l =id_{k[G]}$
                            
Not a real error.

[152]
./Block_20theory_20ch1.md.tex:160: Preview: Snippet 153 started.
<-><->
      
l.160 $
       \eta:k \rightarrow k[G]$
Not a real error.

./Block_20theory_20ch1.md.tex:160: Preview: Snippet 153 ended.(491520+163840x3517479).
<-><->
      
l.160 $\eta:k \rightarrow k[G]$
                               
Not a real error.

[153]
./Block_20theory_20ch1.md.tex:161: Preview: Snippet 154 started.
<-><->
      
l.161 $
       1_k \mapsto 1$
Not a real error.

./Block_20theory_20ch1.md.tex:161: Preview: Snippet 154 ended.(422343+98303x1997251).
<-><->
      
l.161 $1_k \mapsto 1$
                     
Not a real error.

[154]
./Block_20theory_20ch1.md.tex:162: Preview: Snippet 155 started.
<-><->
      
l.162 $
       \mu \circ (id \otimes eta)=id=\mu \circ (\eta \otimes id)$
Not a real error.

./Block_20theory_20ch1.md.tex:162: Preview: Snippet 155 ended.(491520+163840x9334510).
<-><->
      
l.162 ...imes eta)=id=\mu \circ (\eta \otimes id)$
                                                  
Not a real error.

[155]
./Block_20theory_20ch1.md.tex:163: Preview: Snippet 156 started.
<-><->
      
l.163 $
       \mu \circ (\mu \otimes id)=\mu \circ (if \otimes \mu):k[G] \otimes_k ...
Not a real error.

./Block_20theory_20ch1.md.tex:163: Preview: Snippet 156 ended.(491520+163840x16273898).
<-><->
      
l.163 ...s_k k[G] \otimes_k k[G] \rightarrow k[G]$
                                                  
Not a real error.

[156]
./Block_20theory_20ch1.md.tex:164: Preview: Snippet 157 started.
<-><->
      
l.164 $
       (id \otimes \epsilon) \circ \delta = id = (\epsilon \otimes id) \circ...
Not a real error.

./Block_20theory_20ch1.md.tex:164: Preview: Snippet 157 ended.(491520+163840x8701827).
<-><->
      
l.164 ... id = (\epsilon \otimes id) \circ \Delta$
                                                  
Not a real error.

[157]
./Block_20theory_20ch1.md.tex:165: Preview: Snippet 158 started.
<-><->
      
l.165 $
       (\Delta \otimes id) \circ \Delta = (id \otimes \Delta) \circ \Delta: ...
Not a real error.

./Block_20theory_20ch1.md.tex:165: Preview: Snippet 158 ended.(491520+163840x16828602).
<-><->
      
l.165 ...arrow k[G] \otimes_k k[G] \otimes_k k[G]$
                                                  
Not a real error.

[158]
./Block_20theory_20ch1.md.tex:166: Preview: Snippet 159 started.
<-><->
      
l.166 $
       \mu \circ (id \otimes l) \circ \Delta=\eta \circ \epsilon=\mu \circ (...
Not a real error.

./Block_20theory_20ch1.md.tex:166: Preview: Snippet 159 ended.(491520+163840x15559325).
<-><->
      
l.166 ...s id) \circ \Delta:k[G] \rightarrow k[G]$
                                                  
Not a real error.

[159]
./Block_20theory_20ch1.md.tex:167: Preview: Snippet 160 started.
<-><->
      
l.167 $
       \mu$
Not a real error.

./Block_20theory_20ch1.md.tex:167: Preview: Snippet 160 ended.(282168+127431x394886).
<-><->
      
l.167 $\mu$
           
Not a real error.

[160]
./Block_20theory_20ch1.md.tex:168: Preview: Snippet 161 started.
<-><->
      
l.168 $
       A$
Not a real error.

./Block_20theory_20ch1.md.tex:168: Preview: Snippet 161 ended.(447828+0x491521).
<-><->
      
l.168 $A$
         
Not a real error.

[161]
./Block_20theory_20ch1.md.tex:169: Preview: Snippet 162 started.
<-><->
      
l.169 $
       k$
Not a real error.

./Block_20theory_20ch1.md.tex:169: Preview: Snippet 162 ended.(455111+0x361814).
<-><->
      
l.169 $k$
         
Not a real error.

[162]
./Block_20theory_20ch1.md.tex:170: Preview: Snippet 163 started.
<-><->
      
l.170 $
       g \mapsto \alpha(g,g^{-1})g^{-1}$
Not a real error.

./Block_20theory_20ch1.md.tex:170: Preview: Snippet 163 ended.(533465+163840x4993701).
<-><->
      
l.170 $g \mapsto \alpha(g,g^{-1})g^{-1}$
                                        
Not a real error.

[163]
./Block_20theory_20ch1.md.tex:171: Preview: Snippet 164 started.
<-><->
      
l.171 $
       g \in G$
Not a real error.

./Block_20theory_20ch1.md.tex:171: Preview: Snippet 164 ended.(447828+127431x1652363).
<-><->
      
l.171 $g \in G$
               
Not a real error.

[164]
./Block_20theory_20ch1.md.tex:172: Preview: Snippet 165 started.
<-><->
      
l.172 $
       (k_\alpha[G])^{op} \simeq k_{\alpha^{-1}}G$
Not a real error.

./Block_20theory_20ch1.md.tex:172: Preview: Snippet 165 ended.(491520+163840x5379870).
<-><->
      
l.172 $(k_\alpha[G])^{op} \simeq k_{\alpha^{-1}}G$
                                                  
Not a real error.

[165]
./Block_20theory_20ch1.md.tex:173: Preview: Snippet 166 started.
<-><->
      
l.173 $
       \gamma=\alpha\beta$
Not a real error.

./Block_20theory_20ch1.md.tex:173: Preview: Snippet 166 ended.(455111+127431x2076451).
<-><->
      
l.173 $\gamma=\alpha\beta$
                          
Not a real error.

[166]
./Block_20theory_20ch1.md.tex:174: Preview: Snippet 167 started.
<-><->
      
l.174 $
       k_\gamma[G] \rightarrow k_\alpha[G] \otimes_k k_\beta[G]$
Not a real error.

./Block_20theory_20ch1.md.tex:174: Preview: Snippet 167 ended.(491520+187504x6867780).
<-><->
      
l.174 ...htarrow k_\alpha[G] \otimes_k k_\beta[G]$
                                                  
Not a real error.

[167]
./Block_20theory_20ch1.md.tex:175: Preview: Snippet 168 started.
<-><->
      
l.175 $
       k_\gamma[G]$
Not a real error.

./Block_20theory_20ch1.md.tex:175: Preview: Snippet 168 ended.(491520+187504x1556819).
<-><->
      
l.175 $k_\gamma[G]$
                   
Not a real error.

[168]
./Block_20theory_20ch1.md.tex:176: Preview: Snippet 169 started.
<-><->
      
l.176 $
       k_\alpha[G] \otimes_k k_\beta[G]$
Not a real error.

./Block_20theory_20ch1.md.tex:176: Preview: Snippet 169 ended.(491520+187504x4291520).
<-><->
      
l.176 $k_\alpha[G] \otimes_k k_\beta[G]$
                                        
Not a real error.

[169]
./Block_20theory_20ch1.md.tex:177: Preview: Snippet 170 started.
<-><->
      
l.177 $
       k_\gamma[G]-k_\gamma[G]$
Not a real error.

./Block_20theory_20ch1.md.tex:177: Preview: Snippet 170 ended.(491520+187504x3914628).
<-><->
      
l.177 $k_\gamma[G]-k_\gamma[G]$
                               
Not a real error.

[170]
./Block_20theory_20ch1.md.tex:178: Preview: Snippet 171 started.
<-><->
      
l.178 $
       B,C$
Not a real error.

./Block_20theory_20ch1.md.tex:178: Preview: Snippet 171 ended.(447828+127431x1336522).
<-><->
      
l.178 $B,C$
           
Not a real error.

[171]
./Block_20theory_20ch1.md.tex:179: Preview: Snippet 172 started.
<-><->
      
l.179 $
       B \times C$
Not a real error.

./Block_20theory_20ch1.md.tex:179: Preview: Snippet 172 ended.(447828+54613x1846243).
<-><->
      
l.179 $B \times C$
                  
Not a real error.

[172]
./Block_20theory_20ch1.md.tex:180: Preview: Snippet 173 started.
<-><->
      
l.180 $
       B$
Not a real error.

./Block_20theory_20ch1.md.tex:180: Preview: Snippet 173 ended.(447828+0x529977).
<-><->
      
l.180 $B$
         
Not a real error.

[173]
./Block_20theory_20ch1.md.tex:181: Preview: Snippet 174 started.
<-><->
      
l.181 $
       C$
Not a real error.

./Block_20theory_20ch1.md.tex:181: Preview: Snippet 174 ended.(447828+0x515276).
<-><->
      
l.181 $C$
         
Not a real error.

[174]
./Block_20theory_20ch1.md.tex:182: Preview: Snippet 175 started.
<-><->
      
l.182 $
       B,C$
Not a real error.

./Block_20theory_20ch1.md.tex:182: Preview: Snippet 175 ended.(447828+127431x1336522).
<-><->
      
l.182 $B,C$
           
Not a real error.

[175]
./Block_20theory_20ch1.md.tex:183: Preview: Snippet 176 started.
<-><->
      
l.183 $
       A$
Not a real error.

./Block_20theory_20ch1.md.tex:183: Preview: Snippet 176 ended.(447828+0x491521).
<-><->
      
l.183 $A$
         
Not a real error.

[176]
./Block_20theory_20ch1.md.tex:184: Preview: Snippet 177 started.
<-><->
      
l.184 $
       B$
Not a real error.

./Block_20theory_20ch1.md.tex:184: Preview: Snippet 177 ended.(447828+0x529977).
<-><->
      
l.184 $B$
         
Not a real error.

[177]
./Block_20theory_20ch1.md.tex:185: Preview: Snippet 178 started.
<-><->
      
l.185 $
       A-A$
Not a real error.

./Block_20theory_20ch1.md.tex:185: Preview: Snippet 178 ended.(447828+54613x1784032).
<-><->
      
l.185 $A-A$
           
Not a real error.

[178]
./Block_20theory_20ch1.md.tex:186: Preview: Snippet 179 started.
<-><->
      
l.186 $
       \tau:A \rightarrow B$
Not a real error.

./Block_20theory_20ch1.md.tex:186: Preview: Snippet 179 ended.(447828+0x2947740).
<-><->
      
l.186 $\tau:A \rightarrow B$
                            
Not a real error.

[179]
./Block_20theory_20ch1.md.tex:187: Preview: Snippet 180 started.
<-><->
      
l.187 $
       A$
Not a real error.

./Block_20theory_20ch1.md.tex:187: Preview: Snippet 180 ended.(447828+0x491521).
<-><->
      
l.187 $A$
         
Not a real error.

[180]
./Block_20theory_20ch1.md.tex:188: Preview: Snippet 181 started.
<-><->
      
l.188 $
       b \in Z(A)$
Not a real error.

./Block_20theory_20ch1.md.tex:188: Preview: Snippet 181 ended.(491520+163840x2577744).
<-><->
      
l.188 $b \in Z(A)$
                  
Not a real error.

[181]
./Block_20theory_20ch1.md.tex:189: Preview: Snippet 182 started.
<-><->
      
l.189 $
       Ab:=\{ab:a \in A\}$
Not a real error.

./Block_20theory_20ch1.md.tex:189: Preview: Snippet 182 ended.(491520+163840x5296716).
<-><->
      
l.189 $Ab:=\{ab:a \in A\}$
                          
Not a real error.

[182]
./Block_20theory_20ch1.md.tex:190: Preview: Snippet 183 started.
<-><->
      
l.190 $
       b$
Not a real error.

./Block_20theory_20ch1.md.tex:190: Preview: Snippet 183 ended.(455111+0x281258).
<-><->
      
l.190 $b$
         
Not a real error.

[183]
./Block_20theory_20ch1.md.tex:191: Preview: Snippet 184 started.
<-><->
      
l.191 $
       A(1-b)$
Not a real error.

./Block_20theory_20ch1.md.tex:191: Preview: Snippet 184 ended.(491520+163840x2411176).
<-><->
      
l.191 $A(1-b)$
              
Not a real error.

[184]
./Block_20theory_20ch1.md.tex:192: Preview: Snippet 185 started.
<-><->
      
l.192 $
       A=Ab \times A(1-b)$
Not a real error.

./Block_20theory_20ch1.md.tex:192: Preview: Snippet 185 ended.(491520+163840x5350272).
<-><->
      
l.192 $A=Ab \times A(1-b)$
                          
Not a real error.

[185]
./Block_20theory_20ch1.md.tex:193: Preview: Snippet 186 started.
<-><->
      
l.193 $
       A$
Not a real error.

./Block_20theory_20ch1.md.tex:193: Preview: Snippet 186 ended.(447828+0x491521).
<-><->
      
l.193 $A$
         
Not a real error.

[186]
./Block_20theory_20ch1.md.tex:194: Preview: Snippet 187 started.
<-><->
      
l.194 $
       B$
Not a real error.

./Block_20theory_20ch1.md.tex:194: Preview: Snippet 187 ended.(447828+0x529977).
<-><->
      
l.194 $B$
         
Not a real error.

[187]
./Block_20theory_20ch1.md.tex:195: Preview: Snippet 188 started.
<-><->
      
l.195 $
       A$
Not a real error.

./Block_20theory_20ch1.md.tex:195: Preview: Snippet 188 ended.(447828+0x491521).
<-><->
      
l.195 $A$
         
Not a real error.

[188]
./Block_20theory_20ch1.md.tex:196: Preview: Snippet 189 started.
<-><->
      
l.196 $
       B$
Not a real error.

./Block_20theory_20ch1.md.tex:196: Preview: Snippet 189 ended.(447828+0x529977).
<-><->
      
l.196 $B$
         
Not a real error.

[189]
./Block_20theory_20ch1.md.tex:197: Preview: Snippet 190 started.
<-><->
      
l.197 $
       A$
Not a real error.

./Block_20theory_20ch1.md.tex:197: Preview: Snippet 190 ended.(447828+0x491521).
<-><->
      
l.197 $A$
         
Not a real error.

[190]
./Block_20theory_20ch1.md.tex:198: Preview: Snippet 191 started.
<-><->
      
l.198 $
       A-A$
Not a real error.

./Block_20theory_20ch1.md.tex:198: Preview: Snippet 191 ended.(447828+54613x1784032).
<-><->
      
l.198 $A-A$
           
Not a real error.

[191]
./Block_20theory_20ch1.md.tex:199: Preview: Snippet 192 started.
<-><->
      
l.199 $
       A=B \oplus N$
Not a real error.

./Block_20theory_20ch1.md.tex:199: Preview: Snippet 192 ended.(447828+54613x3294308).
<-><->
      
l.199 $A=B \oplus N$
                    
Not a real error.

[192]
./Block_20theory_20ch1.md.tex:200: Preview: Snippet 193 started.
<-><->
      
l.200 $
       BN \subset B \cap N \{0\}$
Not a real error.

./Block_20theory_20ch1.md.tex:200: Preview: Snippet 193 ended.(491520+163840x4841003).
<-><->
      
l.200 $BN \subset B \cap N \{0\}$
                                 
Not a real error.

[193]
./Block_20theory_20ch1.md.tex:201: Preview: Snippet 194 started.
<-><->
      
l.201 $
       1_A=b+n$
Not a real error.

./Block_20theory_20ch1.md.tex:201: Preview: Snippet 194 ended.(455111+98303x3104001).
<-><->
      
l.201 $1_A=b+n$
               
Not a real error.

[194]
./Block_20theory_20ch1.md.tex:202: Preview: Snippet 195 started.
<-><->
      
l.202 $
       b=b \cdot 1_A=b^2+bn=b^2$
Not a real error.

./Block_20theory_20ch1.md.tex:202: Preview: Snippet 195 ended.(533465+98303x7037960).
<-><->
      
l.202 $b=b \cdot 1_A=b^2+bn=b^2$
                                
Not a real error.

[195]
./Block_20theory_20ch1.md.tex:203: Preview: Snippet 196 started.
<-><->
      
l.203 $
       b$
Not a real error.

./Block_20theory_20ch1.md.tex:203: Preview: Snippet 196 ended.(455111+0x281258).
<-><->
      
l.203 $b$
         
Not a real error.

[196]
./Block_20theory_20ch1.md.tex:204: Preview: Snippet 197 started.
<-><->
      
l.204 $
       n$
Not a real error.

./Block_20theory_20ch1.md.tex:204: Preview: Snippet 197 ended.(282168+0x393370).
<-><->
      
l.204 $n$
         
Not a real error.

[197]
./Block_20theory_20ch1.md.tex:205: Preview: Snippet 198 started.
<-><->
      
l.205 $
       a=c+r$
Not a real error.

./Block_20theory_20ch1.md.tex:205: Preview: Snippet 198 ended.(382293+54613x2618699).
<-><->
      
l.205 $a=c+r$
             
Not a real error.

[198]
./Block_20theory_20ch1.md.tex:206: Preview: Snippet 199 started.
<-><->
      
l.206 $
       c \in B,r \in N$
Not a real error.

./Block_20theory_20ch1.md.tex:206: Preview: Snippet 199 ended.(447828+127431x3618723).
<-><->
      
l.206 $c \in B,r \in N$
                       
Not a real error.

[199]
./Block_20theory_20ch1.md.tex:207: Preview: Snippet 200 started.
<-><->
      
l.207 $
       a=ab+an=ba+na$
Not a real error.

./Block_20theory_20ch1.md.tex:207: Preview: Snippet 200 ended.(455111+54613x6430928).
<-><->
      
l.207 $a=ab+an=ba+na$
                     
Not a real error.

[200]
./Block_20theory_20ch1.md.tex:208: Preview: Snippet 201 started.
<-><->
      
l.208 $
       b,n \in Z(A)$
Not a real error.

./Block_20theory_20ch1.md.tex:208: Preview: Snippet 201 ended.(491520+163840x3262383).
<-><->
      
l.208 $b,n \in Z(A)$
                    
Not a real error.

[201]
./Block_20theory_20ch1.md.tex:209: Preview: Snippet 202 started.
<-><->
      
l.209 $
       B=Ab,N=An$
Not a real error.

./Block_20theory_20ch1.md.tex:209: Preview: Snippet 202 ended.(455111+127431x4824542).
<-><->
      
l.209 $B=Ab,N=An$
                 
Not a real error.

[202]
./Block_20theory_20ch1.md.tex:210: Preview: Snippet 203 started.
<-><->
      
l.210 $
       A=B \times C$
Not a real error.

./Block_20theory_20ch1.md.tex:210: Preview: Snippet 203 ended.(447828+54613x3211570).
<-><->
      
l.210 $A=B \times C$
                    
Not a real error.

[203]
./Block_20theory_20ch1.md.tex:211: Preview: Snippet 204 started.
<-><->
      
l.211 $
       1_A=(1_B,0)+(0,1_C)$
Not a real error.

./Block_20theory_20ch1.md.tex:211: Preview: Snippet 204 ended.(491520+163840x6233965).
<-><->
      
l.211 $1_A=(1_B,0)+(0,1_C)$
                           
Not a real error.

[204]
./Block_20theory_20ch1.md.tex:212: Preview: Snippet 205 started.
<-><->
      
l.212 $
       (1_B,0),(0,1_C)$
Not a real error.

./Block_20theory_20ch1.md.tex:212: Preview: Snippet 205 ended.(491520+163840x4095861).
<-><->
      
l.212 $(1_B,0),(0,1_C)$
                       
Not a real error.

[205]
./Block_20theory_20ch1.md.tex:213: Preview: Snippet 206 started.
<-><->
      
l.213 $
       Z(A)$
Not a real error.

./Block_20theory_20ch1.md.tex:213: Preview: Snippet 206 ended.(491520+163840x1495498).
<-><->
      
l.213 $Z(A)$
            
Not a real error.

[206]
./Block_20theory_20ch1.md.tex:214: Preview: Snippet 207 started.
<-><->
      
l.214 $
       b=(1_B,0)$
Not a real error.

./Block_20theory_20ch1.md.tex:214: Preview: Snippet 207 ended.(491520+163840x3062505).
<-><->
      
l.214 $b=(1_B,0)$
                 
Not a real error.

[207]
./Block_20theory_20ch1.md.tex:215: Preview: Snippet 208 started.
<-><->
      
l.215 $
       B=Ab$
Not a real error.

./Block_20theory_20ch1.md.tex:215: Preview: Snippet 208 ended.(455111+0x2176562).
<-><->
      
l.215 $B=Ab$
            
Not a real error.

[208]
./Block_20theory_20ch1.md.tex:216: Preview: Snippet 209 started.
<-><->
      
l.216 $
       B=Ab$
Not a real error.

./Block_20theory_20ch1.md.tex:216: Preview: Snippet 209 ended.(455111+0x2176562).
<-><->
      
l.216 $B=Ab$
            
Not a real error.

[209]
./Block_20theory_20ch1.md.tex:217: Preview: Snippet 210 started.
<-><->
      
l.217 $
       C=A(1-b)$
Not a real error.

./Block_20theory_20ch1.md.tex:217: Preview: Snippet 210 ended.(491520+163840x3800258).
<-><->
      
l.217 $C=A(1-b)$
                
Not a real error.

[210]
./Block_20theory_20ch1.md.tex:218: Preview: Snippet 211 started.
<-><->
      
l.218 $
       A=B \oplus C$
Not a real error.

./Block_20theory_20ch1.md.tex:218: Preview: Snippet 211 ended.(447828+54613x3211570).
<-><->
      
l.218 $A=B \oplus C$
                    
Not a real error.

[211]
./Block_20theory_20ch1.md.tex:219: Preview: Snippet 212 started.
<-><->
      
l.219 $
       A=B \times C$
Not a real error.

./Block_20theory_20ch1.md.tex:219: Preview: Snippet 212 ended.(447828+54613x3211570).
<-><->
      
l.219 $A=B \times C$
                    
Not a real error.

[212]
./Block_20theory_20ch1.md.tex:220: Preview: Snippet 213 started.
<-><->
      
l.220 $
       A$
Not a real error.

./Block_20theory_20ch1.md.tex:220: Preview: Snippet 213 ended.(447828+0x491521).
<-><->
      
l.220 $A$
         
Not a real error.

[213]
./Block_20theory_20ch1.md.tex:221: Preview: Snippet 214 started.
<-><->
      
l.221 $
       A$
Not a real error.

./Block_20theory_20ch1.md.tex:221: Preview: Snippet 214 ended.(447828+0x491521).
<-><->
      
l.221 $A$
         
Not a real error.

[214]
./Block_20theory_20ch1.md.tex:222: Preview: Snippet 215 started.
<-><->
      
l.222 $
       b$
Not a real error.

./Block_20theory_20ch1.md.tex:222: Preview: Snippet 215 ended.(455111+0x281258).
<-><->
      
l.222 $b$
         
Not a real error.

[215]
./Block_20theory_20ch1.md.tex:223: Preview: Snippet 216 started.
<-><->
      
l.223 $
       Z(A)$
Not a real error.

./Block_20theory_20ch1.md.tex:223: Preview: Snippet 216 ended.(491520+163840x1495498).
<-><->
      
l.223 $Z(A)$
            
Not a real error.

[216]
./Block_20theory_20ch1.md.tex:224: Preview: Snippet 217 started.
<-><->
      
l.224 $
       Ab$
Not a real error.

./Block_20theory_20ch1.md.tex:224: Preview: Snippet 217 ended.(455111+0x772779).
<-><->
      
l.224 $Ab$
          
Not a real error.

[217]
./Block_20theory_20ch1.md.tex:225: Preview: Snippet 218 started.
<-><->
      
l.225 $
       A$
Not a real error.

./Block_20theory_20ch1.md.tex:225: Preview: Snippet 218 ended.(447828+0x491521).
<-><->
      
l.225 $A$
         
Not a real error.

[218]
./Block_20theory_20ch1.md.tex:226: Preview: Snippet 219 started.
<-><->
      
l.226 $
       A$
Not a real error.

./Block_20theory_20ch1.md.tex:226: Preview: Snippet 219 ended.(447828+0x491521).
<-><->
      
l.226 $A$
         
Not a real error.

[219]
./Block_20theory_20ch1.md.tex:227: Preview: Snippet 220 started.
<-><->
      
l.227 $
       Z(A)$
Not a real error.

./Block_20theory_20ch1.md.tex:227: Preview: Snippet 220 ended.(491520+163840x1495498).
<-><->
      
l.227 $Z(A)$
            
Not a real error.

[220]
./Block_20theory_20ch1.md.tex:228: Preview: Snippet 221 started.
<-><->
      
l.228 $
       Z(A)$
Not a real error.

./Block_20theory_20ch1.md.tex:228: Preview: Snippet 221 ended.(491520+163840x1495498).
<-><->
      
l.228 $Z(A)$
            
Not a real error.

[221]
./Block_20theory_20ch1.md.tex:229: Preview: Snippet 222 started.
<-><->
      
l.229 $
       \mathcal{B}$
Not a real error.

./Block_20theory_20ch1.md.tex:229: Preview: Snippet 222 ended.(447828+0x450377).
<-><->
      
l.229 $\mathcal{B}$
                   
Not a real error.

[222]
./Block_20theory_20ch1.md.tex:230: Preview: Snippet 223 started.
<-><->
      
l.230 $
       A$
Not a real error.

./Block_20theory_20ch1.md.tex:230: Preview: Snippet 223 ended.(447828+0x491521).
<-><->
      
l.230 $A$
         
Not a real error.

[223]
./Block_20theory_20ch1.md.tex:231: Preview: Snippet 224 started.
<-><->
      
l.231 $
       1_A$
Not a real error.

./Block_20theory_20ch1.md.tex:231: Preview: Snippet 224 ended.(422343+98303x754577).
<-><->
      
l.231 $1_A$
           
Not a real error.

[224]
./Block_20theory_20ch1.md.tex:232: Preview: Snippet 225 started.
<-><->
      
l.232 $
       Z(A)$
Not a real error.

./Block_20theory_20ch1.md.tex:232: Preview: Snippet 225 ended.(491520+163840x1495498).
<-><->
      
l.232 $Z(A)$
            
Not a real error.

[225]
./Block_20theory_20ch1.md.tex:233: Preview: Snippet 226 started.
<-><->
      
l.233 $
       \mathcal{B}$
Not a real error.

./Block_20theory_20ch1.md.tex:233: Preview: Snippet 226 ended.(447828+0x450377).
<-><->
      
l.233 $\mathcal{B}$
                   
Not a real error.

[226]
./Block_20theory_20ch1.md.tex:234: Preview: Snippet 227 started.
<-><->
      
l.234 $
       A$
Not a real error.

./Block_20theory_20ch1.md.tex:234: Preview: Snippet 227 ended.(447828+0x491521).
<-><->
      
l.234 $A$
         
Not a real error.

[227]
./Block_20theory_20ch1.md.tex:235: Preview: Snippet 228 started.
<-><->
      
l.235 $
       A=\prod_{b \in \mathcal{B}} Ab$
Not a real error.

./Block_20theory_20ch1.md.tex:235: Preview: Snippet 228 ended.(491524+231327x3839576).
<-><->
      
l.235 $A=\prod_{b \in \mathcal{B}} Ab$
                                      
Not a real error.

[228]
./Block_20theory_20ch1.md.tex:236: Preview: Snippet 229 started.
<-><->
      
l.236 $
       A$
Not a real error.

./Block_20theory_20ch1.md.tex:236: Preview: Snippet 229 ended.(447828+0x491521).
<-><->
      
l.236 $A$
         
Not a real error.

[229]
./Block_20theory_20ch1.md.tex:237: Preview: Snippet 230 started.
<-><->
      
l.237 $
       A=\oplus_{b \in \mathcal{B}}Ab$
Not a real error.

./Block_20theory_20ch1.md.tex:237: Preview: Snippet 230 ended.(455111+133019x3621125).
<-><->
      
l.237 $A=\oplus_{b \in \mathcal{B}}Ab$
                                      
Not a real error.

[230]
./Block_20theory_20ch1.md.tex:238: Preview: Snippet 231 started.
<-><->
      
l.238 $
       A$
Not a real error.

./Block_20theory_20ch1.md.tex:238: Preview: Snippet 231 ended.(447828+0x491521).
<-><->
      
l.238 $A$
         
Not a real error.

[231]
./Block_20theory_20ch1.md.tex:239: Preview: Snippet 232 started.
<-><->
      
l.239 $
       k$
Not a real error.

./Block_20theory_20ch1.md.tex:239: Preview: Snippet 232 ended.(455111+0x361814).
<-><->
      
l.239 $k$
         
Not a real error.

[232]
./Block_20theory_20ch1.md.tex:240: Preview: Snippet 233 started.
<-><->
      
l.240 $
       Z(A)$
Not a real error.

./Block_20theory_20ch1.md.tex:240: Preview: Snippet 233 ended.(491520+163840x1495498).
<-><->
      
l.240 $Z(A)$
            
Not a real error.

[233]
./Block_20theory_20ch1.md.tex:241: Preview: Snippet 234 started.
<-><->
      
l.241 $
       Z(A)$
Not a real error.

./Block_20theory_20ch1.md.tex:241: Preview: Snippet 234 ended.(491520+163840x1495498).
<-><->
      
l.241 $Z(A)$
            
Not a real error.

[234]
./Block_20theory_20ch1.md.tex:242: Preview: Snippet 235 started.
<-><->
      
l.242 $
       b \in \mathcal{B}$
Not a real error.

./Block_20theory_20ch1.md.tex:242: Preview: Snippet 235 ended.(455111+25623x1532623).
<-><->
      
l.242 $b \in \mathcal{B}$
                         
Not a real error.

[235]
./Block_20theory_20ch1.md.tex:243: Preview: Snippet 236 started.
<-><->
      
l.243 $
       c \in Z(A)$
Not a real error.

./Block_20theory_20ch1.md.tex:243: Preview: Snippet 236 ended.(491520+163840x2580097).
<-><->
      
l.243 $c \in Z(A)$
                  
Not a real error.

[236]
./Block_20theory_20ch1.md.tex:244: Preview: Snippet 237 started.
<-><->
      
l.244 $
       bc \neq 0$
Not a real error.

./Block_20theory_20ch1.md.tex:244: Preview: Snippet 237 ended.(455111+127430x1766356).
<-><->
      
l.244 $bc \neq 0$
                 
Not a real error.

[237]
./Block_20theory_20ch1.md.tex:245: Preview: Snippet 238 started.
<-><->
      
l.245 $
       b=bc+b(1-c)$
Not a real error.

./Block_20theory_20ch1.md.tex:245: Preview: Snippet 238 ended.(491520+163840x4724189).
<-><->
      
l.245 $b=bc+b(1-c)$
                   
Not a real error.

[238]
./Block_20theory_20ch1.md.tex:246: Preview: Snippet 239 started.
<-><->
      
l.246 $
       bc,b(1-c)$
Not a real error.

./Block_20theory_20ch1.md.tex:246: Preview: Snippet 239 ended.(491520+163840x3059404).
<-><->
      
l.246 $bc,b(1-c)$
                 
Not a real error.

[239]
./Block_20theory_20ch1.md.tex:247: Preview: Snippet 240 started.
<-><->
      
l.247 $
       Z(A)$
Not a real error.

./Block_20theory_20ch1.md.tex:247: Preview: Snippet 240 ended.(491520+163840x1495498).
<-><->
      
l.247 $Z(A)$
            
Not a real error.

[240]
./Block_20theory_20ch1.md.tex:248: Preview: Snippet 241 started.
<-><->
      
l.248 $
       b$
Not a real error.

./Block_20theory_20ch1.md.tex:248: Preview: Snippet 241 ended.(455111+0x281258).
<-><->
      
l.248 $b$
         
Not a real error.

[241]
./Block_20theory_20ch1.md.tex:249: Preview: Snippet 242 started.
<-><->
      
l.249 $
       b(1-c)=0,b=bc$
Not a real error.

./Block_20theory_20ch1.md.tex:249: Preview: Snippet 242 ended.(491520+163840x5415955).
<-><->
      
l.249 $b(1-c)=0,b=bc$
                     
Not a real error.

[242]
./Block_20theory_20ch1.md.tex:250: Preview: Snippet 243 started.
<-><->
      
l.250 $
       c=cb=bc=b$
Not a real error.

./Block_20theory_20ch1.md.tex:250: Preview: Snippet 243 ended.(455111+0x4316025).
<-><->
      
l.250 $c=cb=bc=b$
                 
Not a real error.

[243]
./Block_20theory_20ch1.md.tex:251: Preview: Snippet 244 started.
<-><->
      
l.251 $
       A$
Not a real error.

./Block_20theory_20ch1.md.tex:251: Preview: Snippet 244 ended.(447828+0x491521).
<-><->
      
l.251 $A$
         
Not a real error.

[244]
./Block_20theory_20ch1.md.tex:252: Preview: Snippet 245 started.
<-><->
      
l.252 $
       A$
Not a real error.

./Block_20theory_20ch1.md.tex:252: Preview: Snippet 245 ended.(447828+0x491521).
<-><->
      
l.252 $A$
         
Not a real error.

[245]
./Block_20theory_20ch1.md.tex:253: Preview: Snippet 246 started.
<-><->
      
l.253 $
       b$
Not a real error.

./Block_20theory_20ch1.md.tex:253: Preview: Snippet 246 ended.(455111+0x281258).
<-><->
      
l.253 $b$
         
Not a real error.

[246]
./Block_20theory_20ch1.md.tex:254: Preview: Snippet 247 started.
<-><->
      
l.254 $
       M$
Not a real error.

./Block_20theory_20ch1.md.tex:254: Preview: Snippet 247 ended.(447828+0x707242).
<-><->
      
l.254 $M$
         
Not a real error.

[247]
./Block_20theory_20ch1.md.tex:255: Preview: Snippet 248 started.
<-><->
      
l.255 $
       b$
Not a real error.

./Block_20theory_20ch1.md.tex:255: Preview: Snippet 248 ended.(455111+0x281258).
<-><->
      
l.255 $b$
         
Not a real error.

[248]
./Block_20theory_20ch1.md.tex:256: Preview: Snippet 249 started.
<-><->
      
l.256 $
       M=bM$
Not a real error.

./Block_20theory_20ch1.md.tex:256: Preview: Snippet 249 ended.(455111+0x2569548).
<-><->
      
l.256 $M=bM$
            
Not a real error.

[249]
./Block_20theory_20ch1.md.tex:257: Preview: Snippet 250 started.
<-><->
      
l.257 $
       A$
Not a real error.

./Block_20theory_20ch1.md.tex:257: Preview: Snippet 250 ended.(447828+0x491521).
<-><->
      
l.257 $A$
         
Not a real error.

[250]
./Block_20theory_20ch1.md.tex:258: Preview: Snippet 251 started.
<-><->
      
l.258 $
       A$
Not a real error.

./Block_20theory_20ch1.md.tex:258: Preview: Snippet 251 ended.(447828+0x491521).
<-><->
      
l.258 $A$
         
Not a real error.

[251]
./Block_20theory_20ch1.md.tex:259: Preview: Snippet 252 started.
<-><->
      
l.259 $
       \mathcal{B}$
Not a real error.

./Block_20theory_20ch1.md.tex:259: Preview: Snippet 252 ended.(447828+0x450377).
<-><->
      
l.259 $\mathcal{B}$
                   
Not a real error.

[252]
./Block_20theory_20ch1.md.tex:260: Preview: Snippet 253 started.
<-><->
      
l.260 $
       A$
Not a real error.

./Block_20theory_20ch1.md.tex:260: Preview: Snippet 253 ended.(447828+0x491521).
<-><->
      
l.260 $A$
         
Not a real error.

[253]
./Block_20theory_20ch1.md.tex:261: Preview: Snippet 254 started.
<-><->
      
l.261 $
       M$
Not a real error.

./Block_20theory_20ch1.md.tex:261: Preview: Snippet 254 ended.(447828+0x707242).
<-><->
      
l.261 $M$
         
Not a real error.

[254]
./Block_20theory_20ch1.md.tex:262: Preview: Snippet 255 started.
<-><->
      
l.262 $
       M=\oplus_{b \in \mathcal{B}}\,bM$
Not a real error.

./Block_20theory_20ch1.md.tex:262: Preview: Snippet 255 ended.(455111+133019x4161791).
<-><->
      
l.262 $M=\oplus_{b \in \mathcal{B}}\,bM$
                                        
Not a real error.

[255]
./Block_20theory_20ch1.md.tex:263: Preview: Snippet 256 started.
<-><->
      
l.263 $
       M$
Not a real error.

./Block_20theory_20ch1.md.tex:263: Preview: Snippet 256 ended.(447828+0x707242).
<-><->
      
l.263 $M$
         
Not a real error.

[256]
./Block_20theory_20ch1.md.tex:264: Preview: Snippet 257 started.
<-><->
      
l.264 $
       b$
Not a real error.

./Block_20theory_20ch1.md.tex:264: Preview: Snippet 257 ended.(455111+0x281258).
<-><->
      
l.264 $b$
         
Not a real error.

[257]
./Block_20theory_20ch1.md.tex:265: Preview: Snippet 258 started.
<-><->
      
l.265 $
       A$
Not a real error.

./Block_20theory_20ch1.md.tex:265: Preview: Snippet 258 ended.(447828+0x491521).
<-><->
      
l.265 $A$
         
Not a real error.

[258]
./Block_20theory_20ch1.md.tex:266: Preview: Snippet 259 started.
<-><->
      
l.266 $
       M=bM$
Not a real error.

./Block_20theory_20ch1.md.tex:266: Preview: Snippet 259 ended.(455111+0x2569548).
<-><->
      
l.266 $M=bM$
            
Not a real error.

[259]
./Block_20theory_20ch1.md.tex:267: Preview: Snippet 260 started.
<-><->
      
l.267 $
       b,c$
Not a real error.

./Block_20theory_20ch1.md.tex:267: Preview: Snippet 260 ended.(455111+127431x856138).
<-><->
      
l.267 $b,c$
           
Not a real error.

[260]
./Block_20theory_20ch1.md.tex:268: Preview: Snippet 261 started.
<-><->
      
l.268 $
       Hom_A(M,N)=\{0\}$
Not a real error.

./Block_20theory_20ch1.md.tex:268: Preview: Snippet 261 ended.(491520+163840x5844684).
<-><->
      
l.268 $Hom_A(M,N)=\{0\}$
                        
Not a real error.

[261]
./Block_20theory_20ch1.md.tex:269: Preview: Snippet 262 started.
<-><->
      
l.269 $
       Mod(A)$
Not a real error.

./Block_20theory_20ch1.md.tex:269: Preview: Snippet 262 ended.(491520+163840x2367263).
<-><->
      
l.269 $Mod(A)$
              
Not a real error.

[262]
./Block_20theory_20ch1.md.tex:270: Preview: Snippet 263 started.
<-><->
      
l.270 $
       Mod(Ab)$
Not a real error.

./Block_20theory_20ch1.md.tex:270: Preview: Snippet 263 ended.(491520+163840x2648521).
<-><->
      
l.270 $Mod(Ab)$
               
Not a real error.

[263]
./Block_20theory_20ch1.md.tex:271: Preview: Snippet 264 started.
<-><->
      
l.271 $
       b$
Not a real error.

./Block_20theory_20ch1.md.tex:271: Preview: Snippet 264 ended.(455111+0x281258).
<-><->
      
l.271 $b$
         
Not a real error.

[264]
./Block_20theory_20ch1.md.tex:272: Preview: Snippet 265 started.
<-><->
      
l.272 $
       A$
Not a real error.

./Block_20theory_20ch1.md.tex:272: Preview: Snippet 265 ended.(447828+0x491521).
<-><->
      
l.272 $A$
         
Not a real error.

[265]
./Block_20theory_20ch1.md.tex:273: Preview: Snippet 266 started.
<-><->
      
l.273 $
       A$
Not a real error.

./Block_20theory_20ch1.md.tex:273: Preview: Snippet 266 ended.(447828+0x491521).
<-><->
      
l.273 $A$
         
Not a real error.

[266]
./Block_20theory_20ch1.md.tex:274: Preview: Snippet 267 started.
<-><->
      
l.274 $
       M$
Not a real error.

./Block_20theory_20ch1.md.tex:274: Preview: Snippet 267 ended.(447828+0x707242).
<-><->
      
l.274 $M$
         
Not a real error.

[267]
./Block_20theory_20ch1.md.tex:275: Preview: Snippet 268 started.
<-><->
      
l.275 $
       M= M_0 \supset_1 M_1 \supset \cdots \supset M_n=\{0\}$
Not a real error.

./Block_20theory_20ch1.md.tex:275: Preview: Snippet 268 ended.(491520+163840x9970014).
<-><->
      
l.275 ...t_1 M_1 \supset \cdots \supset M_n=\{0\}$
                                                  
Not a real error.

[268]
./Block_20theory_20ch1.md.tex:276: Preview: Snippet 269 started.
<-><->
      
l.276 $
       M_i$
Not a real error.

./Block_20theory_20ch1.md.tex:276: Preview: Snippet 269 ended.(447828+98303x853979).
<-><->
      
l.276 $M_i$
           
Not a real error.

[269]
./Block_20theory_20ch1.md.tex:277: Preview: Snippet 270 started.
<-><->
      
l.277 $
       M$
Not a real error.

./Block_20theory_20ch1.md.tex:277: Preview: Snippet 270 ended.(447828+0x707242).
<-><->
      
l.277 $M$
         
Not a real error.

[270]
./Block_20theory_20ch1.md.tex:278: Preview: Snippet 271 started.
<-><->
      
l.278 $
       M_{i+1}$
Not a real error.

./Block_20theory_20ch1.md.tex:278: Preview: Snippet 271 ended.(447828+152917x1517534).
<-><->
      
l.278 $M_{i+1}$
               
Not a real error.

[271]
./Block_20theory_20ch1.md.tex:279: Preview: Snippet 272 started.
<-><->
      
l.279 $
       M_i/M_{i+1}$
Not a real error.

./Block_20theory_20ch1.md.tex:279: Preview: Snippet 272 ended.(491520+163840x2662785).
<-><->
      
l.279 $M_i/M_{i+1}$
                   
Not a real error.

[272]
./Block_20theory_20ch1.md.tex:280: Preview: Snippet 273 started.
<-><->
      
l.280 $
       n$
Not a real error.

./Block_20theory_20ch1.md.tex:280: Preview: Snippet 273 ended.(282168+0x393370).
<-><->
      
l.280 $n$
         
Not a real error.

[273]
./Block_20theory_20ch1.md.tex:281: Preview: Snippet 274 started.
<-><->
      
l.281 $
       M$
Not a real error.

./Block_20theory_20ch1.md.tex:281: Preview: Snippet 274 ended.(447828+0x707242).
<-><->
      
l.281 $M$
         
Not a real error.

[274]
./Block_20theory_20ch1.md.tex:282: Preview: Snippet 275 started.
<-><->
      
l.282 $
       M'$
Not a real error.

./Block_20theory_20ch1.md.tex:282: Preview: Snippet 275 ended.(492688+0x891107).
<-><->
      
l.282 $M'$
          
Not a real error.

[275]
./Block_20theory_20ch1.md.tex:283: Preview: Snippet 276 started.
<-><->
      
l.283 $
       n$
Not a real error.

./Block_20theory_20ch1.md.tex:283: Preview: Snippet 276 ended.(282168+0x393370).
<-><->
      
l.283 $n$
         
Not a real error.

[276]
./Block_20theory_20ch1.md.tex:284: Preview: Snippet 277 started.
<-><->
      
l.284 $
       A$
Not a real error.

./Block_20theory_20ch1.md.tex:284: Preview: Snippet 277 ended.(447828+0x491521).
<-><->
      
l.284 $A$
         
Not a real error.

[277]
./Block_20theory_20ch1.md.tex:285: Preview: Snippet 278 started.
<-><->
      
l.285 $
       M$
Not a real error.

./Block_20theory_20ch1.md.tex:285: Preview: Snippet 278 ended.(447828+0x707242).
<-><->
      
l.285 $M$
         
Not a real error.

[278]
./Block_20theory_20ch1.md.tex:286: Preview: Snippet 279 started.
<-><->
      
l.286 $
       M$
Not a real error.

./Block_20theory_20ch1.md.tex:286: Preview: Snippet 279 ended.(447828+0x707242).
<-><->
      
l.286 $M$
         
Not a real error.

[279]
./Block_20theory_20ch1.md.tex:287: Preview: Snippet 280 started.
<-><->
      
l.287 $
       M$
Not a real error.

./Block_20theory_20ch1.md.tex:287: Preview: Snippet 280 ended.(447828+0x707242).
<-><->
      
l.287 $M$
         
Not a real error.

[280]
./Block_20theory_20ch1.md.tex:288: Preview: Snippet 281 started.
<-><->
      
l.288 $
       M$
Not a real error.

./Block_20theory_20ch1.md.tex:288: Preview: Snippet 281 ended.(447828+0x707242).
<-><->
      
l.288 $M$
         
Not a real error.

[281]
./Block_20theory_20ch1.md.tex:289: Preview: Snippet 282 started.
<-><->
      
l.289 $
       M$
Not a real error.

./Block_20theory_20ch1.md.tex:289: Preview: Snippet 282 ended.(447828+0x707242).
<-><->
      
l.289 $M$
         
Not a real error.

[282]
./Block_20theory_20ch1.md.tex:290: Preview: Snippet 283 started.
<-><->
      
l.290 $
       M=M_0 \supset M_1 \supset \cdots \supset M_n=\{0\}$
Not a real error.

./Block_20theory_20ch1.md.tex:290: Preview: Snippet 283 ended.(491520+163840x9676011).
<-><->
      
l.290 ...set M_1 \supset \cdots \supset M_n=\{0\}$
                                                  
Not a real error.

[283]
./Block_20theory_20ch1.md.tex:291: Preview: Snippet 284 started.
<-><->
      
l.291 $
       M=N_0 \supset N_1 \supset \cdots \supset N_k=\{0\}$
Not a real error.

./Block_20theory_20ch1.md.tex:291: Preview: Snippet 284 ended.(491520+163840x9314041).
<-><->
      
l.291 ...set N_1 \supset \cdots \supset N_k=\{0\}$
                                                  
Not a real error.

[284]
./Block_20theory_20ch1.md.tex:292: Preview: Snippet 285 started.
<-><->
      
l.292 $
       n >1$
Not a real error.

./Block_20theory_20ch1.md.tex:292: Preview: Snippet 285 ended.(422343+25623x1594857).
<-><->
      
l.292 $n >1$
            
Not a real error.

[285]
./Block_20theory_20ch1.md.tex:293: Preview: Snippet 286 started.
<-><->
      
l.293 $
       N=N_1$
Not a real error.

./Block_20theory_20ch1.md.tex:293: Preview: Snippet 286 ended.(447828+98303x2292386).
<-><->
      
l.293 $N=N_1$
             
Not a real error.

[286]
./Block_20theory_20ch1.md.tex:294: Preview: Snippet 287 started.
<-><->
      
l.294 $
       $
Not a real error.

./Block_20theory_20ch1.md.tex:296: Preview: Snippet 287 ended.(1605632+0x22609920).
<-><->
      
l.296 $$
        
Not a real error.

[287]
./Block_20theory_20ch1.md.tex:297: Preview: Snippet 288 started.
<-><->
      
l.297 $
       N$
Not a real error.

./Block_20theory_20ch1.md.tex:297: Preview: Snippet 288 ended.(447828+0x598014).
<-><->
      
l.297 $N$
         
Not a real error.

[288]
./Block_20theory_20ch1.md.tex:298: Preview: Snippet 289 started.
<-><->
      
l.298 $
       i$
Not a real error.

./Block_20theory_20ch1.md.tex:298: Preview: Snippet 289 ended.(432226+0x225780).
<-><->
      
l.298 $i$
         
Not a real error.

[289]
./Block_20theory_20ch1.md.tex:299: Preview: Snippet 290 started.
<-><->
      
l.299 $
       M=M_i+N \supset M_{i+1}+N=N$
Not a real error.

./Block_20theory_20ch1.md.tex:299: Preview: Snippet 290 ended.(447828+152917x9096195).
<-><->
      
l.299 $M=M_i+N \supset M_{i+1}+N=N$
                                   
Not a real error.

[290]
./Block_20theory_20ch1.md.tex:300: Preview: Snippet 291 started.
<-><->
      
l.300 $
       M/N \simeq (M_i+N)/(M_{i+1}+N) \simeq M_i/M_{i+1}$
Not a real error.

./Block_20theory_20ch1.md.tex:300: Preview: Snippet 291 ended.(491520+163840x12487170).
<-><->
      
l.300 ...q (M_i+N)/(M_{i+1}+N) \simeq M_i/M_{i+1}$
                                                  
Not a real error.

[291]
./Block_20theory_20ch1.md.tex:301: Preview: Snippet 292 started.
<-><->
      
l.301 $
       N_j/N_{j+1} \simeq (M_k \cap N)/(M_{k+1} \cap N) \simeq M_k/M_{k+1}$
Not a real error.

./Block_20theory_20ch1.md.tex:301: Preview: Snippet 292 ended.(491520+187504x13758688).
<-><->
      
l.301 ...p N)/(M_{k+1} \cap N) \simeq M_k/M_{k+1}$
                                                  
Not a real error.

[292]
./Block_20theory_20ch1.md.tex:302: Preview: Snippet 293 started.
<-><->
      
l.302 $
       U$
Not a real error.

./Block_20theory_20ch1.md.tex:302: Preview: Snippet 293 ended.(447828+0x518916).
<-><->
      
l.302 $U$
         
Not a real error.

[293]
./Block_20theory_20ch1.md.tex:303: Preview: Snippet 294 started.
<-><->
      
l.303 $
       M$
Not a real error.

./Block_20theory_20ch1.md.tex:303: Preview: Snippet 294 ended.(447828+0x707242).
<-><->
      
l.303 $M$
         
Not a real error.

[294]
./Block_20theory_20ch1.md.tex:304: Preview: Snippet 295 started.
<-><->
      
l.304 $
       U=M_i$
Not a real error.

./Block_20theory_20ch1.md.tex:304: Preview: Snippet 295 ended.(447828+98303x2246701).
<-><->
      
l.304 $U=M_i$
             
Not a real error.

[295]
./Block_20theory_20ch1.md.tex:305: Preview: Snippet 296 started.
<-><->
      
l.305 $
       A$
Not a real error.

./Block_20theory_20ch1.md.tex:305: Preview: Snippet 296 ended.(447828+0x491521).
<-><->
      
l.305 $A$
         
Not a real error.

[296]
./Block_20theory_20ch1.md.tex:306: Preview: Snippet 297 started.
<-><->
      
l.306 $
       A$
Not a real error.

./Block_20theory_20ch1.md.tex:306: Preview: Snippet 297 ended.(447828+0x491521).
<-><->
      
l.306 $A$
         
Not a real error.

[297]
./Block_20theory_20ch1.md.tex:307: Preview: Snippet 298 started.
<-><->
      
l.307 $
       R(A)$
Not a real error.

./Block_20theory_20ch1.md.tex:307: Preview: Snippet 298 ended.(491520+163840x1503918).
<-><->
      
l.307 $R(A)$
            
Not a real error.

[298]
./Block_20theory_20ch1.md.tex:308: Preview: Snippet 299 started.
<-><->
      
l.308 $
       U$
Not a real error.

./Block_20theory_20ch1.md.tex:308: Preview: Snippet 299 ended.(447828+0x518916).
<-><->
      
l.308 $U$
         
Not a real error.

[299]
./Block_20theory_20ch1.md.tex:309: Preview: Snippet 300 started.
<-><->
      
l.309 $
       [U]+[V]=[W]$
Not a real error.

./Block_20theory_20ch1.md.tex:309: Preview: Snippet 300 ended.(491520+163840x4523885).
<-><->
      
l.309 $[U]+[V]=[W]$
                   
Not a real error.

[300]
./Block_20theory_20ch1.md.tex:310: Preview: Snippet 301 started.
<-><->
      
l.310 $
       0 \longrightarrow U \longrightarrow V \longrightarrow W \longrightarr...
Not a real error.

./Block_20theory_20ch1.md.tex:310: Preview: Snippet 301 ended.(447828+0x8091953).
<-><->
      
l.310 ...ow V \longrightarrow W \longrightarrow 0$
                                                  
Not a real error.

[301]
./Block_20theory_20ch1.md.tex:311: Preview: Snippet 302 started.
<-><->
      
l.311 $
       [U]$
Not a real error.

./Block_20theory_20ch1.md.tex:311: Preview: Snippet 302 ended.(491520+163840x883006).
<-><->
      
l.311 $[U]$
           
Not a real error.

[302]
./Block_20theory_20ch1.md.tex:312: Preview: Snippet 303 started.
<-><->
      
l.312 $
       U$
Not a real error.

./Block_20theory_20ch1.md.tex:312: Preview: Snippet 303 ended.(447828+0x518916).
<-><->
      
l.312 $U$
         
Not a real error.

[303]
./Block_20theory_20ch1.md.tex:313: Preview: Snippet 304 started.
<-><->
      
l.313 $
       R(A)$
Not a real error.

./Block_20theory_20ch1.md.tex:313: Preview: Snippet 304 ended.(491520+163840x1503918).
<-><->
      
l.313 $R(A)$
            
Not a real error.

[304]
./Block_20theory_20ch1.md.tex:314: Preview: Snippet 305 started.
<-><->
      
l.314 $
       [U]=\sum_{S}d(U,S)[S]$
Not a real error.

./Block_20theory_20ch1.md.tex:314: Preview: Snippet 305 ended.(491524+196611x5769022).
<-><->
      
l.314 $[U]=\sum_{S}d(U,S)[S]$
                             
Not a real error.

[305]
./Block_20theory_20ch1.md.tex:315: Preview: Snippet 306 started.
<-><->
      
l.315 $
       S$
Not a real error.

./Block_20theory_20ch1.md.tex:315: Preview: Snippet 306 ended.(447828+0x439636).
<-><->
      
l.315 $S$
         
Not a real error.

[306]
./Block_20theory_20ch1.md.tex:316: Preview: Snippet 307 started.
<-><->
      
l.316 $
       d(U,S)$
Not a real error.

./Block_20theory_20ch1.md.tex:316: Preview: Snippet 307 ended.(491520+163840x2027834).
<-><->
      
l.316 $d(U,S)$
              
Not a real error.

[307]
./Block_20theory_20ch1.md.tex:317: Preview: Snippet 308 started.
<-><->
      
l.317 $
       S$
Not a real error.

./Block_20theory_20ch1.md.tex:317: Preview: Snippet 308 ended.(447828+0x439636).
<-><->
      
l.317 $S$
         
Not a real error.

[308]
./Block_20theory_20ch1.md.tex:318: Preview: Snippet 309 started.
<-><->
      
l.318 $
       U$
Not a real error.

./Block_20theory_20ch1.md.tex:318: Preview: Snippet 309 ended.(447828+0x518916).
<-><->
      
l.318 $U$
         
Not a real error.

[309]
./Block_20theory_20ch1.md.tex:319: Preview: Snippet 310 started.
<-><->
      
l.319 $
       A$
Not a real error.

./Block_20theory_20ch1.md.tex:319: Preview: Snippet 310 ended.(447828+0x491521).
<-><->
      
l.319 $A$
         
Not a real error.

[310]
./Block_20theory_20ch1.md.tex:320: Preview: Snippet 311 started.
<-><->
      
l.320 $
       M$
Not a real error.

./Block_20theory_20ch1.md.tex:320: Preview: Snippet 311 ended.(447828+0x707242).
<-><->
      
l.320 $M$
         
Not a real error.

[311]
./Block_20theory_20ch1.md.tex:321: Preview: Snippet 312 started.
<-><->
      
l.321 $
       M$
Not a real error.

./Block_20theory_20ch1.md.tex:321: Preview: Snippet 312 ended.(447828+0x707242).
<-><->
      
l.321 $M$
         
Not a real error.

[312]
./Block_20theory_20ch1.md.tex:322: Preview: Snippet 313 started.
<-><->
      
l.322 $
       A$
Not a real error.

./Block_20theory_20ch1.md.tex:322: Preview: Snippet 313 ended.(447828+0x491521).
<-><->
      
l.322 $A$
         
Not a real error.

[313]
./Block_20theory_20ch1.md.tex:323: Preview: Snippet 314 started.
<-><->
      
l.323 $
       S$
Not a real error.

./Block_20theory_20ch1.md.tex:323: Preview: Snippet 314 ended.(447828+0x439636).
<-><->
      
l.323 $S$
         
Not a real error.

[314]
./Block_20theory_20ch1.md.tex:324: Preview: Snippet 315 started.
<-><->
      
l.324 $
       End_A(S)$
Not a real error.

./Block_20theory_20ch1.md.tex:324: Preview: Snippet 315 ended.(491520+163840x2632290).
<-><->
      
l.324 $End_A(S)$
                
Not a real error.

[315]
./Block_20theory_20ch1.md.tex:325: Preview: Snippet 316 started.
<-><->
      
l.325 $
       Hom_A(S,T)=\{0\}$
Not a real error.

./Block_20theory_20ch1.md.tex:325: Preview: Snippet 316 ended.(491520+163840x5453063).
<-><->
      
l.325 $Hom_A(S,T)=\{0\}$
                        
Not a real error.

[316]
./Block_20theory_20ch1.md.tex:326: Preview: Snippet 317 started.
<-><->
      
l.326 $
       S,T$
Not a real error.

./Block_20theory_20ch1.md.tex:326: Preview: Snippet 317 ended.(447828+127431x1168495).
<-><->
      
l.326 $S,T$
           
Not a real error.

[317]
./Block_20theory_20ch1.md.tex:327: Preview: Snippet 318 started.
<-><->
      
l.327 $
       \phi:S \rightarrow T$
Not a real error.

./Block_20theory_20ch1.md.tex:327: Preview: Snippet 318 ended.(455111+127431x2869687).
<-><->
      
l.327 $\phi:S \rightarrow T$
                            
Not a real error.

[318]
./Block_20theory_20ch1.md.tex:328: Preview: Snippet 319 started.
<-><->
      
l.328 $
       ker(\phi) \neq S$
Not a real error.

./Block_20theory_20ch1.md.tex:328: Preview: Snippet 319 ended.(491520+163840x3194497).
<-><->
      
l.328 $ker(\phi) \neq S$
                        
Not a real error.

[319]
./Block_20theory_20ch1.md.tex:329: Preview: Snippet 320 started.
<-><->
      
l.329 $
       ker(\phi)=\{0\}$
Not a real error.

./Block_20theory_20ch1.md.tex:329: Preview: Snippet 320 ended.(491520+163840x3737904).
<-><->
      
l.329 $ker(\phi)=\{0\}$
                       
Not a real error.

[320]
./Block_20theory_20ch1.md.tex:330: Preview: Snippet 321 started.
<-><->
      
l.330 $
       S$
Not a real error.

./Block_20theory_20ch1.md.tex:330: Preview: Snippet 321 ended.(447828+0x439636).
<-><->
      
l.330 $S$
         
Not a real error.

[321]
./Block_20theory_20ch1.md.tex:331: Preview: Snippet 322 started.
<-><->
      
l.331 $
       \phi$
Not a real error.

./Block_20theory_20ch1.md.tex:331: Preview: Snippet 322 ended.(455111+127431x390486).
<-><->
      
l.331 $\phi$
            
Not a real error.

[322]
./Block_20theory_20ch1.md.tex:332: Preview: Snippet 323 started.
<-><->
      
l.332 $
       im(\phi) \neq \{0\}$
Not a real error.

./Block_20theory_20ch1.md.tex:332: Preview: Snippet 323 ended.(491520+163840x3558256).
<-><->
      
l.332 $im(\phi) \neq \{0\}$
                           
Not a real error.

[323]
./Block_20theory_20ch1.md.tex:333: Preview: Snippet 324 started.
<-><->
      
l.333 $
       T$
Not a real error.

./Block_20theory_20ch1.md.tex:333: Preview: Snippet 324 ended.(447828+0x473999).
<-><->
      
l.333 $T$
         
Not a real error.

[324]
./Block_20theory_20ch1.md.tex:334: Preview: Snippet 325 started.
<-><->
      
l.334 $
       im(\phi)=T$
Not a real error.

./Block_20theory_20ch1.md.tex:334: Preview: Snippet 325 ended.(491520+163840x3049212).
<-><->
      
l.334 $im(\phi)=T$
                  
Not a real error.

[325]
./Block_20theory_20ch1.md.tex:335: Preview: Snippet 326 started.
<-><->
      
l.335 $
       \phi$
Not a real error.

./Block_20theory_20ch1.md.tex:335: Preview: Snippet 326 ended.(455111+127431x390486).
<-><->
      
l.335 $\phi$
            
Not a real error.

[326]
./Block_20theory_20ch1.md.tex:336: Preview: Snippet 327 started.
<-><->
      
l.336 $
       k$
Not a real error.

./Block_20theory_20ch1.md.tex:336: Preview: Snippet 327 ended.(455111+0x361814).
<-><->
      
l.336 $k$
         
Not a real error.

[327]
./Block_20theory_20ch1.md.tex:337: Preview: Snippet 328 started.
<-><->
      
l.337 $
       A$
Not a real error.

./Block_20theory_20ch1.md.tex:337: Preview: Snippet 328 ended.(447828+0x491521).
<-><->
      
l.337 $A$
         
Not a real error.

[328]
./Block_20theory_20ch1.md.tex:338: Preview: Snippet 329 started.
<-><->
      
l.338 $
       S$
Not a real error.

./Block_20theory_20ch1.md.tex:338: Preview: Snippet 329 ended.(447828+0x439636).
<-><->
      
l.338 $S$
         
Not a real error.

[329]
./Block_20theory_20ch1.md.tex:339: Preview: Snippet 330 started.
<-><->
      
l.339 $
       End_A(S)= \{\lambda id_S:\lambda \in K\}$
Not a real error.

./Block_20theory_20ch1.md.tex:339: Preview: Snippet 330 ended.(491520+163840x7823179).
<-><->
      
l.339 $End_A(S)= \{\lambda id_S:\lambda \in K\}$
                                                
Not a real error.

[330]
./Block_20theory_20ch1.md.tex:340: Preview: Snippet 331 started.
<-><->
      
l.340 $
       A$
Not a real error.

./Block_20theory_20ch1.md.tex:340: Preview: Snippet 331 ended.(447828+0x491521).
<-><->
      
l.340 $A$
         
Not a real error.

[331]
./Block_20theory_20ch1.md.tex:341: Preview: Snippet 332 started.
<-><->
      
l.341 $
       M$
Not a real error.

./Block_20theory_20ch1.md.tex:341: Preview: Snippet 332 ended.(447828+0x707242).
<-><->
      
l.341 $M$
         
Not a real error.

[332]
./Block_20theory_20ch1.md.tex:342: Preview: Snippet 333 started.
<-><->
      
l.342 $
       M$
Not a real error.

./Block_20theory_20ch1.md.tex:342: Preview: Snippet 333 ended.(447828+0x707242).
<-><->
      
l.342 $M$
         
Not a real error.

[333]
./Block_20theory_20ch1.md.tex:343: Preview: Snippet 334 started.
<-><->
      
l.343 $
       M$
Not a real error.

./Block_20theory_20ch1.md.tex:343: Preview: Snippet 334 ended.(447828+0x707242).
<-><->
      
l.343 $M$
         
Not a real error.

[334]
./Block_20theory_20ch1.md.tex:344: Preview: Snippet 335 started.
<-><->
      
l.344 $
       M$
Not a real error.

./Block_20theory_20ch1.md.tex:344: Preview: Snippet 335 ended.(447828+0x707242).
<-><->
      
l.344 $M$
         
Not a real error.

[335]
./Block_20theory_20ch1.md.tex:345: Preview: Snippet 336 started.
<-><->
      
l.345 $
       M$
Not a real error.

./Block_20theory_20ch1.md.tex:345: Preview: Snippet 336 ended.(447828+0x707242).
<-><->
      
l.345 $M$
         
Not a real error.

[336]
./Block_20theory_20ch1.md.tex:346: Preview: Snippet 337 started.
<-><->
      
l.346 $
       U$
Not a real error.

./Block_20theory_20ch1.md.tex:346: Preview: Snippet 337 ended.(447828+0x518916).
<-><->
      
l.346 $U$
         
Not a real error.

[337]
./Block_20theory_20ch1.md.tex:347: Preview: Snippet 338 started.
<-><->
      
l.347 $
       G$
Not a real error.

./Block_20theory_20ch1.md.tex:347: Preview: Snippet 338 ended.(447828+0x515276).
<-><->
      
l.347 $G$
         
Not a real error.

[338]
./Block_20theory_20ch1.md.tex:348: Preview: Snippet 339 started.
<-><->
      
l.348 $
       N$
Not a real error.

./Block_20theory_20ch1.md.tex:348: Preview: Snippet 339 ended.(447828+0x598014).
<-><->
      
l.348 $N$
         
Not a real error.

[339]
./Block_20theory_20ch1.md.tex:349: Preview: Snippet 340 started.
<-><->
      
l.349 $
       G$
Not a real error.

./Block_20theory_20ch1.md.tex:349: Preview: Snippet 340 ended.(447828+0x515276).
<-><->
      
l.349 $G$
         
Not a real error.

[340]
./Block_20theory_20ch1.md.tex:350: Preview: Snippet 341 started.
<-><->
      
l.350 $
       k[G]$
Not a real error.

./Block_20theory_20ch1.md.tex:350: Preview: Snippet 341 ended.(491520+163840x1241180).
<-><->
      
l.350 $k[G]$
            
Not a real error.

[341]
./Block_20theory_20ch1.md.tex:351: Preview: Snippet 342 started.
<-><->
      
l.351 $
       S$
Not a real error.

./Block_20theory_20ch1.md.tex:351: Preview: Snippet 342 ended.(447828+0x439636).
<-><->
      
l.351 $S$
         
Not a real error.

[342]
./Block_20theory_20ch1.md.tex:352: Preview: Snippet 343 started.
<-><->
      
l.352 $
       Res_{N}^G(S)$
Not a real error.

./Block_20theory_20ch1.md.tex:352: Preview: Snippet 343 ended.(551306+180508x2561459).
<-><->
      
l.352 $Res_{N}^G(S)$
                    
Not a real error.

[343]
./Block_20theory_20ch1.md.tex:353: Preview: Snippet 344 started.
<-><->
      
l.353 $
       k[N]$
Not a real error.

./Block_20theory_20ch1.md.tex:353: Preview: Snippet 344 ended.(491520+163840x1323918).
<-><->
      
l.353 $k[N]$
            
Not a real error.

[344]
./Block_20theory_20ch1.md.tex:354: Preview: Snippet 345 started.
<-><->
      
l.354 $
       k[N]$
Not a real error.

./Block_20theory_20ch1.md.tex:354: Preview: Snippet 345 ended.(491520+163840x1323918).
<-><->
      
l.354 $k[N]$
            
Not a real error.

[345]
./Block_20theory_20ch1.md.tex:355: Preview: Snippet 346 started.
<-><->
      
l.355 $
       T,T'$
Not a real error.

./Block_20theory_20ch1.md.tex:355: Preview: Snippet 346 ended.(492688+127431x1386723).
<-><->
      
l.355 $T,T'$
            
Not a real error.

[346]
./Block_20theory_20ch1.md.tex:356: Preview: Snippet 347 started.
<-><->
      
l.356 $
       k[N]$
Not a real error.

./Block_20theory_20ch1.md.tex:356: Preview: Snippet 347 ended.(491520+163840x1323918).
<-><->
      
l.356 $k[N]$
            
Not a real error.

[347]
./Block_20theory_20ch1.md.tex:357: Preview: Snippet 348 started.
<-><->
      
l.357 $
       Res_N^G(S)$
Not a real error.

./Block_20theory_20ch1.md.tex:357: Preview: Snippet 348 ended.(551306+180508x2561459).
<-><->
      
l.357 $Res_N^G(S)$
                  
Not a real error.

[348]
./Block_20theory_20ch1.md.tex:358: Preview: Snippet 349 started.
<-><->
      
l.358 $
       x \in G$
Not a real error.

./Block_20theory_20ch1.md.tex:358: Preview: Snippet 349 ended.(447828+25623x1690820).
<-><->
      
l.358 $x \in G$
               
Not a real error.

[349]
./Block_20theory_20ch1.md.tex:359: Preview: Snippet 350 started.
<-><->
      
l.359 $
       T' \simeq xT$
Not a real error.

./Block_20theory_20ch1.md.tex:359: Preview: Snippet 350 ended.(492688+0x2380225).
<-><->
      
l.359 $T' \simeq xT$
                    
Not a real error.

[350]
./Block_20theory_20ch1.md.tex:360: Preview: Snippet 351 started.
<-><->
      
l.360 $
       k[N]$
Not a real error.

./Block_20theory_20ch1.md.tex:360: Preview: Snippet 351 ended.(491520+163840x1323918).
<-><->
      
l.360 $k[N]$
            
Not a real error.

[351]
./Block_20theory_20ch1.md.tex:361: Preview: Snippet 352 started.
<-><->
      
l.361 $
       Res_N^G(S)$
Not a real error.

./Block_20theory_20ch1.md.tex:361: Preview: Snippet 352 ended.(551306+180508x2561459).
<-><->
      
l.361 $Res_N^G(S)$
                  
Not a real error.

[352]
./Block_20theory_20ch1.md.tex:362: Preview: Snippet 353 started.
<-><->
      
l.362 $
       G$
Not a real error.

./Block_20theory_20ch1.md.tex:362: Preview: Snippet 353 ended.(447828+0x515276).
<-><->
      
l.362 $G$
         
Not a real error.

[353]
./Block_20theory_20ch1.md.tex:363: Preview: Snippet 354 started.
<-><->
      
l.363 $
       T$
Not a real error.

./Block_20theory_20ch1.md.tex:363: Preview: Snippet 354 ended.(447828+0x473999).
<-><->
      
l.363 $T$
         
Not a real error.

[354]
./Block_20theory_20ch1.md.tex:364: Preview: Snippet 355 started.
<-><->
      
l.364 $
       k[N]$
Not a real error.

./Block_20theory_20ch1.md.tex:364: Preview: Snippet 355 ended.(491520+163840x1323918).
<-><->
      
l.364 $k[N]$
            
Not a real error.

[355]
./Block_20theory_20ch1.md.tex:365: Preview: Snippet 356 started.
<-><->
      
l.365 $
       S$
Not a real error.

./Block_20theory_20ch1.md.tex:365: Preview: Snippet 356 ended.(447828+0x439636).
<-><->
      
l.365 $S$
         
Not a real error.

[356]
./Block_20theory_20ch1.md.tex:366: Preview: Snippet 357 started.
<-><->
      
l.366 $
       nxT=x(x^{-1}nx)T \subseteq xT$
Not a real error.

./Block_20theory_20ch1.md.tex:366: Preview: Snippet 357 ended.(533465+163840x7042459).
<-><->
      
l.366 $nxT=x(x^{-1}nx)T \subseteq xT$
                                     
Not a real error.

[357]
./Block_20theory_20ch1.md.tex:367: Preview: Snippet 358 started.
<-><->
      
l.367 $
       xT$
Not a real error.

./Block_20theory_20ch1.md.tex:367: Preview: Snippet 358 ended.(447828+0x848555).
<-><->
      
l.367 $xT$
          
Not a real error.

[358]
./Block_20theory_20ch1.md.tex:368: Preview: Snippet 359 started.
<-><->
      
l.368 $
       S$
Not a real error.

./Block_20theory_20ch1.md.tex:368: Preview: Snippet 359 ended.(447828+0x439636).
<-><->
      
l.368 $S$
         
Not a real error.

[359]
./Block_20theory_20ch1.md.tex:369: Preview: Snippet 360 started.
<-><->
      
l.369 $
       k[G]$
Not a real error.

./Block_20theory_20ch1.md.tex:369: Preview: Snippet 360 ended.(491520+163840x1241180).
<-><->
      
l.369 $k[G]$
            
Not a real error.

[360]
./Block_20theory_20ch1.md.tex:370: Preview: Snippet 361 started.
<-><->
      
l.370 $
       xT$
Not a real error.

./Block_20theory_20ch1.md.tex:370: Preview: Snippet 361 ended.(447828+0x848555).
<-><->
      
l.370 $xT$
          
Not a real error.

[361]
./Block_20theory_20ch1.md.tex:371: Preview: Snippet 362 started.
<-><->
      
l.371 $
       k[G]$
Not a real error.

./Block_20theory_20ch1.md.tex:371: Preview: Snippet 362 ended.(491520+163840x1241180).
<-><->
      
l.371 $k[G]$
            
Not a real error.

[362]
./Block_20theory_20ch1.md.tex:372: Preview: Snippet 363 started.
<-><->
      
l.372 $
       S$
Not a real error.

./Block_20theory_20ch1.md.tex:372: Preview: Snippet 363 ended.(447828+0x439636).
<-><->
      
l.372 $S$
         
Not a real error.

[363]
./Block_20theory_20ch1.md.tex:373: Preview: Snippet 364 started.
<-><->
      
l.373 $
       S$
Not a real error.

./Block_20theory_20ch1.md.tex:373: Preview: Snippet 364 ended.(447828+0x439636).
<-><->
      
l.373 $S$
         
Not a real error.

[364]
./Block_20theory_20ch1.md.tex:374: Preview: Snippet 365 started.
<-><->
      
l.374 $
       S$
Not a real error.

./Block_20theory_20ch1.md.tex:374: Preview: Snippet 365 ended.(447828+0x439636).
<-><->
      
l.374 $S$
         
Not a real error.

[365]
./Block_20theory_20ch1.md.tex:375: Preview: Snippet 366 started.
<-><->
      
l.375 $
       Ind_N^G(T)$
Not a real error.

./Block_20theory_20ch1.md.tex:375: Preview: Snippet 366 ended.(551306+180508x2554786).
<-><->
      
l.375 $Ind_N^G(T)$
                  
Not a real error.

[366]
./Block_20theory_20ch1.md.tex:376: Preview: Snippet 367 started.
<-><->
      
l.376 $
       k[N]$
Not a real error.

./Block_20theory_20ch1.md.tex:376: Preview: Snippet 367 ended.(491520+163840x1323918).
<-><->
      
l.376 $k[N]$
            
Not a real error.

[367]
./Block_20theory_20ch1.md.tex:377: Preview: Snippet 368 started.
<-><->
      
l.377 $
       T$
Not a real error.

./Block_20theory_20ch1.md.tex:377: Preview: Snippet 368 ended.(447828+0x473999).
<-><->
      
l.377 $T$
         
Not a real error.

[368]
./Block_20theory_20ch1.md.tex:378: Preview: Snippet 369 started.
<-><->
      
l.378 $
       J(A)$
Not a real error.

./Block_20theory_20ch1.md.tex:378: Preview: Snippet 369 ended.(491520+163840x1427686).
<-><->
      
l.378 $J(A)$
            
Not a real error.

[369]
./Block_20theory_20ch1.md.tex:379: Preview: Snippet 370 started.
<-><->
      
l.379 $
       A$
Not a real error.

./Block_20theory_20ch1.md.tex:379: Preview: Snippet 370 ended.(447828+0x491521).
<-><->
      
l.379 $A$
         
Not a real error.

[370]
./Block_20theory_20ch1.md.tex:380: Preview: Snippet 371 started.
<-><->
      
l.380 $
       J(A)$
Not a real error.

./Block_20theory_20ch1.md.tex:380: Preview: Snippet 371 ended.(491520+163840x1427686).
<-><->
      
l.380 $J(A)$
            
Not a real error.

[371]
./Block_20theory_20ch1.md.tex:381: Preview: Snippet 372 started.
<-><->
      
l.381 $
       a \in A$
Not a real error.

./Block_20theory_20ch1.md.tex:381: Preview: Snippet 372 ended.(447828+25623x1638925).
<-><->
      
l.381 $a \in A$
               
Not a real error.

[372]
./Block_20theory_20ch1.md.tex:382: Preview: Snippet 373 started.
<-><->
      
l.382 $
       aS=\{0\}$
Not a real error.

./Block_20theory_20ch1.md.tex:382: Preview: Snippet 373 ended.(491520+163840x2642901).
<-><->
      
l.382 $aS=\{0\}$
                
Not a real error.

[373]
./Block_20theory_20ch1.md.tex:383: Preview: Snippet 374 started.
<-><->
      
l.383 $
       S$
Not a real error.

./Block_20theory_20ch1.md.tex:383: Preview: Snippet 374 ended.(447828+0x439636).
<-><->
      
l.383 $S$
         
Not a real error.

[374]
./Block_20theory_20ch1.md.tex:384: Preview: Snippet 375 started.
<-><->
      
l.384 $
       A$
Not a real error.

./Block_20theory_20ch1.md.tex:384: Preview: Snippet 375 ended.(447828+0x491521).
<-><->
      
l.384 $A$
         
Not a real error.

[375]
./Block_20theory_20ch1.md.tex:385: Preview: Snippet 376 started.
<-><->
      
l.385 $
       M$
Not a real error.

./Block_20theory_20ch1.md.tex:385: Preview: Snippet 376 ended.(447828+0x707242).
<-><->
      
l.385 $M$
         
Not a real error.

[376]
./Block_20theory_20ch1.md.tex:386: Preview: Snippet 377 started.
<-><->
      
l.386 $
       N$
Not a real error.

./Block_20theory_20ch1.md.tex:386: Preview: Snippet 377 ended.(447828+0x598014).
<-><->
      
l.386 $N$
         
Not a real error.

[377]
./Block_20theory_20ch1.md.tex:387: Preview: Snippet 378 started.
<-><->
      
l.387 $
       M$
Not a real error.

./Block_20theory_20ch1.md.tex:387: Preview: Snippet 378 ended.(447828+0x707242).
<-><->
      
l.387 $M$
         
Not a real error.

[378]
./Block_20theory_20ch1.md.tex:388: Preview: Snippet 379 started.
<-><->
      
l.388 $
       M=N+J(A)M$
Not a real error.

./Block_20theory_20ch1.md.tex:388: Preview: Snippet 379 ended.(491520+163840x5114980).
<-><->
      
l.388 $M=N+J(A)M$
                 
Not a real error.

[379]
./Block_20theory_20ch1.md.tex:389: Preview: Snippet 380 started.
<-><->
      
l.389 $
       M=N$
Not a real error.

./Block_20theory_20ch1.md.tex:389: Preview: Snippet 380 ended.(447828+0x2179062).
<-><->
      
l.389 $M=N$
           
Not a real error.

[380]
./Block_20theory_20ch1.md.tex:390: Preview: Snippet 381 started.
<-><->
      
l.390 $
       J(A)M=M$
Not a real error.

./Block_20theory_20ch1.md.tex:390: Preview: Snippet 381 ended.(491520+163840x3715976).
<-><->
      
l.390 $J(A)M=M$
               
Not a real error.

[381]
./Block_20theory_20ch1.md.tex:391: Preview: Snippet 382 started.
<-><->
      
l.391 $
       M=\{0\}$
Not a real error.

./Block_20theory_20ch1.md.tex:391: Preview: Snippet 382 ended.(491520+163840x2564091).
<-><->
      
l.391 $M=\{0\}$
               
Not a real error.

[382]
./Block_20theory_20ch1.md.tex:392: Preview: Snippet 383 started.
<-><->
      
l.392 $
       M$
Not a real error.

./Block_20theory_20ch1.md.tex:392: Preview: Snippet 383 ended.(447828+0x707242).
<-><->
      
l.392 $M$
         
Not a real error.

[383]
./Block_20theory_20ch1.md.tex:393: Preview: Snippet 384 started.
<-><->
      
l.393 $
       V$
Not a real error.

./Block_20theory_20ch1.md.tex:393: Preview: Snippet 384 ended.(447828+0x527929).
<-><->
      
l.393 $V$
         
Not a real error.

[384]
./Block_20theory_20ch1.md.tex:394: Preview: Snippet 385 started.
<-><->
      
l.394 $
       J(A)M/V=0$
Not a real error.

./Block_20theory_20ch1.md.tex:394: Preview: Snippet 385 ended.(491520+163840x4155616).
<-><->
      
l.394 $J(A)M/V=0$
                 
Not a real error.

[385]
./Block_20theory_20ch1.md.tex:395: Preview: Snippet 386 started.
<-><->
      
l.395 $
       J(A)M \subseteq V$
Not a real error.

./Block_20theory_20ch1.md.tex:395: Preview: Snippet 386 ended.(491520+163840x3536663).
<-><->
      
l.395 $J(A)M \subseteq V$
                         
Not a real error.

[386]
./Block_20theory_20ch1.md.tex:396: Preview: Snippet 387 started.
<-><->
      
l.396 $
       M \subseteq V$
Not a real error.

./Block_20theory_20ch1.md.tex:396: Preview: Snippet 387 ended.(447828+89110x2108977).
<-><->
      
l.396 $M \subseteq V$
                     
Not a real error.

[387]
./Block_20theory_20ch1.md.tex:397: Preview: Snippet 388 started.
<-><->
      
l.397 $
       N=M$
Not a real error.

./Block_20theory_20ch1.md.tex:397: Preview: Snippet 388 ended.(447828+0x2179062).
<-><->
      
l.397 $N=M$
           
Not a real error.

[388]
./Block_20theory_20ch1.md.tex:398: Preview: Snippet 389 started.
<-><->
      
l.398 $
       I$
Not a real error.

./Block_20theory_20ch1.md.tex:398: Preview: Snippet 389 ended.(447828+0x339512).
<-><->
      
l.398 $I$
         
Not a real error.

[389]
./Block_20theory_20ch1.md.tex:399: Preview: Snippet 390 started.
<-><->
      
l.399 $
       A$
Not a real error.

./Block_20theory_20ch1.md.tex:399: Preview: Snippet 390 ended.(447828+0x491521).
<-><->
      
l.399 $A$
         
Not a real error.

[390]
./Block_20theory_20ch1.md.tex:400: Preview: Snippet 391 started.
<-><->
      
l.400 $
       n$
Not a real error.

./Block_20theory_20ch1.md.tex:400: Preview: Snippet 391 ended.(282168+0x393370).
<-><->
      
l.400 $n$
         
Not a real error.

[391]
./Block_20theory_20ch1.md.tex:401: Preview: Snippet 392 started.
<-><->
      
l.401 $
       I^n:=\{\prod_{i=1}^na_i:a_i \in I\}$
Not a real error.

./Block_20theory_20ch1.md.tex:401: Preview: Snippet 392 ended.(527024+196611x6833212).
<-><->
      
l.401 $I^n:=\{\prod_{i=1}^na_i:a_i \in I\}$
                                           
Not a real error.

[392]
./Block_20theory_20ch1.md.tex:402: Preview: Snippet 393 started.
<-><->
      
l.402 $
       \{0\}$
Not a real error.

./Block_20theory_20ch1.md.tex:402: Preview: Snippet 393 ended.(491520+163840x983043).
<-><->
      
l.402 $\{0\}$
             
Not a real error.

[393]
./Block_20theory_20ch1.md.tex:403: Preview: Snippet 394 started.
<-><->
      
l.403 $
       A$
Not a real error.

./Block_20theory_20ch1.md.tex:403: Preview: Snippet 394 ended.(447828+0x491521).
<-><->
      
l.403 $A$
         
Not a real error.

[394]
./Block_20theory_20ch1.md.tex:404: Preview: Snippet 395 started.
<-><->
      
l.404 $
       1+J(A)$
Not a real error.

./Block_20theory_20ch1.md.tex:404: Preview: Snippet 395 ended.(491520+163840x2556357).
<-><->
      
l.404 $1+J(A)$
              
Not a real error.

[395]
./Block_20theory_20ch1.md.tex:405: Preview: Snippet 396 started.
<-><->
      
l.405 $
       A^\times$
Not a real error.

./Block_20theory_20ch1.md.tex:405: Preview: Snippet 396 ended.(521815+0x933890).
<-><->
      
l.405 $A^\times$
                
Not a real error.

[396]
./Block_20theory_20ch1.md.tex:406: Preview: Snippet 397 started.
<-><->
      
l.406 $
       J(A)$
Not a real error.

./Block_20theory_20ch1.md.tex:406: Preview: Snippet 397 ended.(491520+163840x1427686).
<-><->
      
l.406 $J(A)$
            
Not a real error.

[397]
./Block_20theory_20ch1.md.tex:407: Preview: Snippet 398 started.
<-><->
      
l.407 $
       A$
Not a real error.

./Block_20theory_20ch1.md.tex:407: Preview: Snippet 398 ended.(447828+0x491521).
<-><->
      
l.407 $A$
         
Not a real error.

[398]
./Block_20theory_20ch1.md.tex:408: Preview: Snippet 399 started.
<-><->
      
l.408 $
       J(A)$
Not a real error.

./Block_20theory_20ch1.md.tex:408: Preview: Snippet 399 ended.(491520+163840x1427686).
<-><->
      
l.408 $J(A)$
            
Not a real error.

[399]
./Block_20theory_20ch1.md.tex:409: Preview: Snippet 400 started.
<-><->
      
l.409 $
       \alpha$
Not a real error.

./Block_20theory_20ch1.md.tex:409: Preview: Snippet 400 ended.(282168+0x421661).
<-><->
      
l.409 $\alpha$
              
Not a real error.

[400]
./Block_20theory_20ch1.md.tex:410: Preview: Snippet 401 started.
<-><->
      
l.410 $
       A$
Not a real error.

./Block_20theory_20ch1.md.tex:410: Preview: Snippet 401 ended.(447828+0x491521).
<-><->
      
l.410 $A$
         
Not a real error.

[401]
./Block_20theory_20ch1.md.tex:411: Preview: Snippet 402 started.
<-><->
      
l.411 $
       \alpha(J(A))=J(A)$
Not a real error.

./Block_20theory_20ch1.md.tex:411: Preview: Snippet 402 ended.(491520+163840x4660565).
<-><->
      
l.411 $\alpha(J(A))=J(A)$
                         
Not a real error.

[402]
./Block_20theory_20ch1.md.tex:412: Preview: Snippet 403 started.
<-><->
      
l.412 $
       G$
Not a real error.

./Block_20theory_20ch1.md.tex:412: Preview: Snippet 403 ended.(447828+0x515276).
<-><->
      
l.412 $G$
         
Not a real error.

[403]
./Block_20theory_20ch1.md.tex:413: Preview: Snippet 404 started.
<-><->
      
l.413 $
       A$
Not a real error.

./Block_20theory_20ch1.md.tex:413: Preview: Snippet 404 ended.(447828+0x491521).
<-><->
      
l.413 $A$
         
Not a real error.

[404]
./Block_20theory_20ch1.md.tex:414: Preview: Snippet 405 started.
<-><->
      
l.414 $
       J(A)$
Not a real error.

./Block_20theory_20ch1.md.tex:414: Preview: Snippet 405 ended.(491520+163840x1427686).
<-><->
      
l.414 $J(A)$
            
Not a real error.

[405]
./Block_20theory_20ch1.md.tex:415: Preview: Snippet 406 started.
<-><->
      
l.415 $
       G$
Not a real error.

./Block_20theory_20ch1.md.tex:415: Preview: Snippet 406 ended.(447828+0x515276).
<-><->
      
l.415 $G$
         
Not a real error.

[406]
./Block_20theory_20ch1.md.tex:416: Preview: Snippet 407 started.
<-><->
      
l.416 $
       a \in J(A)$
Not a real error.

./Block_20theory_20ch1.md.tex:416: Preview: Snippet 407 ended.(491520+163840x2575090).
<-><->
      
l.416 $a \in J(A)$
                  
Not a real error.

[407]
./Block_20theory_20ch1.md.tex:417: Preview: Snippet 408 started.
<-><->
      
l.417 $
       A=Aa+A(1-a)=J(A)+A(1-a)$
Not a real error.

./Block_20theory_20ch1.md.tex:417: Preview: Snippet 408 ended.(491520+163840x11059404).
<-><->
      
l.417 $A=Aa+A(1-a)=J(A)+A(1-a)$
                               
Not a real error.

[408]
./Block_20theory_20ch1.md.tex:418: Preview: Snippet 409 started.
<-><->
      
l.418 $
       A=A(1-a)$
Not a real error.

./Block_20theory_20ch1.md.tex:418: Preview: Snippet 409 ended.(491520+163840x3841661).
<-><->
      
l.418 $A=A(1-a)$
                
Not a real error.

[409]
./Block_20theory_20ch1.md.tex:419: Preview: Snippet 410 started.
<-><->
      
l.419 $
       1-a$
Not a real error.

./Block_20theory_20ch1.md.tex:419: Preview: Snippet 410 ended.(422343+54613x1475087).
<-><->
      
l.419 $1-a$
           
Not a real error.

[410]
./Block_20theory_20ch1.md.tex:420: Preview: Snippet 411 started.
<-><->
      
l.420 $
       1-b$
Not a real error.

./Block_20theory_20ch1.md.tex:420: Preview: Snippet 411 ended.(455111+54613x1409929).
<-><->
      
l.420 $1-b$
           
Not a real error.

[411]
./Block_20theory_20ch1.md.tex:421: Preview: Snippet 412 started.
<-><->
      
l.421 $
       b=ba-a \in J(A)$
Not a real error.

./Block_20theory_20ch1.md.tex:421: Preview: Snippet 412 ended.(491520+163840x5158818).
<-><->
      
l.421 $b=ba-a \in J(A)$
                       
Not a real error.

[412]
./Block_20theory_20ch1.md.tex:422: Preview: Snippet 413 started.
<-><->
      
l.422 $
       IS$
Not a real error.

./Block_20theory_20ch1.md.tex:422: Preview: Snippet 413 ended.(447828+0x779148).
<-><->
      
l.422 $IS$
          
Not a real error.

[413]
./Block_20theory_20ch1.md.tex:423: Preview: Snippet 414 started.
<-><->
      
l.423 $
       S$
Not a real error.

./Block_20theory_20ch1.md.tex:423: Preview: Snippet 414 ended.(447828+0x439636).
<-><->
      
l.423 $S$
         
Not a real error.

[414]
./Block_20theory_20ch1.md.tex:424: Preview: Snippet 415 started.
<-><->
      
l.424 $
       A$
Not a real error.

./Block_20theory_20ch1.md.tex:424: Preview: Snippet 415 ended.(447828+0x491521).
<-><->
      
l.424 $A$
         
Not a real error.

[415]
./Block_20theory_20ch1.md.tex:425: Preview: Snippet 416 started.
<-><->
      
l.425 $
       \{0\}$
Not a real error.

./Block_20theory_20ch1.md.tex:425: Preview: Snippet 416 ended.(491520+163840x983043).
<-><->
      
l.425 $\{0\}$
             
Not a real error.

[416]
./Block_20theory_20ch1.md.tex:426: Preview: Snippet 417 started.
<-><->
      
l.426 $
       S$
Not a real error.

./Block_20theory_20ch1.md.tex:426: Preview: Snippet 417 ended.(447828+0x439636).
<-><->
      
l.426 $S$
         
Not a real error.

[417]
./Block_20theory_20ch1.md.tex:427: Preview: Snippet 418 started.
<-><->
      
l.427 $
       I^nS=\{0\}$
Not a real error.

./Block_20theory_20ch1.md.tex:427: Preview: Snippet 418 ended.(491520+163840x2992731).
<-><->
      
l.427 $I^nS=\{0\}$
                  
Not a real error.

[418]
./Block_20theory_20ch1.md.tex:428: Preview: Snippet 419 started.
<-><->
      
l.428 $
       _\alpha S$
Not a real error.

./Block_20theory_20ch1.md.tex:428: Preview: Snippet 419 ended.(447828+98303x813110).
<-><->
      
l.428 $_\alpha S$
                 
Not a real error.

[419]
./Block_20theory_20ch1.md.tex:429: Preview: Snippet 420 started.
<-><->
      
l.429 $
       a \in A$
Not a real error.

./Block_20theory_20ch1.md.tex:429: Preview: Snippet 420 ended.(447828+25623x1638925).
<-><->
      
l.429 $a \in A$
               
Not a real error.

[420]
./Block_20theory_20ch1.md.tex:430: Preview: Snippet 421 started.
<-><->
      
l.430 $
       \alpha(a)$
Not a real error.

./Block_20theory_20ch1.md.tex:430: Preview: Snippet 421 ended.(491520+163840x1277803).
<-><->
      
l.430 $\alpha(a)$
                 
Not a real error.

[421]
./Block_20theory_20ch1.md.tex:431: Preview: Snippet 422 started.
<-><->
      
l.431 $
       S\, \mapsto \,_\alpha S$
Not a real error.

./Block_20theory_20ch1.md.tex:431: Preview: Snippet 422 ended.(447828+98303x2490635).
<-><->
      
l.431 $S\, \mapsto \,_\alpha S$
                               
Not a real error.

[422]
./Block_20theory_20ch1.md.tex:432: Preview: Snippet 423 started.
<-><->
      
l.432 $
       J(A)$
Not a real error.

./Block_20theory_20ch1.md.tex:432: Preview: Snippet 423 ended.(491520+163840x1427686).
<-><->
      
l.432 $J(A)$
            
Not a real error.

[423]
./Block_20theory_20ch1.md.tex:433: Preview: Snippet 424 started.
<-><->
      
l.433 $
       \alpha$
Not a real error.

./Block_20theory_20ch1.md.tex:433: Preview: Snippet 424 ended.(282168+0x421661).
<-><->
      
l.433 $\alpha$
              
Not a real error.

[424]
./Block_20theory_20ch1.md.tex:434: Preview: Snippet 425 started.
<-><->
      
l.434 $
       A$
Not a real error.

./Block_20theory_20ch1.md.tex:434: Preview: Snippet 425 ended.(447828+0x491521).
<-><->
      
l.434 $A$
         
Not a real error.

[425]
./Block_20theory_20ch1.md.tex:435: Preview: Snippet 426 started.
<-><->
      
l.435 $
       J(A)$
Not a real error.

./Block_20theory_20ch1.md.tex:435: Preview: Snippet 426 ended.(491520+163840x1427686).
<-><->
      
l.435 $J(A)$
            
Not a real error.

[426]
./Block_20theory_20ch1.md.tex:436: Preview: Snippet 427 started.
<-><->
      
l.436 $
       A$
Not a real error.

./Block_20theory_20ch1.md.tex:436: Preview: Snippet 427 ended.(447828+0x491521).
<-><->
      
l.436 $A$
         
Not a real error.

[427]
./Block_20theory_20ch1.md.tex:437: Preview: Snippet 428 started.
<-><->
      
l.437 $
       A$
Not a real error.

./Block_20theory_20ch1.md.tex:437: Preview: Snippet 428 ended.(447828+0x491521).
<-><->
      
l.437 $A$
         
Not a real error.

[428]
./Block_20theory_20ch1.md.tex:438: Preview: Snippet 429 started.
<-><->
      
l.438 $
       J(A) \subseteq \cap_M M$
Not a real error.

./Block_20theory_20ch1.md.tex:438: Preview: Snippet 429 ended.(491520+163840x4027366).
<-><->
      
l.438 $J(A) \subseteq \cap_M M$
                               
Not a real error.

[429]
./Block_20theory_20ch1.md.tex:439: Preview: Snippet 430 started.
<-><->
      
l.439 $
       M$
Not a real error.

./Block_20theory_20ch1.md.tex:439: Preview: Snippet 430 ended.(447828+0x707242).
<-><->
      
l.439 $M$
         
Not a real error.

[430]
./Block_20theory_20ch1.md.tex:440: Preview: Snippet 431 started.
<-><->
      
l.440 $
       A$
Not a real error.

./Block_20theory_20ch1.md.tex:440: Preview: Snippet 431 ended.(447828+0x491521).
<-><->
      
l.440 $A$
         
Not a real error.

[431]
./Block_20theory_20ch1.md.tex:441: Preview: Snippet 432 started.
<-><->
      
l.441 $
       S$
Not a real error.

./Block_20theory_20ch1.md.tex:441: Preview: Snippet 432 ended.(447828+0x439636).
<-><->
      
l.441 $S$
         
Not a real error.

[432]
./Block_20theory_20ch1.md.tex:442: Preview: Snippet 433 started.
<-><->
      
l.442 $
       A \rightarrow S$
Not a real error.

./Block_20theory_20ch1.md.tex:442: Preview: Snippet 433 ended.(447828+0x1950598).
<-><->
      
l.442 $A \rightarrow S$
                       
Not a real error.

[433]
./Block_20theory_20ch1.md.tex:443: Preview: Snippet 434 started.
<-><->
      
l.443 $
       a \mapsto as$
Not a real error.

./Block_20theory_20ch1.md.tex:443: Preview: Snippet 434 ended.(282168+0x2019473).
<-><->
      
l.443 $a \mapsto as$
                    
Not a real error.

[434]
./Block_20theory_20ch1.md.tex:444: Preview: Snippet 435 started.
<-><->
      
l.444 $
       s \in S$
Not a real error.

./Block_20theory_20ch1.md.tex:444: Preview: Snippet 435 ended.(447828+25623x1547824).
<-><->
      
l.444 $s \in S$
               
Not a real error.

[435]
./Block_20theory_20ch1.md.tex:445: Preview: Snippet 436 started.
<-><->
      
l.445 $
       M_s$
Not a real error.

./Block_20theory_20ch1.md.tex:445: Preview: Snippet 436 ended.(447828+98303x915913).
<-><->
      
l.445 $M_s$
           
Not a real error.

[436]
./Block_20theory_20ch1.md.tex:446: Preview: Snippet 437 started.
<-><->
      
l.446 $
       s$
Not a real error.

./Block_20theory_20ch1.md.tex:446: Preview: Snippet 437 ended.(282168+0x307200).
<-><->
      
l.446 $s$
         
Not a real error.

[437]
./Block_20theory_20ch1.md.tex:447: Preview: Snippet 438 started.
<-><->
      
l.447 $
       I_S$
Not a real error.

./Block_20theory_20ch1.md.tex:447: Preview: Snippet 438 ended.(447828+98303x667741).
<-><->
      
l.447 $I_S$
           
Not a real error.

[438]
./Block_20theory_20ch1.md.tex:448: Preview: Snippet 439 started.
<-><->
      
l.448 $
       M_s$
Not a real error.

./Block_20theory_20ch1.md.tex:448: Preview: Snippet 439 ended.(447828+98303x915913).
<-><->
      
l.448 $M_s$
           
Not a real error.

[439]
./Block_20theory_20ch1.md.tex:449: Preview: Snippet 440 started.
<-><->
      
l.449 $
       S$
Not a real error.

./Block_20theory_20ch1.md.tex:449: Preview: Snippet 440 ended.(447828+0x439636).
<-><->
      
l.449 $S$
         
Not a real error.

[440]
./Block_20theory_20ch1.md.tex:450: Preview: Snippet 441 started.
<-><->
      
l.450 $
       A$
Not a real error.

./Block_20theory_20ch1.md.tex:450: Preview: Snippet 441 ended.(447828+0x491521).
<-><->
      
l.450 $A$
         
Not a real error.

[441]
./Block_20theory_20ch1.md.tex:451: Preview: Snippet 442 started.
<-><->
      
l.451 $
       I_S$
Not a real error.

./Block_20theory_20ch1.md.tex:451: Preview: Snippet 442 ended.(447828+98303x667741).
<-><->
      
l.451 $I_S$
           
Not a real error.

[442]
./Block_20theory_20ch1.md.tex:452: Preview: Snippet 443 started.
<-><->
      
l.452 $
       A$
Not a real error.

./Block_20theory_20ch1.md.tex:452: Preview: Snippet 443 ended.(447828+0x491521).
<-><->
      
l.452 $A$
         
Not a real error.

[443]
./Block_20theory_20ch1.md.tex:453: Preview: Snippet 444 started.
<-><->
      
l.453 $
       S$
Not a real error.

./Block_20theory_20ch1.md.tex:453: Preview: Snippet 444 ended.(447828+0x439636).
<-><->
      
l.453 $S$
         
Not a real error.

[444]
./Block_20theory_20ch1.md.tex:454: Preview: Snippet 445 started.
<-><->
      
l.454 $
       J(A)$
Not a real error.

./Block_20theory_20ch1.md.tex:454: Preview: Snippet 445 ended.(491520+163840x1427686).
<-><->
      
l.454 $J(A)$
            
Not a real error.

[445]
./Block_20theory_20ch1.md.tex:455: Preview: Snippet 446 started.
<-><->
      
l.455 $
       I_S$
Not a real error.

./Block_20theory_20ch1.md.tex:455: Preview: Snippet 446 ended.(447828+98303x667741).
<-><->
      
l.455 $I_S$
           
Not a real error.

[446]
./Block_20theory_20ch1.md.tex:456: Preview: Snippet 447 started.
<-><->
      
l.456 $
       A$
Not a real error.

./Block_20theory_20ch1.md.tex:456: Preview: Snippet 447 ended.(447828+0x491521).
<-><->
      
l.456 $A$
         
Not a real error.

[447]
./Block_20theory_20ch1.md.tex:457: Preview: Snippet 448 started.
<-><->
      
l.457 $
       I \subseteq J(A)$
Not a real error.

./Block_20theory_20ch1.md.tex:457: Preview: Snippet 448 ended.(491520+163840x2641004).
<-><->
      
l.457 $I \subseteq J(A)$
                        
Not a real error.

[448]
./Block_20theory_20ch1.md.tex:458: Preview: Snippet 449 started.
<-><->
      
l.458 $
       A$
Not a real error.

./Block_20theory_20ch1.md.tex:458: Preview: Snippet 449 ended.(447828+0x491521).
<-><->
      
l.458 $A$
         
Not a real error.

[449]
./Block_20theory_20ch1.md.tex:459: Preview: Snippet 450 started.
<-><->
      
l.459 $
       $
Not a real error.

./Block_20theory_20ch1.md.tex:461: Preview: Snippet 450 ended.(950272+0x22609920).
<-><->
      
l.461 $$
        
Not a real error.

[450]
./Block_20theory_20ch1.md.tex:462: Preview: Snippet 451 started.
<-><->
      
l.462 $
       k$
Not a real error.

./Block_20theory_20ch1.md.tex:462: Preview: Snippet 451 ended.(455111+0x361814).
<-><->
      
l.462 $k$
         
Not a real error.

[451]
./Block_20theory_20ch1.md.tex:463: Preview: Snippet 452 started.
<-><->
      
l.463 $
       A$
Not a real error.

./Block_20theory_20ch1.md.tex:463: Preview: Snippet 452 ended.(447828+0x491521).
<-><->
      
l.463 $A$
         
Not a real error.

[452]
./Block_20theory_20ch1.md.tex:464: Preview: Snippet 453 started.
<-><->
      
l.464 $
       J(A)$
Not a real error.

./Block_20theory_20ch1.md.tex:464: Preview: Snippet 453 ended.(491520+163840x1427686).
<-><->
      
l.464 $J(A)$
            
Not a real error.

[453]
./Block_20theory_20ch1.md.tex:465: Preview: Snippet 454 started.
<-><->
      
l.465 $
       A$
Not a real error.

./Block_20theory_20ch1.md.tex:465: Preview: Snippet 454 ended.(447828+0x491521).
<-><->
      
l.465 $A$
         
Not a real error.

[454]
./Block_20theory_20ch1.md.tex:466: Preview: Snippet 455 started.
<-><->
      
l.466 $
       B$
Not a real error.

./Block_20theory_20ch1.md.tex:466: Preview: Snippet 455 ended.(447828+0x529977).
<-><->
      
l.466 $B$
         
Not a real error.

[455]
./Block_20theory_20ch1.md.tex:467: Preview: Snippet 456 started.
<-><->
      
l.467 $
       A$
Not a real error.

./Block_20theory_20ch1.md.tex:467: Preview: Snippet 456 ended.(447828+0x491521).
<-><->
      
l.467 $A$
         
Not a real error.

[456]
./Block_20theory_20ch1.md.tex:468: Preview: Snippet 457 started.
<-><->
      
l.468 $
       J(A) \cap B \subseteq J(B)$
Not a real error.

./Block_20theory_20ch1.md.tex:468: Preview: Snippet 457 ended.(491520+163840x5025783).
<-><->
      
l.468 $J(A) \cap B \subseteq J(B)$
                                  
Not a real error.

[457]
./Block_20theory_20ch1.md.tex:469: Preview: Snippet 458 started.
<-><->
      
l.469 $
       J(Z(A))=J(A) \cap Z(A)$
Not a real error.

./Block_20theory_20ch1.md.tex:469: Preview: Snippet 458 ended.(491520+163840x6956825).
<-><->
      
l.469 $J(Z(A))=J(A) \cap Z(A)$
                              
Not a real error.

[458]
./Block_20theory_20ch1.md.tex:470: Preview: Snippet 459 started.
<-><->
      
l.470 $
       J(A)$
Not a real error.

./Block_20theory_20ch1.md.tex:470: Preview: Snippet 459 ended.(491520+163840x1427686).
<-><->
      
l.470 $J(A)$
            
Not a real error.

[459]
./Block_20theory_20ch1.md.tex:471: Preview: Snippet 460 started.
<-><->
      
l.471 $
       A$
Not a real error.

./Block_20theory_20ch1.md.tex:471: Preview: Snippet 460 ended.(447828+0x491521).
<-><->
      
l.471 $A$
         
Not a real error.

[460]
./Block_20theory_20ch1.md.tex:472: Preview: Snippet 461 started.
<-><->
      
l.472 $
       J(A)$
Not a real error.

./Block_20theory_20ch1.md.tex:472: Preview: Snippet 461 ended.(491520+163840x1427686).
<-><->
      
l.472 $J(A)$
            
Not a real error.

[461]
./Block_20theory_20ch1.md.tex:473: Preview: Snippet 462 started.
<-><->
      
l.473 $
       J(A) \supseteq J(A)^2 \supseteq \cdots$
Not a real error.

./Block_20theory_20ch1.md.tex:473: Preview: Snippet 462 ended.(533465+163840x5770794).
<-><->
      
l.473 $J(A) \supseteq J(A)^2 \supseteq \cdots$
                                              
Not a real error.

[462]
./Block_20theory_20ch1.md.tex:474: Preview: Snippet 463 started.
<-><->
      
l.474 $
       A$
Not a real error.

./Block_20theory_20ch1.md.tex:474: Preview: Snippet 463 ended.(447828+0x491521).
<-><->
      
l.474 $A$
         
Not a real error.

[463]
./Block_20theory_20ch1.md.tex:475: Preview: Snippet 464 started.
<-><->
      
l.475 $
       J(A)^n=J(A)^{n+1}$
Not a real error.

./Block_20theory_20ch1.md.tex:475: Preview: Snippet 464 ended.(533465+163840x5106201).
<-><->
      
l.475 $J(A)^n=J(A)^{n+1}$
                         
Not a real error.

[464]
./Block_20theory_20ch1.md.tex:476: Preview: Snippet 465 started.
<-><->
      
l.476 $
       n$
Not a real error.

./Block_20theory_20ch1.md.tex:476: Preview: Snippet 465 ended.(282168+0x393370).
<-><->
      
l.476 $n$
         
Not a real error.

[465]
./Block_20theory_20ch1.md.tex:477: Preview: Snippet 466 started.
<-><->
      
l.477 $
       J(A)$
Not a real error.

./Block_20theory_20ch1.md.tex:477: Preview: Snippet 466 ended.(491520+163840x1427686).
<-><->
      
l.477 $J(A)$
            
Not a real error.

[466]
./Block_20theory_20ch1.md.tex:478: Preview: Snippet 467 started.
<-><->
      
l.478 $
       J(A) \cap B$
Not a real error.

./Block_20theory_20ch1.md.tex:478: Preview: Snippet 467 ended.(491520+163840x2685835).
<-><->
      
l.478 $J(A) \cap B$
                   
Not a real error.

[467]
./Block_20theory_20ch1.md.tex:479: Preview: Snippet 468 started.
<-><->
      
l.479 $
       B$
Not a real error.

./Block_20theory_20ch1.md.tex:479: Preview: Snippet 468 ended.(447828+0x529977).
<-><->
      
l.479 $B$
         
Not a real error.

[468]
./Block_20theory_20ch1.md.tex:480: Preview: Snippet 469 started.
<-><->
      
l.480 $
       J(B)$
Not a real error.

./Block_20theory_20ch1.md.tex:480: Preview: Snippet 469 ended.(491520+163840x1466142).
<-><->
      
l.480 $J(B)$
            
Not a real error.

[469]
./Block_20theory_20ch1.md.tex:481: Preview: Snippet 470 started.
<-><->
      
l.481 $
       AJ(Z(A))=J(Z(A))A$
Not a real error.

./Block_20theory_20ch1.md.tex:481: Preview: Snippet 470 ended.(491520+163840x6720174).
<-><->
      
l.481 $AJ(Z(A))=J(Z(A))A$
                         
Not a real error.

[470]
./Block_20theory_20ch1.md.tex:482: Preview: Snippet 471 started.
<-><->
      
l.482 $
       A$
Not a real error.

./Block_20theory_20ch1.md.tex:482: Preview: Snippet 471 ended.(447828+0x491521).
<-><->
      
l.482 $A$
         
Not a real error.

[471]
./Block_20theory_20ch1.md.tex:483: Preview: Snippet 472 started.
<-><->
      
l.483 $
       J(Z(A)) = Z(A) \cap J(A)$
Not a real error.

./Block_20theory_20ch1.md.tex:483: Preview: Snippet 472 ended.(491520+163840x6956825).
<-><->
      
l.483 $J(Z(A)) = Z(A) \cap J(A)$
                                
Not a real error.

[472]
./Block_20theory_20ch1.md.tex:484: Preview: Snippet 473 started.
<-><->
      
l.484 $
       J(A) \cap B \subset J(B)$
Not a real error.

./Block_20theory_20ch1.md.tex:484: Preview: Snippet 473 ended.(491520+163840x5025783).
<-><->
      
l.484 $J(A) \cap B \subset J(B)$
                                
Not a real error.

[473]
./Block_20theory_20ch1.md.tex:485: Preview: Snippet 474 started.
<-><->
      
l.485 $
       A \otimes_B T$
Not a real error.

./Block_20theory_20ch1.md.tex:485: Preview: Snippet 474 ended.(447828+98303x2217594).
<-><->
      
l.485 $A \otimes_B T$
                     
Not a real error.

[474]
./Block_20theory_20ch1.md.tex:486: Preview: Snippet 475 started.
<-><->
      
l.486 $
       T$
Not a real error.

./Block_20theory_20ch1.md.tex:486: Preview: Snippet 475 ended.(447828+0x473999).
<-><->
      
l.486 $T$
         
Not a real error.

[475]
./Block_20theory_20ch1.md.tex:487: Preview: Snippet 476 started.
<-><->
      
l.487 $
       B$
Not a real error.

./Block_20theory_20ch1.md.tex:487: Preview: Snippet 476 ended.(447828+0x529977).
<-><->
      
l.487 $B$
         
Not a real error.

[476]
./Block_20theory_20ch1.md.tex:488: Preview: Snippet 477 started.
<-><->
      
l.488 $
       J(A) \cap B \subseteq J(B)$
Not a real error.

./Block_20theory_20ch1.md.tex:488: Preview: Snippet 477 ended.(491520+163840x5025783).
<-><->
      
l.488 $J(A) \cap B \subseteq J(B)$
                                  
Not a real error.

[477]
./Block_20theory_20ch1.md.tex:489: Preview: Snippet 478 started.
<-><->
      
l.489 $
       A$
Not a real error.

./Block_20theory_20ch1.md.tex:489: Preview: Snippet 478 ended.(447828+0x491521).
<-><->
      
l.489 $A$
         
Not a real error.

[478]
./Block_20theory_20ch1.md.tex:490: Preview: Snippet 479 started.
<-><->
      
l.490 $
       I$
Not a real error.

./Block_20theory_20ch1.md.tex:490: Preview: Snippet 479 ended.(447828+0x339512).
<-><->
      
l.490 $I$
         
Not a real error.

[479]
./Block_20theory_20ch1.md.tex:491: Preview: Snippet 480 started.
<-><->
      
l.491 $
       A$
Not a real error.

./Block_20theory_20ch1.md.tex:491: Preview: Snippet 480 ended.(447828+0x491521).
<-><->
      
l.491 $A$
         
Not a real error.

[480]
./Block_20theory_20ch1.md.tex:492: Preview: Snippet 481 started.
<-><->
      
l.492 $
       (J(A)+I)/I \subseteq J(A/I)$
Not a real error.

./Block_20theory_20ch1.md.tex:492: Preview: Snippet 481 ended.(491520+163840x6713792).
<-><->
      
l.492 $(J(A)+I)/I \subseteq J(A/I)$
                                   
Not a real error.

[481]
./Block_20theory_20ch1.md.tex:493: Preview: Snippet 482 started.
<-><->
      
l.493 $
       A$
Not a real error.

./Block_20theory_20ch1.md.tex:493: Preview: Snippet 482 ended.(447828+0x491521).
<-><->
      
l.493 $A$
         
Not a real error.

[482]
./Block_20theory_20ch1.md.tex:494: Preview: Snippet 483 started.
<-><->
      
l.494 $
       B$
Not a real error.

./Block_20theory_20ch1.md.tex:494: Preview: Snippet 483 ended.(447828+0x529977).
<-><->
      
l.494 $B$
         
Not a real error.

[483]
./Block_20theory_20ch1.md.tex:495: Preview: Snippet 484 started.
<-><->
      
l.495 $
       A$
Not a real error.

./Block_20theory_20ch1.md.tex:495: Preview: Snippet 484 ended.(447828+0x491521).
<-><->
      
l.495 $A$
         
Not a real error.

[484]
./Block_20theory_20ch1.md.tex:496: Preview: Snippet 485 started.
<-><->
      
l.496 $
       B$
Not a real error.

./Block_20theory_20ch1.md.tex:496: Preview: Snippet 485 ended.(447828+0x529977).
<-><->
      
l.496 $B$
         
Not a real error.

[485]
./Block_20theory_20ch1.md.tex:497: Preview: Snippet 486 started.
<-><->
      
l.497 $
       J(A) \otimes B+A \otimes J(B) \subseteq J(A \otimes_k B)$
Not a real error.

./Block_20theory_20ch1.md.tex:497: Preview: Snippet 486 ended.(491520+163840x10273203).
<-><->
      
l.497 ... \otimes J(B) \subseteq J(A \otimes_k B)$
                                                  
Not a real error.

[486]
./Block_20theory_20ch1.md.tex:498: Preview: Snippet 487 started.
<-><->
      
l.498 $
       A$
Not a real error.

./Block_20theory_20ch1.md.tex:498: Preview: Snippet 487 ended.(447828+0x491521).
<-><->
      
l.498 $A$
         
Not a real error.

[487]
./Block_20theory_20ch1.md.tex:499: Preview: Snippet 488 started.
<-><->
      
l.499 $
       e$
Not a real error.

./Block_20theory_20ch1.md.tex:499: Preview: Snippet 488 ended.(282168+0x305153).
<-><->
      
l.499 $e$
         
Not a real error.

[488]
./Block_20theory_20ch1.md.tex:500: Preview: Snippet 489 started.
<-><->
      
l.500 $
       A$
Not a real error.

./Block_20theory_20ch1.md.tex:500: Preview: Snippet 489 ended.(447828+0x491521).
<-><->
      
l.500 $A$
         
Not a real error.

[489]
./Block_20theory_20ch1.md.tex:501: Preview: Snippet 490 started.
<-><->
      
l.501 $
       S$
Not a real error.

./Block_20theory_20ch1.md.tex:501: Preview: Snippet 490 ended.(447828+0x439636).
<-><->
      
l.501 $S$
         
Not a real error.

[490]
./Block_20theory_20ch1.md.tex:502: Preview: Snippet 491 started.
<-><->
      
l.502 $
       eS=\{0\}$
Not a real error.

./Block_20theory_20ch1.md.tex:502: Preview: Snippet 491 ended.(491520+163840x2601638).
<-><->
      
l.502 $eS=\{0\}$
                
Not a real error.

[491]
./Block_20theory_20ch1.md.tex:503: Preview: Snippet 492 started.
<-><->
      
l.503 $
       eS$
Not a real error.

./Block_20theory_20ch1.md.tex:503: Preview: Snippet 492 ended.(447828+0x744789).
<-><->
      
l.503 $eS$
          
Not a real error.

[492]
./Block_20theory_20ch1.md.tex:504: Preview: Snippet 493 started.
<-><->
      
l.504 $
       eAe$
Not a real error.

./Block_20theory_20ch1.md.tex:504: Preview: Snippet 493 ended.(447828+0x1101827).
<-><->
      
l.504 $eAe$
           
Not a real error.

[493]
./Block_20theory_20ch1.md.tex:505: Preview: Snippet 494 started.
<-><->
      
l.505 $
       eAe$
Not a real error.

./Block_20theory_20ch1.md.tex:505: Preview: Snippet 494 ended.(447828+0x1101827).
<-><->
      
l.505 $eAe$
           
Not a real error.

[494]
./Block_20theory_20ch1.md.tex:506: Preview: Snippet 495 started.
<-><->
      
l.506 $
       T$
Not a real error.

./Block_20theory_20ch1.md.tex:506: Preview: Snippet 495 ended.(447828+0x473999).
<-><->
      
l.506 $T$
         
Not a real error.

[495]
./Block_20theory_20ch1.md.tex:507: Preview: Snippet 496 started.
<-><->
      
l.507 $
       S$
Not a real error.

./Block_20theory_20ch1.md.tex:507: Preview: Snippet 496 ended.(447828+0x439636).
<-><->
      
l.507 $S$
         
Not a real error.

[496]
./Block_20theory_20ch1.md.tex:508: Preview: Snippet 497 started.
<-><->
      
l.508 $
       eS \simeq T$
Not a real error.

./Block_20theory_20ch1.md.tex:508: Preview: Snippet 497 ended.(447828+0x2092594).
<-><->
      
l.508 $eS \simeq T$
                   
Not a real error.

[497]
./Block_20theory_20ch1.md.tex:509: Preview: Snippet 498 started.
<-><->
      
l.509 $
       eS \neq \{0\}$
Not a real error.

./Block_20theory_20ch1.md.tex:509: Preview: Snippet 498 ended.(491520+163840x2601638).
<-><->
      
l.509 $eS \neq \{0\}$
                     
Not a real error.

[498]
./Block_20theory_20ch1.md.tex:510: Preview: Snippet 499 started.
<-><->
      
l.510 $
       eAe$
Not a real error.

./Block_20theory_20ch1.md.tex:510: Preview: Snippet 499 ended.(447828+0x1101827).
<-><->
      
l.510 $eAe$
           
Not a real error.

[499]
./Block_20theory_20ch1.md.tex:511: Preview: Snippet 500 started.
<-><->
      
l.511 $
       V$
Not a real error.

./Block_20theory_20ch1.md.tex:511: Preview: Snippet 500 ended.(447828+0x527929).
<-><->
      
l.511 $V$
         
Not a real error.

[500]
./Block_20theory_20ch1.md.tex:512: Preview: Snippet 501 started.
<-><->
      
l.512 $
       eS$
Not a real error.

./Block_20theory_20ch1.md.tex:512: Preview: Snippet 501 ended.(447828+0x744789).
<-><->
      
l.512 $eS$
          
Not a real error.

[501]
./Block_20theory_20ch1.md.tex:513: Preview: Snippet 502 started.
<-><->
      
l.513 $
       S=AV=AeV$
Not a real error.

./Block_20theory_20ch1.md.tex:513: Preview: Snippet 502 ended.(447828+0x4531301).
<-><->
      
l.513 $S=AV=AeV$
                
Not a real error.

[502]
./Block_20theory_20ch1.md.tex:514: Preview: Snippet 503 started.
<-><->
      
l.514 $
       eS=eAeV$
Not a real error.

./Block_20theory_20ch1.md.tex:514: Preview: Snippet 503 ended.(447828+0x3248351).
<-><->
      
l.514 $eS=eAeV$
               
Not a real error.

[503]
./Block_20theory_20ch1.md.tex:515: Preview: Snippet 504 started.
<-><->
      
l.515 $
       eAe$
Not a real error.

./Block_20theory_20ch1.md.tex:515: Preview: Snippet 504 ended.(447828+0x1101827).
<-><->
      
l.515 $eAe$
           
Not a real error.

[504]
./Block_20theory_20ch1.md.tex:516: Preview: Snippet 505 started.
<-><->
      
l.516 $
       A \otimes_{eAe} T=Ae \otimes_{eAe} T$
Not a real error.

./Block_20theory_20ch1.md.tex:516: Preview: Snippet 505 ended.(447828+98303x6560375).
<-><->
      
l.516 $A \otimes_{eAe} T=Ae \otimes_{eAe} T$
                                            
Not a real error.

[505]
./Block_20theory_20ch1.md.tex:517: Preview: Snippet 506 started.
<-><->
      
l.517 $
       eAe$
Not a real error.

./Block_20theory_20ch1.md.tex:517: Preview: Snippet 506 ended.(447828+0x1101827).
<-><->
      
l.517 $eAe$
           
Not a real error.

[506]
./Block_20theory_20ch1.md.tex:518: Preview: Snippet 507 started.
<-><->
      
l.518 $
       M$
Not a real error.

./Block_20theory_20ch1.md.tex:518: Preview: Snippet 507 ended.(447828+0x707242).
<-><->
      
l.518 $M$
         
Not a real error.

[507]
./Block_20theory_20ch1.md.tex:519: Preview: Snippet 508 started.
<-><->
      
l.519 $
       S:=A \otimes_{eAe} T/M$
Not a real error.

./Block_20theory_20ch1.md.tex:519: Preview: Snippet 508 ended.(491520+163840x5166504).
<-><->
      
l.519 $S:=A \otimes_{eAe} T/M$
                              
Not a real error.

[508]
./Block_20theory_20ch1.md.tex:520: Preview: Snippet 509 started.
<-><->
      
l.520 $
       \pi:A \otimes_{eAe} T \rightarrow S$
Not a real error.

./Block_20theory_20ch1.md.tex:520: Preview: Snippet 509 ended.(447828+98303x5092996).
<-><->
      
l.520 $\pi:A \otimes_{eAe} T \rightarrow S$
                                           
Not a real error.

[509]
./Block_20theory_20ch1.md.tex:521: Preview: Snippet 510 started.
<-><->
      
l.521 $
       T \rightarrow eS$
Not a real error.

./Block_20theory_20ch1.md.tex:521: Preview: Snippet 510 ended.(447828+0x2238229).
<-><->
      
l.521 $T \rightarrow eS$
                        
Not a real error.

[510]
./Block_20theory_20ch1.md.tex:522: Preview: Snippet 511 started.
<-><->
      
l.522 $
       e \otimes T$
Not a real error.

./Block_20theory_20ch1.md.tex:522: Preview: Snippet 511 ended.(447828+54613x1580142).
<-><->
      
l.522 $e \otimes T$
                   
Not a real error.

[511]
./Block_20theory_20ch1.md.tex:523: Preview: Snippet 512 started.
<-><->
      
l.523 $
       A \otimes T$
Not a real error.

./Block_20theory_20ch1.md.tex:523: Preview: Snippet 512 ended.(447828+54613x1766510).
<-><->
      
l.523 $A \otimes T$
                   
Not a real error.

[512]
./Block_20theory_20ch1.md.tex:524: Preview: Snippet 513 started.
<-><->
      
l.524 $
       Res$
Not a real error.

./Block_20theory_20ch1.md.tex:524: Preview: Snippet 513 ended.(447828+0x1115024).
<-><->
      
l.524 $Res$
           
Not a real error.

[513]
./Block_20theory_20ch1.md.tex:525: Preview: Snippet 514 started.
<-><->
      
l.525 $
       Ind$
Not a real error.

./Block_20theory_20ch1.md.tex:525: Preview: Snippet 514 ended.(455111+0x1073988).
<-><->
      
l.525 $Ind$
           
Not a real error.

[514]
./Block_20theory_20ch1.md.tex:526: Preview: Snippet 515 started.
<-><->
      
l.526 $
       A=Ae$
Not a real error.

./Block_20theory_20ch1.md.tex:526: Preview: Snippet 515 ended.(447828+0x2162001).
<-><->
      
l.526 $A=Ae$
            
Not a real error.

[515]
./Block_20theory_20ch1.md.tex:527: Preview: Snippet 516 started.
<-><->
      
l.527 $
       eAe$
Not a real error.

./Block_20theory_20ch1.md.tex:527: Preview: Snippet 516 ended.(447828+0x1101827).
<-><->
      
l.527 $eAe$
           
Not a real error.

[516]
./Block_20theory_20ch1.md.tex:528: Preview: Snippet 517 started.
<-><->
      
l.528 $
       M$
Not a real error.

./Block_20theory_20ch1.md.tex:528: Preview: Snippet 517 ended.(447828+0x707242).
<-><->
      
l.528 $M$
         
Not a real error.

[517]
./Block_20theory_20ch1.md.tex:529: Preview: Snippet 518 started.
<-><->
      
l.529 $
       S$
Not a real error.

./Block_20theory_20ch1.md.tex:529: Preview: Snippet 518 ended.(447828+0x439636).
<-><->
      
l.529 $S$
         
Not a real error.

[518]
./Block_20theory_20ch1.md.tex:530: Preview: Snippet 519 started.
<-><->
      
l.530 $
       \pi$
Not a real error.

./Block_20theory_20ch1.md.tex:530: Preview: Snippet 519 ended.(282168+0x397086).
<-><->
      
l.530 $\pi$
           
Not a real error.

[519]
./Block_20theory_20ch1.md.tex:531: Preview: Snippet 520 started.
<-><->
      
l.531 $
       T$
Not a real error.

./Block_20theory_20ch1.md.tex:531: Preview: Snippet 520 ended.(447828+0x473999).
<-><->
      
l.531 $T$
         
Not a real error.

[520]
./Block_20theory_20ch1.md.tex:532: Preview: Snippet 521 started.
<-><->
      
l.532 $
       M$
Not a real error.

./Block_20theory_20ch1.md.tex:532: Preview: Snippet 521 ended.(447828+0x707242).
<-><->
      
l.532 $M$
         
Not a real error.

[521]
./Block_20theory_20ch1.md.tex:533: Preview: Snippet 522 started.
<-><->
      
l.533 $
       eM=\{0\}$
Not a real error.

./Block_20theory_20ch1.md.tex:533: Preview: Snippet 522 ended.(491520+163840x2869244).
<-><->
      
l.533 $eM=\{0\}$
                
Not a real error.

[522]
./Block_20theory_20ch1.md.tex:534: Preview: Snippet 523 started.
<-><->
      
l.534 $
       S$
Not a real error.

./Block_20theory_20ch1.md.tex:534: Preview: Snippet 523 ended.(447828+0x439636).
<-><->
      
l.534 $S$
         
Not a real error.

[523]
./Block_20theory_20ch1.md.tex:535: Preview: Snippet 524 started.
<-><->
      
l.535 $
       Hom_{eAe}(A,T)$
Not a real error.

./Block_20theory_20ch1.md.tex:535: Preview: Snippet 524 ended.(491520+163840x4181810).
<-><->
      
l.535 $Hom_{eAe}(A,T)$
                      
Not a real error.

[524]
./Block_20theory_20ch1.md.tex:536: Preview: Snippet 525 started.
<-><->
      
l.536 $
       A$
Not a real error.

./Block_20theory_20ch1.md.tex:536: Preview: Snippet 525 ended.(447828+0x491521).
<-><->
      
l.536 $A$
         
Not a real error.

[525]
./Block_20theory_20ch1.md.tex:537: Preview: Snippet 526 started.
<-><->
      
l.537 $
       M$
Not a real error.

./Block_20theory_20ch1.md.tex:537: Preview: Snippet 526 ended.(447828+0x707242).
<-><->
      
l.537 $M$
         
Not a real error.

[526]
./Block_20theory_20ch1.md.tex:538: Preview: Snippet 527 started.
<-><->
      
l.538 $
       J$
Not a real error.

./Block_20theory_20ch1.md.tex:538: Preview: Snippet 527 ended.(447828+0x426439).
<-><->
      
l.538 $J$
         
Not a real error.

[527]
./Block_20theory_20ch1.md.tex:539: Preview: Snippet 528 started.
<-><->
      
l.539 $
       A$
Not a real error.

./Block_20theory_20ch1.md.tex:539: Preview: Snippet 528 ended.(447828+0x491521).
<-><->
      
l.539 $A$
         
Not a real error.

[528]
./Block_20theory_20ch1.md.tex:540: Preview: Snippet 529 started.
<-><->
      
l.540 $
       M$
Not a real error.

./Block_20theory_20ch1.md.tex:540: Preview: Snippet 529 ended.(447828+0x707242).
<-><->
      
l.540 $M$
         
Not a real error.

[529]
./Block_20theory_20ch1.md.tex:541: Preview: Snippet 530 started.
<-><->
      
l.541 $
       J(A)M=\{0\}$
Not a real error.

./Block_20theory_20ch1.md.tex:541: Preview: Snippet 530 ended.(491520+163840x3991777).
<-><->
      
l.541 $J(A)M=\{0\}$
                   
Not a real error.

[530]
./Block_20theory_20ch1.md.tex:542: Preview: Snippet 531 started.
<-><->
      
l.542 $
       J(A)M$
Not a real error.

./Block_20theory_20ch1.md.tex:542: Preview: Snippet 531 ended.(491520+163840x2134928).
<-><->
      
l.542 $J(A)M$
             
Not a real error.

[531]
./Block_20theory_20ch1.md.tex:543: Preview: Snippet 532 started.
<-><->
      
l.543 $
       M$
Not a real error.

./Block_20theory_20ch1.md.tex:543: Preview: Snippet 532 ended.(447828+0x707242).
<-><->
      
l.543 $M$
         
Not a real error.

[532]
./Block_20theory_20ch1.md.tex:544: Preview: Snippet 533 started.
<-><->
      
l.544 $
       J(A)M=\{0\}$
Not a real error.

./Block_20theory_20ch1.md.tex:544: Preview: Snippet 533 ended.(491520+163840x3991777).
<-><->
      
l.544 $J(A)M=\{0\}$
                   
Not a real error.

[533]
./Block_20theory_20ch1.md.tex:545: Preview: Snippet 534 started.
<-><->
      
l.545 $
       J(A)$
Not a real error.

./Block_20theory_20ch1.md.tex:545: Preview: Snippet 534 ended.(491520+163840x1427686).
<-><->
      
l.545 $J(A)$
            
Not a real error.

[534]
./Block_20theory_20ch1.md.tex:546: Preview: Snippet 535 started.
<-><->
      
l.546 $
       A$
Not a real error.

./Block_20theory_20ch1.md.tex:546: Preview: Snippet 535 ended.(447828+0x491521).
<-><->
      
l.546 $A$
         
Not a real error.

[535]
./Block_20theory_20ch1.md.tex:547: Preview: Snippet 536 started.
<-><->
      
l.547 $
       A$
Not a real error.

./Block_20theory_20ch1.md.tex:547: Preview: Snippet 536 ended.(447828+0x491521).
<-><->
      
l.547 $A$
         
Not a real error.

[536]
./Block_20theory_20ch1.md.tex:548: Preview: Snippet 537 started.
<-><->
      
l.548 $
       J(A)= \bigcap_iI_i$
Not a real error.

./Block_20theory_20ch1.md.tex:548: Preview: Snippet 537 ended.(491524+196611x3681313).
<-><->
      
l.548 $J(A)= \bigcap_iI_i$
                          
Not a real error.

[537]
./Block_20theory_20ch1.md.tex:549: Preview: Snippet 538 started.
<-><->
      
l.549 $
       A \rightarrow \bigoplus_iA/I_i$
Not a real error.

./Block_20theory_20ch1.md.tex:549: Preview: Snippet 538 ended.(491524+196611x3892030).
<-><->
      
l.549 $A \rightarrow \bigoplus_iA/I_i$
                                      
Not a real error.

[538]
./Block_20theory_20ch1.md.tex:550: Preview: Snippet 539 started.
<-><->
      
l.550 $
       J(A)$
Not a real error.

./Block_20theory_20ch1.md.tex:550: Preview: Snippet 539 ended.(491520+163840x1427686).
<-><->
      
l.550 $J(A)$
            
Not a real error.

[539]
./Block_20theory_20ch1.md.tex:551: Preview: Snippet 540 started.
<-><->
      
l.551 $
       A/J(A)$
Not a real error.

./Block_20theory_20ch1.md.tex:551: Preview: Snippet 540 ended.(491520+163840x2246888).
<-><->
      
l.551 $A/J(A)$
              
Not a real error.

[540]
./Block_20theory_20ch1.md.tex:552: Preview: Snippet 541 started.
<-><->
      
l.552 $
       M$
Not a real error.

./Block_20theory_20ch1.md.tex:552: Preview: Snippet 541 ended.(447828+0x707242).
<-><->
      
l.552 $M$
         
Not a real error.

[541]
./Block_20theory_20ch1.md.tex:553: Preview: Snippet 542 started.
<-><->
      
l.553 $
       A^n$
Not a real error.

./Block_20theory_20ch1.md.tex:553: Preview: Snippet 542 ended.(447828+0x848255).
<-><->
      
l.553 $A^n$
           
Not a real error.

[542]
./Block_20theory_20ch1.md.tex:554: Preview: Snippet 543 started.
<-><->
      
l.554 $
       J(A)M=\{0\}$
Not a real error.

./Block_20theory_20ch1.md.tex:554: Preview: Snippet 543 ended.(491520+163840x3991777).
<-><->
      
l.554 $J(A)M=\{0\}$
                   
Not a real error.

[543]
./Block_20theory_20ch1.md.tex:555: Preview: Snippet 544 started.
<-><->
      
l.555 $
       (A/J(A))^n$
Not a real error.

./Block_20theory_20ch1.md.tex:555: Preview: Snippet 544 ended.(491520+163840x3113348).
<-><->
      
l.555 $(A/J(A))^n$
                  
Not a real error.

[544]
./Block_20theory_20ch1.md.tex:556: Preview: Snippet 545 started.
<-><->
      
l.556 $
       J(A)M \subseteq N$
Not a real error.

./Block_20theory_20ch1.md.tex:556: Preview: Snippet 545 ended.(491520+163840x3606748).
<-><->
      
l.556 $J(A)M \subseteq N$
                         
Not a real error.

[545]
./Block_20theory_20ch1.md.tex:557: Preview: Snippet 546 started.
<-><->
      
l.557 $
       N$
Not a real error.

./Block_20theory_20ch1.md.tex:557: Preview: Snippet 546 ended.(447828+0x598014).
<-><->
      
l.557 $N$
         
Not a real error.

[546]
./Block_20theory_20ch1.md.tex:558: Preview: Snippet 547 started.
<-><->
      
l.558 $
       J(A)M=\{0\}$
Not a real error.

./Block_20theory_20ch1.md.tex:558: Preview: Snippet 547 ended.(491520+163840x3991777).
<-><->
      
l.558 $J(A)M=\{0\}$
                   
Not a real error.

[547]
./Block_20theory_20ch1.md.tex:559: Preview: Snippet 548 started.
<-><->
      
l.559 $
       \bigcap_iN_i=\{0\}$
Not a real error.

./Block_20theory_20ch1.md.tex:559: Preview: Snippet 548 ended.(491524+196611x3475147).
<-><->
      
l.559 $\bigcap_iN_i=\{0\}$
                          
Not a real error.

[548]
./Block_20theory_20ch1.md.tex:560: Preview: Snippet 549 started.
<-><->
      
l.560 $
       M$
Not a real error.

./Block_20theory_20ch1.md.tex:560: Preview: Snippet 549 ended.(447828+0x707242).
<-><->
      
l.560 $M$
         
Not a real error.

[549]
./Block_20theory_20ch1.md.tex:561: Preview: Snippet 550 started.
<-><->
      
l.561 $
       M/N_i\simeq S_i$
Not a real error.

./Block_20theory_20ch1.md.tex:561: Preview: Snippet 550 ended.(491520+163840x3200713).
<-><->
      
l.561 $M/N_i\simeq S_i$
                       
Not a real error.

[550]
./Block_20theory_20ch1.md.tex:562: Preview: Snippet 551 started.
<-><->
      
l.562 $
       S_i$
Not a real error.

./Block_20theory_20ch1.md.tex:562: Preview: Snippet 551 ended.(447828+98303x620051).
<-><->
      
l.562 $S_i$
           
Not a real error.

[551]
./Block_20theory_20ch1.md.tex:563: Preview: Snippet 552 started.
<-><->
      
l.563 $
       \{0\}$
Not a real error.

./Block_20theory_20ch1.md.tex:563: Preview: Snippet 552 ended.(491520+163840x983043).
<-><->
      
l.563 $\{0\}$
             
Not a real error.

[552]
./Block_20theory_20ch1.md.tex:564: Preview: Snippet 553 started.
<-><->
      
l.564 $
       A$
Not a real error.

./Block_20theory_20ch1.md.tex:564: Preview: Snippet 553 ended.(447828+0x491521).
<-><->
      
l.564 $A$
         
Not a real error.

[553]
./Block_20theory_20ch1.md.tex:565: Preview: Snippet 554 started.
<-><->
      
l.565 $
       M$
Not a real error.

./Block_20theory_20ch1.md.tex:565: Preview: Snippet 554 ended.(447828+0x707242).
<-><->
      
l.565 $M$
         
Not a real error.

[554]
./Block_20theory_20ch1.md.tex:566: Preview: Snippet 555 started.
<-><->
      
l.566 $
       M$
Not a real error.

./Block_20theory_20ch1.md.tex:566: Preview: Snippet 555 ended.(447828+0x707242).
<-><->
      
l.566 $M$
         
Not a real error.

[555]
./Block_20theory_20ch1.md.tex:567: Preview: Snippet 556 started.
<-><->
      
l.567 $
       soc(M):=\sum_{\text{simple }N \subseteq M}N$
Not a real error.

./Block_20theory_20ch1.md.tex:567: Preview: Snippet 556 ended.(491524+285791x7669478).
<-><->
      
l.567 ...(M):=\sum_{\text{simple }N \subseteq M}N$
                                                  
Not a real error.

[556{/usr/share/texmf-dist/fonts/enc/dvips/cm-super/cm-super-t1.enc}]
./Block_20theory_20ch1.md.tex:568: Preview: Snippet 557 started.
<-><->
      
l.568 $
       rad(M):=\bigcap_{\text{max } N \subseteq M} N$
Not a real error.

./Block_20theory_20ch1.md.tex:568: Preview: Snippet 557 ended.(491524+281695x7126635).
<-><->
      
l.568 ...):=\bigcap_{\text{max } N \subseteq M} N$
                                                  
Not a real error.

[557]
./Block_20theory_20ch1.md.tex:569: Preview: Snippet 558 started.
<-><->
      
l.569 $
       M$
Not a real error.

./Block_20theory_20ch1.md.tex:569: Preview: Snippet 558 ended.(447828+0x707242).
<-><->
      
l.569 $M$
         
Not a real error.

[558]
./Block_20theory_20ch1.md.tex:570: Preview: Snippet 559 started.
<-><->
      
l.570 $
       rad^{n+1}(M)=rad(rad^n(M))$
Not a real error.

./Block_20theory_20ch1.md.tex:570: Preview: Snippet 559 ended.(533465+163840x8198685).
<-><->
      
l.570 $rad^{n+1}(M)=rad(rad^n(M))$
                                  
Not a real error.

[559]
./Block_20theory_20ch1.md.tex:571: Preview: Snippet 560 started.
<-><->
      
l.571 $
       soc^{n+1}(M)=soc(soc^n(M))$
Not a real error.

./Block_20theory_20ch1.md.tex:571: Preview: Snippet 560 ended.(533465+163840x7919928).
<-><->
      
l.571 $soc^{n+1}(M)=soc(soc^n(M))$
                                  
Not a real error.

[560]
./Block_20theory_20ch1.md.tex:572: Preview: Snippet 561 started.
<-><->
      
l.572 $
       A$
Not a real error.

./Block_20theory_20ch1.md.tex:572: Preview: Snippet 561 ended.(447828+0x491521).
<-><->
      
l.572 $A$
         
Not a real error.

[561]
./Block_20theory_20ch1.md.tex:573: Preview: Snippet 562 started.
<-><->
      
l.573 $
       M$
Not a real error.

./Block_20theory_20ch1.md.tex:573: Preview: Snippet 562 ended.(447828+0x707242).
<-><->
      
l.573 $M$
         
Not a real error.

[562]
./Block_20theory_20ch1.md.tex:574: Preview: Snippet 563 started.
<-><->
      
l.574 $
       rad^n(M)=J^n(A)M$
Not a real error.

./Block_20theory_20ch1.md.tex:574: Preview: Snippet 563 ended.(491520+163840x5940568).
<-><->
      
l.574 $rad^n(M)=J^n(A)M$
                        
Not a real error.

[563]
./Block_20theory_20ch1.md.tex:575: Preview: Snippet 564 started.
<-><->
      
l.575 $
       n \geq 0$
Not a real error.

./Block_20theory_20ch1.md.tex:575: Preview: Snippet 564 ended.(422343+89110x1594857).
<-><->
      
l.575 $n \geq 0$
                
Not a real error.

[564]
./Block_20theory_20ch1.md.tex:576: Preview: Snippet 565 started.
<-><->
      
l.576 $
       soc^n(M)=\{m \in M:J^n(A)M=0\}$
Not a real error.

./Block_20theory_20ch1.md.tex:576: Preview: Snippet 565 ended.(491520+163840x10334268).
<-><->
      
l.576 $soc^n(M)=\{m \in M:J^n(A)M=0\}$
                                      
Not a real error.

[565]
./Block_20theory_20ch1.md.tex:577: Preview: Snippet 566 started.
<-><->
      
l.577 $
       n \geq 0$
Not a real error.

./Block_20theory_20ch1.md.tex:577: Preview: Snippet 566 ended.(422343+89110x1594857).
<-><->
      
l.577 $n \geq 0$
                
Not a real error.

[566]
./Block_20theory_20ch1.md.tex:578: Preview: Snippet 567 started.
<-><->
      
l.578 $
       s=inf_n\{rac^n(M)=0\}$
Not a real error.

./Block_20theory_20ch1.md.tex:578: Preview: Snippet 567 ended.(491520+163840x6852199).
<-><->
      
l.578 $s=inf_n\{rac^n(M)=0\}$
                             
Not a real error.

[567]
./Block_20theory_20ch1.md.tex:579: Preview: Snippet 568 started.
<-><->
      
l.579 $
       t=sup_n\{soc^n(M)=M\}$
Not a real error.

./Block_20theory_20ch1.md.tex:579: Preview: Snippet 568 ended.(491520+163840x7197883).
<-><->
      
l.579 $t=sup_n\{soc^n(M)=M\}$
                             
Not a real error.

[568]
./Block_20theory_20ch1.md.tex:580: Preview: Snippet 569 started.
<-><->
      
l.580 $
       s=t$
Not a real error.

./Block_20theory_20ch1.md.tex:580: Preview: Snippet 569 ended.(403098+0x1417664).
<-><->
      
l.580 $s=t$
           
Not a real error.

[569]
./Block_20theory_20ch1.md.tex:581: Preview: Snippet 570 started.
<-><->
      
l.581 $
       0 \leq i \leq s$
Not a real error.

./Block_20theory_20ch1.md.tex:581: Preview: Snippet 570 ended.(432226+89110x2608273).
<-><->
      
l.581 $0 \leq i \leq s$
                       
Not a real error.

[570]
./Block_20theory_20ch1.md.tex:582: Preview: Snippet 571 started.
<-><->
      
l.582 $
       rad^i(M) \subseteq soc^{t-i}(M)$
Not a real error.

./Block_20theory_20ch1.md.tex:582: Preview: Snippet 571 ended.(541383+163840x6261570).
<-><->
      
l.582 $rad^i(M) \subseteq soc^{t-i}(M)$
                                       
Not a real error.

[571]
./Block_20theory_20ch1.md.tex:583: Preview: Snippet 572 started.
<-><->
      
l.583 $
       s$
Not a real error.

./Block_20theory_20ch1.md.tex:583: Preview: Snippet 572 ended.(282168+0x307200).
<-><->
      
l.583 $s$
         
Not a real error.

[572]
./Block_20theory_20ch1.md.tex:584: Preview: Snippet 573 started.
<-><->
      
l.584 $
       M$
Not a real error.

./Block_20theory_20ch1.md.tex:584: Preview: Snippet 573 ended.(447828+0x707242).
<-><->
      
l.584 $M$
         
Not a real error.

[573]
./Block_20theory_20ch1.md.tex:585: Preview: Snippet 574 started.
<-><->
      
l.585 $
       ll(M)$
Not a real error.

./Block_20theory_20ch1.md.tex:585: Preview: Snippet 574 ended.(491520+163840x1633852).
<-><->
      
l.585 $ll(M)$
             
Not a real error.

[574]
./Block_20theory_20ch1.md.tex:586: Preview: Snippet 575 started.
<-><->
      
l.586 $
       rad^i(M)/rad^{i+1}(M)$
Not a real error.

./Block_20theory_20ch1.md.tex:586: Preview: Snippet 575 ended.(541383+163840x5864344).
<-><->
      
l.586 $rad^i(M)/rad^{i+1}(M)$
                             
Not a real error.

[575]
./Block_20theory_20ch1.md.tex:587: Preview: Snippet 576 started.
<-><->
      
l.587 $
       M$
Not a real error.

./Block_20theory_20ch1.md.tex:587: Preview: Snippet 576 ended.(447828+0x707242).
<-><->
      
l.587 $M$
         
Not a real error.

[576]
./Block_20theory_20ch1.md.tex:588: Preview: Snippet 577 started.
<-><->
      
l.588 $
       k$
Not a real error.

./Block_20theory_20ch1.md.tex:588: Preview: Snippet 577 ended.(455111+0x361814).
<-><->
      
l.588 $k$
         
Not a real error.

[577]
./Block_20theory_20ch1.md.tex:589: Preview: Snippet 578 started.
<-><->
      
l.589 $
       p$
Not a real error.

./Block_20theory_20ch1.md.tex:589: Preview: Snippet 578 ended.(282168+127431x329728).
<-><->
      
l.589 $p$
         
Not a real error.

[578]
./Block_20theory_20ch1.md.tex:590: Preview: Snippet 579 started.
<-><->
      
l.590 $
       P$
Not a real error.

./Block_20theory_20ch1.md.tex:590: Preview: Snippet 579 ended.(447828+0x511773).
<-><->
      
l.590 $P$
         
Not a real error.

[579]
./Block_20theory_20ch1.md.tex:591: Preview: Snippet 580 started.
<-><->
      
l.591 $
       p$
Not a real error.

./Block_20theory_20ch1.md.tex:591: Preview: Snippet 580 ended.(282168+127431x329728).
<-><->
      
l.591 $p$
         
Not a real error.

[580]
./Block_20theory_20ch1.md.tex:592: Preview: Snippet 581 started.
<-><->
      
l.592 $
       I(k[P])^{|P|}=\{0\}$
Not a real error.

./Block_20theory_20ch1.md.tex:592: Preview: Snippet 581 ended.(581889+163840x4692035).
<-><->
      
l.592 $I(k[P])^{|P|}=\{0\}$
                           
Not a real error.

[581]
./Block_20theory_20ch1.md.tex:593: Preview: Snippet 582 started.
<-><->
      
l.593 $
       I(k[P])=J(k[P])$
Not a real error.

./Block_20theory_20ch1.md.tex:593: Preview: Snippet 582 ended.(491520+163840x5134563).
<-><->
      
l.593 $I(k[P])=J(k[P])$
                       
Not a real error.

[582]
./Block_20theory_20ch1.md.tex:594: Preview: Snippet 583 started.
<-><->
      
l.594 $
       k[P]/I(k[P]) \simeq k$
Not a real error.

./Block_20theory_20ch1.md.tex:594: Preview: Snippet 583 ended.(491520+163840x4887893).
<-><->
      
l.594 $k[P]/I(k[P]) \simeq k$
                             
Not a real error.

[583]
./Block_20theory_20ch1.md.tex:595: Preview: Snippet 584 started.
<-><->
      
l.595 $
       I(k[P])$
Not a real error.

./Block_20theory_20ch1.md.tex:595: Preview: Snippet 584 ended.(491520+163840x2086915).
<-><->
      
l.595 $I(k[P])$
               
Not a real error.

[584]
./Block_20theory_20ch1.md.tex:596: Preview: Snippet 585 started.
<-><->
      
l.596 $
       P$
Not a real error.

./Block_20theory_20ch1.md.tex:596: Preview: Snippet 585 ended.(447828+0x511773).
<-><->
      
l.596 $P$
         
Not a real error.

[585]
./Block_20theory_20ch1.md.tex:597: Preview: Snippet 586 started.
<-><->
      
l.597 $
       I(k[P])^{|P|}=\{0\}$
Not a real error.

./Block_20theory_20ch1.md.tex:597: Preview: Snippet 586 ended.(581889+163840x4692035).
<-><->
      
l.597 $I(k[P])^{|P|}=\{0\}$
                           
Not a real error.

[586]
./Block_20theory_20ch1.md.tex:598: Preview: Snippet 587 started.
<-><->
      
l.598 $
       Z:=Z(P)$
Not a real error.

./Block_20theory_20ch1.md.tex:598: Preview: Snippet 587 ended.(491520+163840x3065852).
<-><->
      
l.598 $Z:=Z(P)$
               
Not a real error.

[587]
./Block_20theory_20ch1.md.tex:599: Preview: Snippet 588 started.
<-><->
      
l.599 $
       I(k[P/Z])^{|P/Z|}=\{0\}$
Not a real error.

./Block_20theory_20ch1.md.tex:599: Preview: Snippet 588 ended.(581889+163840x6042442).
<-><->
      
l.599 $I(k[P/Z])^{|P/Z|}=\{0\}$
                               
Not a real error.

[588]
./Block_20theory_20ch1.md.tex:600: Preview: Snippet 589 started.
<-><->
      
l.600 $
       (I(k[Z])k[P])^p=\{0\}$
Not a real error.

./Block_20theory_20ch1.md.tex:600: Preview: Snippet 589 ended.(491520+163840x5976575).
<-><->
      
l.600 $(I(k[Z])k[P])^p=\{0\}$
                             
Not a real error.

[589]
./Block_20theory_20ch1.md.tex:601: Preview: Snippet 590 started.
<-><->
      
l.601 $
       I(k[Z])k[P]$
Not a real error.

./Block_20theory_20ch1.md.tex:601: Preview: Snippet 590 ended.(491520+163840x3307070).
<-><->
      
l.601 $I(k[Z])k[P]$
                   
Not a real error.

[590]
./Block_20theory_20ch1.md.tex:602: Preview: Snippet 591 started.
<-><->
      
l.602 $
       k[P] \rightarrow k[P/Z]$
Not a real error.

./Block_20theory_20ch1.md.tex:602: Preview: Snippet 591 ended.(491520+163840x4243909).
<-><->
      
l.602 $k[P] \rightarrow k[P/Z]$
                               
Not a real error.

[591]
./Block_20theory_20ch1.md.tex:603: Preview: Snippet 592 started.
<-><->
      
l.603 $
       (z-1)^p=z^p-1=0$
Not a real error.

./Block_20theory_20ch1.md.tex:603: Preview: Snippet 592 ended.(491520+163840x6115417).
<-><->
      
l.603 $(z-1)^p=z^p-1=0$
                       
Not a real error.

[592]
./Block_20theory_20ch1.md.tex:604: Preview: Snippet 593 started.
<-><->
      
l.604 $
       z \in Z$
Not a real error.

./Block_20theory_20ch1.md.tex:604: Preview: Snippet 593 ended.(447828+25623x1628837).
<-><->
      
l.604 $z \in Z$
               
Not a real error.

[593]
./Block_20theory_20ch1.md.tex:605: Preview: Snippet 594 started.
<-><->
      
l.605 $
       I(k[Z])k[P]=k[P]I(k[P])$
Not a real error.

./Block_20theory_20ch1.md.tex:605: Preview: Snippet 594 ended.(491520+163840x7505468).
<-><->
      
l.605 $I(k[Z])k[P]=k[P]I(k[P])$
                               
Not a real error.

[594]
./Block_20theory_20ch1.md.tex:606: Preview: Snippet 595 started.
<-><->
      
l.606 $
       I(k[Z])=(z-1)k[Z]$
Not a real error.

./Block_20theory_20ch1.md.tex:606: Preview: Snippet 595 ended.(491520+163840x6135349).
<-><->
      
l.606 $I(k[Z])=(z-1)k[Z]$
                         
Not a real error.

[595]
./Block_20theory_20ch1.md.tex:607: Preview: Snippet 596 started.
<-><->
      
l.607 $
       k$
Not a real error.

./Block_20theory_20ch1.md.tex:607: Preview: Snippet 596 ended.(455111+0x361814).
<-><->
      
l.607 $k$
         
Not a real error.

[596]
./Block_20theory_20ch1.md.tex:608: Preview: Snippet 597 started.
<-><->
      
l.608 $
       H \leq G$
Not a real error.

./Block_20theory_20ch1.md.tex:608: Preview: Snippet 597 ended.(447828+89110x1987096).
<-><->
      
l.608 $H \leq G$
                
Not a real error.

[597]
./Block_20theory_20ch1.md.tex:609: Preview: Snippet 598 started.
<-><->
      
l.609 $
       [G:H]$
Not a real error.

./Block_20theory_20ch1.md.tex:609: Preview: Snippet 598 ended.(491520+163840x2023505).
<-><->
      
l.609 $[G:H]$
             
Not a real error.

[598]
./Block_20theory_20ch1.md.tex:610: Preview: Snippet 599 started.
<-><->
      
l.610 $
       k$
Not a real error.

./Block_20theory_20ch1.md.tex:610: Preview: Snippet 599 ended.(455111+0x361814).
<-><->
      
l.610 $k$
         
Not a real error.

[599]
./Block_20theory_20ch1.md.tex:611: Preview: Snippet 600 started.
<-><->
      
l.611 $
       M$
Not a real error.

./Block_20theory_20ch1.md.tex:611: Preview: Snippet 600 ended.(447828+0x707242).
<-><->
      
l.611 $M$
         
Not a real error.

[600]
./Block_20theory_20ch1.md.tex:612: Preview: Snippet 601 started.
<-><->
      
l.612 $
       k[G]$
Not a real error.

./Block_20theory_20ch1.md.tex:612: Preview: Snippet 601 ended.(491520+163840x1241180).
<-><->
      
l.612 $k[G]$
            
Not a real error.

[601]
./Block_20theory_20ch1.md.tex:613: Preview: Snippet 602 started.
<-><->
      
l.613 $
       k[H]$
Not a real error.

./Block_20theory_20ch1.md.tex:613: Preview: Snippet 602 ended.(491520+163840x1323918).
<-><->
      
l.613 $k[H]$
            
Not a real error.

[602]
./Block_20theory_20ch1.md.tex:614: Preview: Snippet 603 started.
<-><->
      
l.614 $
       M$
Not a real error.

./Block_20theory_20ch1.md.tex:614: Preview: Snippet 603 ended.(447828+0x707242).
<-><->
      
l.614 $M$
         
Not a real error.

[603]
./Block_20theory_20ch1.md.tex:615: Preview: Snippet 604 started.
<-><->
      
l.615 $
       k[G]$
Not a real error.

./Block_20theory_20ch1.md.tex:615: Preview: Snippet 604 ended.(491520+163840x1241180).
<-><->
      
l.615 $k[G]$
            
Not a real error.

[604]
./Block_20theory_20ch1.md.tex:616: Preview: Snippet 605 started.
<-><->
      
l.616 $
       U$
Not a real error.

./Block_20theory_20ch1.md.tex:616: Preview: Snippet 605 ended.(447828+0x518916).
<-><->
      
l.616 $U$
         
Not a real error.

[605]
./Block_20theory_20ch1.md.tex:617: Preview: Snippet 606 started.
<-><->
      
l.617 $
       M$
Not a real error.

./Block_20theory_20ch1.md.tex:617: Preview: Snippet 606 ended.(447828+0x707242).
<-><->
      
l.617 $M$
         
Not a real error.

[606]
./Block_20theory_20ch1.md.tex:618: Preview: Snippet 607 started.
<-><->
      
l.618 $
       U$
Not a real error.

./Block_20theory_20ch1.md.tex:618: Preview: Snippet 607 ended.(447828+0x518916).
<-><->
      
l.618 $U$
         
Not a real error.

[607]
./Block_20theory_20ch1.md.tex:619: Preview: Snippet 608 started.
<-><->
      
l.619 $
       M$
Not a real error.

./Block_20theory_20ch1.md.tex:619: Preview: Snippet 608 ended.(447828+0x707242).
<-><->
      
l.619 $M$
         
Not a real error.

[608]
./Block_20theory_20ch1.md.tex:620: Preview: Snippet 609 started.
<-><->
      
l.620 $
       V$
Not a real error.

./Block_20theory_20ch1.md.tex:620: Preview: Snippet 609 ended.(447828+0x527929).
<-><->
      
l.620 $V$
         
Not a real error.

[609]
./Block_20theory_20ch1.md.tex:621: Preview: Snippet 610 started.
<-><->
      
l.621 $
       U$
Not a real error.

./Block_20theory_20ch1.md.tex:621: Preview: Snippet 610 ended.(447828+0x518916).
<-><->
      
l.621 $U$
         
Not a real error.

[610]
./Block_20theory_20ch1.md.tex:622: Preview: Snippet 611 started.
<-><->
      
l.622 $
       M$
Not a real error.

./Block_20theory_20ch1.md.tex:622: Preview: Snippet 611 ended.(447828+0x707242).
<-><->
      
l.622 $M$
         
Not a real error.

[611]
./Block_20theory_20ch1.md.tex:623: Preview: Snippet 612 started.
<-><->
      
l.623 $
       k[H]$
Not a real error.

./Block_20theory_20ch1.md.tex:623: Preview: Snippet 612 ended.(491520+163840x1323918).
<-><->
      
l.623 $k[H]$
            
Not a real error.

[612]
./Block_20theory_20ch1.md.tex:624: Preview: Snippet 613 started.
<-><->
      
l.624 $
       M \rightarrow U$
Not a real error.

./Block_20theory_20ch1.md.tex:624: Preview: Snippet 613 ended.(447828+0x2245599).
<-><->
      
l.624 $M \rightarrow U$
                       
Not a real error.

[613]
./Block_20theory_20ch1.md.tex:625: Preview: Snippet 614 started.
<-><->
      
l.625 $
       V$
Not a real error.

./Block_20theory_20ch1.md.tex:625: Preview: Snippet 614 ended.(447828+0x527929).
<-><->
      
l.625 $V$
         
Not a real error.

[614]
./Block_20theory_20ch1.md.tex:626: Preview: Snippet 615 started.
<-><->
      
l.626 $
       \tau:M \rightarrow M$
Not a real error.

./Block_20theory_20ch1.md.tex:626: Preview: Snippet 615 ended.(447828+0x3340726).
<-><->
      
l.626 $\tau:M \rightarrow M$
                            
Not a real error.

[615]
./Block_20theory_20ch1.md.tex:627: Preview: Snippet 616 started.
<-><->
      
l.627 $
       \tau(m)=\frac{1}{[G:H]} \sum_{x \in G/H} x\pi(x^{-1}m)$
Not a real error.

./Block_20theory_20ch1.md.tex:627: Preview: Snippet 616 ended.(553676+340683x9463473).
<-><->
      
l.627 ...1}{[G:H]} \sum_{x \in G/H} x\pi(x^{-1}m)$
                                                  
Not a real error.

[616]
./Block_20theory_20ch1.md.tex:628: Preview: Snippet 617 started.
<-><->
      
l.628 $
       \tau(u)=u$
Not a real error.

./Block_20theory_20ch1.md.tex:628: Preview: Snippet 617 ended.(491520+163840x2494540).
<-><->
      
l.628 $\tau(u)=u$
                 
Not a real error.

[617]
./Block_20theory_20ch1.md.tex:629: Preview: Snippet 618 started.
<-><->
      
l.629 $
       u \in U$
Not a real error.

./Block_20theory_20ch1.md.tex:629: Preview: Snippet 618 ended.(447828+25623x1695070).
<-><->
      
l.629 $u \in U$
               
Not a real error.

[618]
./Block_20theory_20ch1.md.tex:630: Preview: Snippet 619 started.
<-><->
      
l.630 $
       \tau(M) \subseteq U$
Not a real error.

./Block_20theory_20ch1.md.tex:630: Preview: Snippet 619 ended.(491520+163840x2970366).
<-><->
      
l.630 $\tau(M) \subseteq U$
                           
Not a real error.

[619]
./Block_20theory_20ch1.md.tex:631: Preview: Snippet 620 started.
<-><->
      
l.631 $
       \tau$
Not a real error.

./Block_20theory_20ch1.md.tex:631: Preview: Snippet 620 ended.(282168+0x360676).
<-><->
      
l.631 $\tau$
            
Not a real error.

[620]
./Block_20theory_20ch1.md.tex:632: Preview: Snippet 621 started.
<-><->
      
l.632 $
       x$
Not a real error.

./Block_20theory_20ch1.md.tex:632: Preview: Snippet 621 ended.(282168+0x374556).
<-><->
      
l.632 $x$
         
Not a real error.

[621]
./Block_20theory_20ch1.md.tex:633: Preview: Snippet 622 started.
<-><->
      
l.633 $
       G$
Not a real error.

./Block_20theory_20ch1.md.tex:633: Preview: Snippet 622 ended.(447828+0x515276).
<-><->
      
l.633 $G$
         
Not a real error.

[622]
./Block_20theory_20ch1.md.tex:634: Preview: Snippet 623 started.
<-><->
      
l.634 $
       k$
Not a real error.

./Block_20theory_20ch1.md.tex:634: Preview: Snippet 623 ended.(455111+0x361814).
<-><->
      
l.634 $k$
         
Not a real error.

[623]
./Block_20theory_20ch1.md.tex:635: Preview: Snippet 624 started.
<-><->
      
l.635 $
       G$
Not a real error.

./Block_20theory_20ch1.md.tex:635: Preview: Snippet 624 ended.(447828+0x515276).
<-><->
      
l.635 $G$
         
Not a real error.

[624]
./Block_20theory_20ch1.md.tex:636: Preview: Snippet 625 started.
<-><->
      
l.636 $
       |G|$
Not a real error.

./Block_20theory_20ch1.md.tex:636: Preview: Snippet 625 ended.(491520+163840x879366).
<-><->
      
l.636 $|G|$
           
Not a real error.

[625]
./Block_20theory_20ch1.md.tex:637: Preview: Snippet 626 started.
<-><->
      
l.637 $
       k$
Not a real error.

./Block_20theory_20ch1.md.tex:637: Preview: Snippet 626 ended.(455111+0x361814).
<-><->
      
l.637 $k$
         
Not a real error.

[626]
./Block_20theory_20ch1.md.tex:638: Preview: Snippet 627 started.
<-><->
      
l.638 $
       J(k[G])=\{0\}$
Not a real error.

./Block_20theory_20ch1.md.tex:638: Preview: Snippet 627 ended.(491520+163840x4034194).
<-><->
      
l.638 $J(k[G])=\{0\}$
                     
Not a real error.

[627]
./Block_20theory_20ch1.md.tex:639: Preview: Snippet 628 started.
<-><->
      
l.639 $
       k[G]$
Not a real error.

./Block_20theory_20ch1.md.tex:639: Preview: Snippet 628 ended.(491520+163840x1241180).
<-><->
      
l.639 $k[G]$
            
Not a real error.

[628]
./Block_20theory_20ch1.md.tex:640: Preview: Snippet 629 started.
<-><->
      
l.640 $
       z= \sum_{g \in G} g \in J(k[G])$
Not a real error.

./Block_20theory_20ch1.md.tex:640: Preview: Snippet 629 ended.(491524+285812x6388927).
<-><->
      
l.640 $z= \sum_{g \in G} g \in J(k[G])$
                                       
Not a real error.

[629]
./Block_20theory_20ch1.md.tex:641: Preview: Snippet 630 started.
<-><->
      
l.641 $
       J(k[N])k[G]=k[G]J(k[N]) \subseteq J(k[G])$
Not a real error.

./Block_20theory_20ch1.md.tex:641: Preview: Snippet 630 ended.(491520+163840x10927483).
<-><->
      
l.641 $J(k[N])k[G]=k[G]J(k[N]) \subseteq J(k[G])$
                                                 
Not a real error.

[630]
./Block_20theory_20ch1.md.tex:642: Preview: Snippet 631 started.
<-><->
      
l.642 $
       [G:N]$
Not a real error.

./Block_20theory_20ch1.md.tex:642: Preview: Snippet 631 ended.(491520+163840x2023505).
<-><->
      
l.642 $[G:N]$
             
Not a real error.

[631]
./Block_20theory_20ch1.md.tex:643: Preview: Snippet 632 started.
<-><->
      
l.643 $
       N=\{1\}$
Not a real error.

./Block_20theory_20ch1.md.tex:643: Preview: Snippet 632 ended.(491520+163840x2454863).
<-><->
      
l.643 $N=\{1\}$
               
Not a real error.

[632]
./Block_20theory_20ch1.md.tex:644: Preview: Snippet 633 started.
<-><->
      
l.644 $
       z:=\sum_{g \in G} J(k[G])$
Not a real error.

./Block_20theory_20ch1.md.tex:644: Preview: Snippet 633 ended.(491524+285812x5433885).
<-><->
      
l.644 $z:=\sum_{g \in G} J(k[G])$
                                 
Not a real error.

[633]
./Block_20theory_20ch1.md.tex:645: Preview: Snippet 634 started.
<-><->
      
l.645 $
       z^2=|G|z=0$
Not a real error.

./Block_20theory_20ch1.md.tex:645: Preview: Snippet 634 ended.(533465+163840x3915858).
<-><->
      
l.645 $z^2=|G|z=0$
                  
Not a real error.

[634]
./Block_20theory_20ch1.md.tex:646: Preview: Snippet 635 started.
<-><->
      
l.646 $
       zk[G]=k[G]z$
Not a real error.

./Block_20theory_20ch1.md.tex:646: Preview: Snippet 635 ended.(491520+163840x4023362).
<-><->
      
l.646 $zk[G]=k[G]z$
                   
Not a real error.

[635]
./Block_20theory_20ch1.md.tex:647: Preview: Snippet 636 started.
<-><->
      
l.647 $
       z \in J(k[G])$
Not a real error.

./Block_20theory_20ch1.md.tex:647: Preview: Snippet 636 ended.(491520+163840x3311931).
<-><->
      
l.647 $z \in J(k[G])$
                     
Not a real error.

[636]
./Block_20theory_20ch1.md.tex:648: Preview: Snippet 637 started.
<-><->
      
l.648 $
       A$
Not a real error.

./Block_20theory_20ch1.md.tex:648: Preview: Snippet 637 ended.(447828+0x491521).
<-><->
      
l.648 $A$
         
Not a real error.

[637]
./Block_20theory_20ch1.md.tex:649: Preview: Snippet 638 started.
<-><->
      
l.649 $
       P$
Not a real error.

./Block_20theory_20ch1.md.tex:649: Preview: Snippet 638 ended.(447828+0x511773).
<-><->
      
l.649 $P$
         
Not a real error.

[638]
./Block_20theory_20ch1.md.tex:650: Preview: Snippet 639 started.
<-><->
      
l.650 $
       P'$
Not a real error.

./Block_20theory_20ch1.md.tex:650: Preview: Snippet 639 ended.(492688+0x695638).
<-><->
      
l.650 $P'$
          
Not a real error.

[639]
./Block_20theory_20ch1.md.tex:651: Preview: Snippet 640 started.
<-><->
      
l.651 $
       P \oplus P'$
Not a real error.

./Block_20theory_20ch1.md.tex:651: Preview: Snippet 640 ended.(492688+54613x2008401).
<-><->
      
l.651 $P \oplus P'$
                   
Not a real error.

[640]
./Block_20theory_20ch1.md.tex:652: Preview: Snippet 641 started.
<-><->
      
l.652 $
       A$
Not a real error.

./Block_20theory_20ch1.md.tex:652: Preview: Snippet 641 ended.(447828+0x491521).
<-><->
      
l.652 $A$
         
Not a real error.

[641]
./Block_20theory_20ch1.md.tex:653: Preview: Snippet 642 started.
<-><->
      
l.653 $
       i$
Not a real error.

./Block_20theory_20ch1.md.tex:653: Preview: Snippet 642 ended.(432226+0x225780).
<-><->
      
l.653 $i$
         
Not a real error.

[642]
./Block_20theory_20ch1.md.tex:654: Preview: Snippet 643 started.
<-><->
      
l.654 $
       A$
Not a real error.

./Block_20theory_20ch1.md.tex:654: Preview: Snippet 643 ended.(447828+0x491521).
<-><->
      
l.654 $A$
         
Not a real error.

[643]
./Block_20theory_20ch1.md.tex:655: Preview: Snippet 644 started.
<-><->
      
l.655 $
       Ai$
Not a real error.

./Block_20theory_20ch1.md.tex:655: Preview: Snippet 644 ended.(447828+0x717301).
<-><->
      
l.655 $Ai$
          
Not a real error.

[644]
./Block_20theory_20ch1.md.tex:656: Preview: Snippet 645 started.
<-><->
      
l.656 $
       A=Ai \oplus A(1-i)$
Not a real error.

./Block_20theory_20ch1.md.tex:656: Preview: Snippet 645 ended.(491520+163840x5239316).
<-><->
      
l.656 $A=Ai \oplus A(1-i)$
                          
Not a real error.

[645]
./Block_20theory_20ch1.md.tex:657: Preview: Snippet 646 started.
<-><->
      
l.657 $
       A$
Not a real error.

./Block_20theory_20ch1.md.tex:657: Preview: Snippet 646 ended.(447828+0x491521).
<-><->
      
l.657 $A$
         
Not a real error.

[646]
./Block_20theory_20ch1.md.tex:658: Preview: Snippet 647 started.
<-><->
      
l.658 $
       P$
Not a real error.

./Block_20theory_20ch1.md.tex:658: Preview: Snippet 647 ended.(447828+0x511773).
<-><->
      
l.658 $P$
         
Not a real error.

[647]
./Block_20theory_20ch1.md.tex:659: Preview: Snippet 648 started.
<-><->
      
l.659 $
       P$
Not a real error.

./Block_20theory_20ch1.md.tex:659: Preview: Snippet 648 ended.(447828+0x511773).
<-><->
      
l.659 $P$
         
Not a real error.

[648]
./Block_20theory_20ch1.md.tex:660: Preview: Snippet 649 started.
<-><->
      
l.660 $
       \pi:U \rightarrow P$
Not a real error.

./Block_20theory_20ch1.md.tex:660: Preview: Snippet 649 ended.(447828+0x2993341).
<-><->
      
l.660 $\pi:U \rightarrow P$
                           
Not a real error.

[649]
./Block_20theory_20ch1.md.tex:661: Preview: Snippet 650 started.
<-><->
      
l.661 $
       U$
Not a real error.

./Block_20theory_20ch1.md.tex:661: Preview: Snippet 650 ended.(447828+0x518916).
<-><->
      
l.661 $U$
         
Not a real error.

[650]
./Block_20theory_20ch1.md.tex:662: Preview: Snippet 651 started.
<-><->
      
l.662 $
       P$
Not a real error.

./Block_20theory_20ch1.md.tex:662: Preview: Snippet 651 ended.(447828+0x511773).
<-><->
      
l.662 $P$
         
Not a real error.

[651]
./Block_20theory_20ch1.md.tex:663: Preview: Snippet 652 started.
<-><->
      
l.663 $
       \sigma:P \rightarrow U$
Not a real error.

./Block_20theory_20ch1.md.tex:663: Preview: Snippet 652 ended.(447828+0x2994249).
<-><->
      
l.663 $\sigma:P \rightarrow U$
                              
Not a real error.

[652]
./Block_20theory_20ch1.md.tex:664: Preview: Snippet 653 started.
<-><->
      
l.664 $
       \pi \circ \sigma =id_P$
Not a real error.

./Block_20theory_20ch1.md.tex:664: Preview: Snippet 653 ended.(455111+98303x3291692).
<-><->
      
l.664 $\pi \circ \sigma =id_P$
                              
Not a real error.

[653]
./Block_20theory_20ch1.md.tex:665: Preview: Snippet 654 started.
<-><->
      
l.665 $
       \pi:U \rightarrow V$
Not a real error.

./Block_20theory_20ch1.md.tex:665: Preview: Snippet 654 ended.(447828+0x3009497).
<-><->
      
l.665 $\pi:U \rightarrow V$
                           
Not a real error.

[654]
./Block_20theory_20ch1.md.tex:666: Preview: Snippet 655 started.
<-><->
      
l.666 $
       \psi:P \rightarrow V$
Not a real error.

./Block_20theory_20ch1.md.tex:666: Preview: Snippet 655 ended.(455111+127431x3055677).
<-><->
      
l.666 $\psi:P \rightarrow V$
                            
Not a real error.

[655]
./Block_20theory_20ch1.md.tex:667: Preview: Snippet 656 started.
<-><->
      
l.667 $
       \phi:P \rightarrow U$
Not a real error.

./Block_20theory_20ch1.md.tex:667: Preview: Snippet 656 ended.(455111+127431x2986741).
<-><->
      
l.667 $\phi:P \rightarrow U$
                            
Not a real error.

[656]
./Block_20theory_20ch1.md.tex:668: Preview: Snippet 657 started.
<-><->
      
l.668 $
       \pi \circ \phi=\psi$
Not a real error.

./Block_20theory_20ch1.md.tex:668: Preview: Snippet 657 ended.(455111+127431x2730732).
<-><->
      
l.668 $\pi \circ \phi=\psi$
                           
Not a real error.

[657]
./Block_20theory_20ch1.md.tex:669: Preview: Snippet 658 started.
<-><->
      
l.669 $
       Hom_A(P,_): Mod_A \rightarrow Mod_k$
Not a real error.

./Block_20theory_20ch1.md.tex:669: Preview: Snippet 658 ended.(491520+233018x8005550).
<-><->
      
l.669 $Hom_A(P,_): Mod_A \rightarrow Mod_k$
                                           
Not a real error.

[658]
./Block_20theory_20ch1.md.tex:670: Preview: Snippet 659 started.
<-><->
      
l.670 $
       A$
Not a real error.

./Block_20theory_20ch1.md.tex:670: Preview: Snippet 659 ended.(447828+0x491521).
<-><->
      
l.670 $A$
         
Not a real error.

[659]
./Block_20theory_20ch1.md.tex:671: Preview: Snippet 660 started.
<-><->
      
l.671 $
       M$
Not a real error.

./Block_20theory_20ch1.md.tex:671: Preview: Snippet 660 ended.(447828+0x707242).
<-><->
      
l.671 $M$
         
Not a real error.

[660]

./Block_20theory_20ch1.md.tex:672: LaTeX Error: Can be used only in preamble.

See the LaTeX manual or LaTeX Companion for explanation.
Type  H <return>  for immediate help.
 ...                                              
                                                  
l.672 \begin{document}
                      
Your command was ignored.
Type  I <command> <return>  to replace it with another command,
or  <return>  to continue without it.

./Block_20theory_20ch1.md.tex:673: Preview: Snippet 661 started.
<-><->
      
l.673 \begin{tikzcd}
                    
Not a real error.

./Block_20theory_20ch1.md.tex:676: Preview: Snippet 661 ended.(1580795+1580795x13092008).
<-><->
      
l.676 \end{tikzcd}
                  
Not a real error.

[661]
 ***********
LaTeX2e <2024-11-01> patch level 2
L3 programming layer <2025-01-18>
 ***********
 )
(\end occurred inside a group at level 1)

### semi simple group (level 1) entered at line 672 (\begingroup)
### bottom level 
Here is how much of TeX's memory you used:
 12744 strings out of 473834
 277234 string characters out of 5750486
 654245 words of memory out of 5000000
 36816 multiletter control sequences out of 15000+600000
 567598 words of font info for 54 fonts, out of 8000000 for 9000
 14 hyphenation exceptions out of 8191
 125i,15n,127p,528b,989s stack positions out of 10000i,1000n,20000p,200000b,200000s
</usr/share/texmf-dist/fonts/type1/public/amsfonts/cm/cmex10.pfb></usr/share/texmf-dist/fonts/type1/public/amsfonts/cm/cmmi10.pfb></usr/share/texmf-dist/fonts/type1/public/amsfonts/cm/cmmi7.pfb></usr/share/texmf-dist/fonts/type1/public/amsfonts/cm/cmr10.pfb></usr/share/texmf-dist/fonts/type1/public/amsfonts/cm/cmr5.pfb></usr/share/texmf-dist/fonts/type1/public/amsfonts/cm/cmr7.pfb></usr/share/texmf-dist/fonts/type1/public/amsfonts/cm/cmsy10.pfb></usr/share/texmf-dist/fonts/type1/public/amsfonts/cm/cmsy5.pfb></usr/share/texmf-dist/fonts/type1/public/amsfonts/cm/cmsy7.pfb></usr/share/texmf-dist/fonts/type1/public/amsfonts/symbols/msbm10.pfb></usr/share/texmf-dist/fonts/type1/public/amsfonts/symbols/msbm7.pfb></usr/share/texmf-dist/fonts/type1/public/cm-super/sfrm0700.pfb>
Output written on Block_20theory_20ch1.md.pdf (661 pages, 263580 bytes).
PDF statistics:
 2200 PDF objects out of 2487 (max. 8388607)
 1498 compressed objects within 15 object streams
 0 named destinations out of 1000 (max. 500000)
 13 words of extra memory for PDF output out of 10000 (max. 10000000)

