This is pdfTeX, Version 3.141592653-2.6-1.40.27 (TeX Live 2026/dev/Arch Linux) (preloaded format=prv__6570_8BBA_57FA_7840note.md 2025.10.23)  23 OCT 2025 10:30
entering extended mode
 restricted \write18 enabled.
 file:line:error style messages enabled.
 %&-line parsing enabled.
**&prv__6570_8BBA_57FA_7840note.md /AUCTEXINPUT{ _6570_8BBA_57FA_7840note.md.tex }
(./_6570_8BBA_57FA_7840note.md.tex (/usr/share/texmf-dist/tex/latex/l3backend/l3backend-pdftex.def
File: l3backend-pdftex.def 2024-05-08 L3 backend support: PDF output (pdfTeX)
\l__color_backend_stack_int=\count282
\l__pdf_internal_box=\box54
)
No file _6570_8BBA_57FA_7840note.md.aux.
LaTeX Font Info:    Checking defaults for OML/cmm/m/it on input line 5.
LaTeX Font Info:    ... okay on input line 5.
LaTeX Font Info:    Checking defaults for OMS/cmsy/m/n on input line 5.
LaTeX Font Info:    ... okay on input line 5.
LaTeX Font Info:    Checking defaults for OT1/cmr/m/n on input line 5.
LaTeX Font Info:    ... okay on input line 5.
LaTeX Font Info:    Checking defaults for T1/cmr/m/n on input line 5.
LaTeX Font Info:    ... okay on input line 5.
LaTeX Font Info:    Checking defaults for TS1/cmr/m/n on input line 5.
LaTeX Font Info:    ... okay on input line 5.
LaTeX Font Info:    Checking defaults for OMX/cmex/m/n on input line 5.
LaTeX Font Info:    ... okay on input line 5.
LaTeX Font Info:    Checking defaults for U/cmr/m/n on input line 5.
LaTeX Font Info:    ... okay on input line 5.
(/home/galoistom/.emacs.d/elpa/auctex-14.1.0/latex/preview.sty
Package: preview 2024/06/30 14.0.6 (AUCTeX/preview-latex)
 (/usr/share/texmf-dist/tex/generic/luatex85/luatex85.sty
Package: luatex85 2016/06/15 v1.4 pdftex aliases for luatex
) (/home/galoistom/.emacs.d/elpa/auctex-14.1.0/latex/prtightpage.def
\PreviewBorder=\dimen151
) (/home/galoistom/.emacs.d/elpa/auctex-14.1.0/latex/prauctex.def
No auxiliary output files.


\hbadness=\count283
\hfuzz=\dimen152
(/home/galoistom/.emacs.d/elpa/auctex-14.1.0/latex/prauctex.cfg)) (/home/galoistom/.emacs.d/elpa/auctex-14.1.0/latex/prfootnotes.def)
\pr@snippet=\count284
\pr@box=\box55
\pr@output=\toks24

Preview: Fontsize 10pt
Preview: PDFoutput 1
) (/usr/share/texmf-dist/tex/latex/tikz-cd/tikz-cd.sty
Package: tikz-cd 2021/05/04 v1.0 Commutative diagrams with TikZ
 (/usr/share/texmf-dist/tex/latex/pgf/frontendlayer/tikz.sty (/usr/share/texmf-dist/tex/latex/pgf/basiclayer/pgf.sty (/usr/share/texmf-dist/tex/latex/pgf/utilities/pgfrcs.sty (/usr/share/texmf-dist/tex/generic/pgf/utilities/pgfutil-common.tex
\pgfutil@everybye=\toks25
\pgfutil@tempdima=\dimen153
\pgfutil@tempdimb=\dimen154
) (/usr/share/texmf-dist/tex/generic/pgf/utilities/pgfutil-latex.def
\pgfutil@abb=\box56
) (/usr/share/texmf-dist/tex/generic/pgf/utilities/pgfrcs.code.tex (/usr/share/texmf-dist/tex/generic/pgf/pgf.revision.tex)
Package: pgfrcs 2023-01-15 v3.1.10 (3.1.10)
))
Package: pgf 2023-01-15 v3.1.10 (3.1.10)
 (/usr/share/texmf-dist/tex/latex/pgf/basiclayer/pgfcore.sty (/usr/share/texmf-dist/tex/latex/graphics/graphicx.sty
Package: graphicx 2021/09/16 v1.2d Enhanced LaTeX Graphics (DPC,SPQR)
 (/usr/share/texmf-dist/tex/latex/graphics/keyval.sty
Package: keyval 2022/05/29 v1.15 key=value parser (DPC)
\KV@toks@=\toks26
) (/usr/share/texmf-dist/tex/latex/graphics/graphics.sty
Package: graphics 2024/08/06 v1.4g Standard LaTeX Graphics (DPC,SPQR)
 (/usr/share/texmf-dist/tex/latex/graphics/trig.sty
Package: trig 2023/12/02 v1.11 sin cos tan (DPC)
) (/usr/share/texmf-dist/tex/latex/graphics-cfg/graphics.cfg
File: graphics.cfg 2016/06/04 v1.11 sample graphics configuration
)
Package graphics Info: Driver file: pdftex.def on input line 106.
 (/usr/share/texmf-dist/tex/latex/graphics-def/pdftex.def
File: pdftex.def 2024/04/13 v1.2c Graphics/color driver for pdftex
 (/usr/share/texmf-dist/tex/context/base/mkii/supp-pdf.mkii
[Loading MPS to PDF converter (version 2006.09.02).]
\scratchcounter=\count285
\scratchdimen=\dimen155
\scratchbox=\box57
\nofMPsegments=\count286
\nofMParguments=\count287
\everyMPshowfont=\toks27
\MPscratchCnt=\count288
\MPscratchDim=\dimen156
\MPnumerator=\count289
\makeMPintoPDFobject=\count290
\everyMPtoPDFconversion=\toks28
))) (/usr/share/texmf-dist/tex/latex/epstopdf-pkg/epstopdf-base.sty
Package: epstopdf-base 2020-01-24 v2.11 Base part for package epstopdf
Package epstopdf-base Info: Redefining graphics rule for `.eps' on input line 485.
 (/usr/share/texmf-dist/tex/latex/latexconfig/epstopdf-sys.cfg
File: epstopdf-sys.cfg 2010/07/13 v1.3 Configuration of (r)epstopdf for TeX Live
))
\Gin@req@height=\dimen157
\Gin@req@width=\dimen158
) (/usr/share/texmf-dist/tex/latex/pgf/systemlayer/pgfsys.sty (/usr/share/texmf-dist/tex/generic/pgf/systemlayer/pgfsys.code.tex
Package: pgfsys 2023-01-15 v3.1.10 (3.1.10)
 (/usr/share/texmf-dist/tex/generic/pgf/utilities/pgfkeys.code.tex
\pgfkeys@pathtoks=\toks29
\pgfkeys@temptoks=\toks30
 (/usr/share/texmf-dist/tex/generic/pgf/utilities/pgfkeyslibraryfiltered.code.tex
\pgfkeys@tmptoks=\toks31
))
\pgf@x=\dimen159
\pgf@y=\dimen160
\pgf@xa=\dimen161
\pgf@ya=\dimen162
\pgf@xb=\dimen163
\pgf@yb=\dimen164
\pgf@xc=\dimen165
\pgf@yc=\dimen166
\pgf@xd=\dimen167
\pgf@yd=\dimen168
\w@pgf@writea=\write3
\r@pgf@reada=\read2
\c@pgf@counta=\count291
\c@pgf@countb=\count292
\c@pgf@countc=\count293
\c@pgf@countd=\count294
\t@pgf@toka=\toks32
\t@pgf@tokb=\toks33
\t@pgf@tokc=\toks34
\pgf@sys@id@count=\count295
 (/usr/share/texmf-dist/tex/generic/pgf/systemlayer/pgf.cfg
File: pgf.cfg 2023-01-15 v3.1.10 (3.1.10)
)
Driver file for pgf: pgfsys-pdftex.def
 (/usr/share/texmf-dist/tex/generic/pgf/systemlayer/pgfsys-pdftex.def
File: pgfsys-pdftex.def 2023-01-15 v3.1.10 (3.1.10)
 (/usr/share/texmf-dist/tex/generic/pgf/systemlayer/pgfsys-common-pdf.def
File: pgfsys-common-pdf.def 2023-01-15 v3.1.10 (3.1.10)
))) (/usr/share/texmf-dist/tex/generic/pgf/systemlayer/pgfsyssoftpath.code.tex
File: pgfsyssoftpath.code.tex 2023-01-15 v3.1.10 (3.1.10)
\pgfsyssoftpath@smallbuffer@items=\count296
\pgfsyssoftpath@bigbuffer@items=\count297
) (/usr/share/texmf-dist/tex/generic/pgf/systemlayer/pgfsysprotocol.code.tex
File: pgfsysprotocol.code.tex 2023-01-15 v3.1.10 (3.1.10)
)) (/usr/share/texmf-dist/tex/latex/xcolor/xcolor.sty
Package: xcolor 2024/09/29 v3.02 LaTeX color extensions (UK)
 (/usr/share/texmf-dist/tex/latex/graphics-cfg/color.cfg
File: color.cfg 2016/01/02 v1.6 sample color configuration
)
Package xcolor Info: Driver file: pdftex.def on input line 274.
 (/usr/share/texmf-dist/tex/latex/graphics/mathcolor.ltx)
Package xcolor Info: Model `cmy' substituted by `cmy0' on input line 1349.
Package xcolor Info: Model `hsb' substituted by `rgb' on input line 1353.
Package xcolor Info: Model `RGB' extended on input line 1365.
Package xcolor Info: Model `HTML' substituted by `rgb' on input line 1367.
Package xcolor Info: Model `Hsb' substituted by `hsb' on input line 1368.
Package xcolor Info: Model `tHsb' substituted by `hsb' on input line 1369.
Package xcolor Info: Model `HSB' substituted by `hsb' on input line 1370.
Package xcolor Info: Model `Gray' substituted by `gray' on input line 1371.
Package xcolor Info: Model `wave' substituted by `hsb' on input line 1372.
) (/usr/share/texmf-dist/tex/generic/pgf/basiclayer/pgfcore.code.tex
Package: pgfcore 2023-01-15 v3.1.10 (3.1.10)

(/usr/share/texmf-dist/tex/generic/pgf/math/pgfmath.code.tex (/usr/share/texmf-dist/tex/generic/pgf/math/pgfmathutil.code.tex) (/usr/share/texmf-dist/tex/generic/pgf/math/pgfmathparser.code.tex
\pgfmath@dimen=\dimen169
\pgfmath@count=\count298
\pgfmath@box=\box58
\pgfmath@toks=\toks35
\pgfmath@stack@operand=\toks36
\pgfmath@stack@operation=\toks37
) (/usr/share/texmf-dist/tex/generic/pgf/math/pgfmathfunctions.code.tex) (/usr/share/texmf-dist/tex/generic/pgf/math/pgfmathfunctions.basic.code.tex) (/usr/share/texmf-dist/tex/generic/pgf/math/pgfmathfunctions.trigonometric.code.tex) (/usr/share/texmf-dist/tex/generic/pgf/math/pgfmathfunctions.random.code.tex) (/usr/share/texmf-dist/tex/generic/pgf/math/pgfmathfunctions.comparison.code.tex) (/usr/share/texmf-dist/tex/generic/pgf/math/pgfmathfunctions.base.code.tex) (/usr/share/texmf-dist/tex/generic/pgf/math/pgfmathfunctions.round.code.tex) (/usr/share/texmf-dist/tex/generic/pgf/math/pgfmathfunctions.misc.code.tex) (/usr/share/texmf-dist/tex/generic/pgf/math/pgfmathfunctions.integerarithmetics.code.tex) (/usr/share/texmf-dist/tex/generic/pgf/math/pgfmathcalc.code.tex)
(/usr/share/texmf-dist/tex/generic/pgf/math/pgfmathfloat.code.tex
\c@pgfmathroundto@lastzeros=\count299
)) (/usr/share/texmf-dist/tex/generic/pgf/math/pgfint.code.tex) (/usr/share/texmf-dist/tex/generic/pgf/basiclayer/pgfcorepoints.code.tex
File: pgfcorepoints.code.tex 2023-01-15 v3.1.10 (3.1.10)
\pgf@picminx=\dimen170
\pgf@picmaxx=\dimen171
\pgf@picminy=\dimen172
\pgf@picmaxy=\dimen173
\pgf@pathminx=\dimen174
\pgf@pathmaxx=\dimen175
\pgf@pathminy=\dimen176
\pgf@pathmaxy=\dimen177
\pgf@xx=\dimen178
\pgf@xy=\dimen179
\pgf@yx=\dimen180
\pgf@yy=\dimen181
\pgf@zx=\dimen182
\pgf@zy=\dimen183
) (/usr/share/texmf-dist/tex/generic/pgf/basiclayer/pgfcorepathconstruct.code.tex
File: pgfcorepathconstruct.code.tex 2023-01-15 v3.1.10 (3.1.10)
\pgf@path@lastx=\dimen184
\pgf@path@lasty=\dimen185
) (/usr/share/texmf-dist/tex/generic/pgf/basiclayer/pgfcorepathusage.code.tex
File: pgfcorepathusage.code.tex 2023-01-15 v3.1.10 (3.1.10)
\pgf@shorten@end@additional=\dimen186
\pgf@shorten@start@additional=\dimen187
) (/usr/share/texmf-dist/tex/generic/pgf/basiclayer/pgfcorescopes.code.tex
File: pgfcorescopes.code.tex 2023-01-15 v3.1.10 (3.1.10)
\pgfpic=\box59
\pgf@hbox=\box60
\pgf@layerbox@main=\box61
\pgf@picture@serial@count=\count300
) (/usr/share/texmf-dist/tex/generic/pgf/basiclayer/pgfcoregraphicstate.code.tex
File: pgfcoregraphicstate.code.tex 2023-01-15 v3.1.10 (3.1.10)
\pgflinewidth=\dimen188
) (/usr/share/texmf-dist/tex/generic/pgf/basiclayer/pgfcoretransformations.code.tex
File: pgfcoretransformations.code.tex 2023-01-15 v3.1.10 (3.1.10)
\pgf@pt@x=\dimen189
\pgf@pt@y=\dimen190
\pgf@pt@temp=\dimen191
) (/usr/share/texmf-dist/tex/generic/pgf/basiclayer/pgfcorequick.code.tex
File: pgfcorequick.code.tex 2023-01-15 v3.1.10 (3.1.10)
) (/usr/share/texmf-dist/tex/generic/pgf/basiclayer/pgfcoreobjects.code.tex
File: pgfcoreobjects.code.tex 2023-01-15 v3.1.10 (3.1.10)
) (/usr/share/texmf-dist/tex/generic/pgf/basiclayer/pgfcorepathprocessing.code.tex
File: pgfcorepathprocessing.code.tex 2023-01-15 v3.1.10 (3.1.10)
) (/usr/share/texmf-dist/tex/generic/pgf/basiclayer/pgfcorearrows.code.tex
File: pgfcorearrows.code.tex 2023-01-15 v3.1.10 (3.1.10)
\pgfarrowsep=\dimen192
) (/usr/share/texmf-dist/tex/generic/pgf/basiclayer/pgfcoreshade.code.tex
File: pgfcoreshade.code.tex 2023-01-15 v3.1.10 (3.1.10)
\pgf@max=\dimen193
\pgf@sys@shading@range@num=\count301
\pgf@shadingcount=\count302
)
(/usr/share/texmf-dist/tex/generic/pgf/basiclayer/pgfcoreimage.code.tex
File: pgfcoreimage.code.tex 2023-01-15 v3.1.10 (3.1.10)
) (/usr/share/texmf-dist/tex/generic/pgf/basiclayer/pgfcoreexternal.code.tex
File: pgfcoreexternal.code.tex 2023-01-15 v3.1.10 (3.1.10)
\pgfexternal@startupbox=\box62
) (/usr/share/texmf-dist/tex/generic/pgf/basiclayer/pgfcorelayers.code.tex
File: pgfcorelayers.code.tex 2023-01-15 v3.1.10 (3.1.10)
) (/usr/share/texmf-dist/tex/generic/pgf/basiclayer/pgfcoretransparency.code.tex
File: pgfcoretransparency.code.tex 2023-01-15 v3.1.10 (3.1.10)
) (/usr/share/texmf-dist/tex/generic/pgf/basiclayer/pgfcorepatterns.code.tex
File: pgfcorepatterns.code.tex 2023-01-15 v3.1.10 (3.1.10)
) (/usr/share/texmf-dist/tex/generic/pgf/basiclayer/pgfcorerdf.code.tex
File: pgfcorerdf.code.tex 2023-01-15 v3.1.10 (3.1.10)
))) (/usr/share/texmf-dist/tex/generic/pgf/modules/pgfmoduleshapes.code.tex
File: pgfmoduleshapes.code.tex 2023-01-15 v3.1.10 (3.1.10)
\pgfnodeparttextbox=\box63
) (/usr/share/texmf-dist/tex/generic/pgf/modules/pgfmoduleplot.code.tex
File: pgfmoduleplot.code.tex 2023-01-15 v3.1.10 (3.1.10)
) (/usr/share/texmf-dist/tex/latex/pgf/compatibility/pgfcomp-version-0-65.sty
Package: pgfcomp-version-0-65 2023-01-15 v3.1.10 (3.1.10)
\pgf@nodesepstart=\dimen194
\pgf@nodesepend=\dimen195
) (/usr/share/texmf-dist/tex/latex/pgf/compatibility/pgfcomp-version-1-18.sty
Package: pgfcomp-version-1-18 2023-01-15 v3.1.10 (3.1.10)
)) (/usr/share/texmf-dist/tex/latex/pgf/utilities/pgffor.sty (/usr/share/texmf-dist/tex/latex/pgf/utilities/pgfkeys.sty (/usr/share/texmf-dist/tex/generic/pgf/utilities/pgfkeys.code.tex)) (/usr/share/texmf-dist/tex/latex/pgf/math/pgfmath.sty
(/usr/share/texmf-dist/tex/generic/pgf/math/pgfmath.code.tex)) (/usr/share/texmf-dist/tex/generic/pgf/utilities/pgffor.code.tex
Package: pgffor 2023-01-15 v3.1.10 (3.1.10)
\pgffor@iter=\dimen196
\pgffor@skip=\dimen197
\pgffor@stack=\toks38
\pgffor@toks=\toks39
)) (/usr/share/texmf-dist/tex/generic/pgf/frontendlayer/tikz/tikz.code.tex
Package: tikz 2023-01-15 v3.1.10 (3.1.10)
 (/usr/share/texmf-dist/tex/generic/pgf/libraries/pgflibraryplothandlers.code.tex
File: pgflibraryplothandlers.code.tex 2023-01-15 v3.1.10 (3.1.10)
\pgf@plot@mark@count=\count303
\pgfplotmarksize=\dimen198
)
\tikz@lastx=\dimen199
\tikz@lasty=\dimen256
\tikz@lastxsaved=\dimen257
\tikz@lastysaved=\dimen258
\tikz@lastmovetox=\dimen259
\tikz@lastmovetoy=\dimen260
\tikzleveldistance=\dimen261
\tikzsiblingdistance=\dimen262
\tikz@figbox=\box64
\tikz@figbox@bg=\box65
\tikz@tempbox=\box66
\tikz@tempbox@bg=\box67
\tikztreelevel=\count304
\tikznumberofchildren=\count305
\tikznumberofcurrentchild=\count306
\tikz@fig@count=\count307
 (/usr/share/texmf-dist/tex/generic/pgf/modules/pgfmodulematrix.code.tex
File: pgfmodulematrix.code.tex 2023-01-15 v3.1.10 (3.1.10)
\pgfmatrixcurrentrow=\count308
\pgfmatrixcurrentcolumn=\count309
\pgf@matrix@numberofcolumns=\count310
)
\tikz@expandcount=\count311
 (/usr/share/texmf-dist/tex/generic/pgf/frontendlayer/tikz/libraries/tikzlibrarytopaths.code.tex
File: tikzlibrarytopaths.code.tex 2023-01-15 v3.1.10 (3.1.10)
))) (/usr/share/texmf-dist/tex/generic/tikz-cd/tikzlibrarycd.code.tex (/usr/share/texmf-dist/tex/generic/pgf/frontendlayer/tikz/libraries/tikzlibrarymatrix.code.tex
File: tikzlibrarymatrix.code.tex 2023-01-15 v3.1.10 (3.1.10)
) (/usr/share/texmf-dist/tex/generic/pgf/frontendlayer/tikz/libraries/tikzlibraryquotes.code.tex
File: tikzlibraryquotes.code.tex 2023-01-15 v3.1.10 (3.1.10)
) (/usr/share/texmf-dist/tex/generic/pgf/libraries/pgflibraryarrows.meta.code.tex
File: pgflibraryarrows.meta.code.tex 2023-01-15 v3.1.10 (3.1.10)
\pgfarrowinset=\dimen263
\pgfarrowlength=\dimen264
\pgfarrowwidth=\dimen265
\pgfarrowlinewidth=\dimen266
)))
./_6570_8BBA_57FA_7840note.md.tex:6: Preview: Snippet 1 started.
<-><->
      
l.6 $
     x^{2}+ny^{2}$
Not a real error.

Preview: Tightpage -32891 -32891 32891 32891
./_6570_8BBA_57FA_7840note.md.tex:6: Preview: Snippet 1 ended.(533465+127431x2501746).
<-><->
      
l.6 $x^{2}+ny^{2}$
                  
Not a real error.

[1{/var/lib/texmf/fonts/map/pdftex/updmap/pdftex.map}]
./_6570_8BBA_57FA_7840note.md.tex:7: Preview: Snippet 2 started.
<-><->
      
l.7 $
     p=x^{2}+ny^{2}$
Not a real error.

./_6570_8BBA_57FA_7840note.md.tex:7: Preview: Snippet 2 ended.(533465+127431x3705280).
<-><->
      
l.7 $p=x^{2}+ny^{2}$
                    
Not a real error.

[2]
./_6570_8BBA_57FA_7840note.md.tex:8: Preview: Snippet 3 started.
<-><->
      
l.8 $
     n=1$
Not a real error.

./_6570_8BBA_57FA_7840note.md.tex:8: Preview: Snippet 3 ended.(422343+0x1594857).
<-><->
      
l.8 $n=1$
         
Not a real error.

[3]
./_6570_8BBA_57FA_7840note.md.tex:9: Preview: Snippet 4 started.
<-><->
      
l.9 $
     p=x^{2}+y^{2}$
Not a real error.

./_6570_8BBA_57FA_7840note.md.tex:9: Preview: Snippet 4 ended.(533465+127431x3311910).
<-><->
      
l.9 $p=x^{2}+y^{2}$
                   
Not a real error.

[4]
./_6570_8BBA_57FA_7840note.md.tex:10: Preview: Snippet 5 started.
<-><->
      
l.10 $
      N$
Not a real error.

./_6570_8BBA_57FA_7840note.md.tex:10: Preview: Snippet 5 ended.(447828+0x598014).
<-><->
      
l.10 $N$
        
Not a real error.

[5]
./_6570_8BBA_57FA_7840note.md.tex:11: Preview: Snippet 6 started.
<-><->
      
l.11 $
      x^{2}+y^{2}$
Not a real error.

./_6570_8BBA_57FA_7840note.md.tex:11: Preview: Snippet 6 ended.(533465+127431x2108376).
<-><->
      
l.11 $x^{2}+y^{2}$
                  
Not a real error.

[6]
./_6570_8BBA_57FA_7840note.md.tex:12: Preview: Snippet 7 started.
<-><->
      
l.12 $
      q|N$
Not a real error.

./_6570_8BBA_57FA_7840note.md.tex:12: Preview: Snippet 7 ended.(491520+163840x1096133).
<-><->
      
l.12 $q|N$
          
Not a real error.

[7]
./_6570_8BBA_57FA_7840note.md.tex:13: Preview: Snippet 8 started.
<-><->
      
l.13 $
      q=a^{2}+b^{2}$
Not a real error.

./_6570_8BBA_57FA_7840note.md.tex:13: Preview: Snippet 8 ended.(533465+127431x3206550).
<-><->
      
l.13 $q=a^{2}+b^{2}$
                    
Not a real error.

[8]
./_6570_8BBA_57FA_7840note.md.tex:14: Preview: Snippet 9 started.
<-><->
      
l.14 $
      a,b \in \mathbb{Z}$
Not a real error.

./_6570_8BBA_57FA_7840note.md.tex:14: Preview: Snippet 9 ended.(455111+127431x2156839).
<-><->
      
l.14 $a,b \in \mathbb{Z}$
                         
Not a real error.

[9]
./_6570_8BBA_57FA_7840note.md.tex:15: Preview: Snippet 10 started.
<-><->
      
l.15 $
      \frac{N}{q}=c^{2}+d^{2}$
Not a real error.

./_6570_8BBA_57FA_7840note.md.tex:15: Preview: Snippet 10 ended.(571517+315196x3509110).
<-><->
      
l.15 $\frac{N}{q}=c^{2}+d^{2}$
                              
Not a real error.

[10]
./_6570_8BBA_57FA_7840note.md.tex:16: Preview: Snippet 11 started.
<-><->
      
l.16 $
      q|a^{2}N-x^{2}q$
Not a real error.

./_6570_8BBA_57FA_7840note.md.tex:16: Preview: Snippet 11 ended.(533465+163840x3522175).
<-><->
      
l.16 $q|a^{2}N-x^{2}q$
                      
Not a real error.

[11]
./_6570_8BBA_57FA_7840note.md.tex:17: Preview: Snippet 12 started.
<-><->
      
l.17 $
      ay-bx=dq$
Not a real error.

./_6570_8BBA_57FA_7840note.md.tex:17: Preview: Snippet 12 ended.(455111+127431x3679030).
<-><->
      
l.17 $ay-bx=dq$
               
Not a real error.

[12]
./_6570_8BBA_57FA_7840note.md.tex:18: Preview: Snippet 13 started.
<-><->
      
l.18 $
      d$
Not a real error.

./_6570_8BBA_57FA_7840note.md.tex:18: Preview: Snippet 13 ended.(455111+0x341106).
<-><->
      
l.18 $d$
        
Not a real error.

[13]
./_6570_8BBA_57FA_7840note.md.tex:19: Preview: Snippet 14 started.
<-><->
      
l.19 $
      q=a^{2}+b^{2}$
Not a real error.

./_6570_8BBA_57FA_7840note.md.tex:19: Preview: Snippet 14 ended.(533465+127431x3206550).
<-><->
      
l.19 $q=a^{2}+b^{2}$
                    
Not a real error.

[14]
./_6570_8BBA_57FA_7840note.md.tex:20: Preview: Snippet 15 started.
<-><->
      
l.20 $
      ay-bx=d(a^{2}+b^{2})$
Not a real error.

./_6570_8BBA_57FA_7840note.md.tex:20: Preview: Snippet 15 ended.(533465+163840x5889352).
<-><->
      
l.20 $ay-bx=d(a^{2}+b^{2})$
                           
Not a real error.

[15]
./_6570_8BBA_57FA_7840note.md.tex:21: Preview: Snippet 16 started.
<-><->
      
l.21 $
      a|x+bd$
Not a real error.

./_6570_8BBA_57FA_7840note.md.tex:21: Preview: Snippet 16 ended.(491520+163840x2326371).
<-><->
      
l.21 $a|x+bd$
             
Not a real error.

[16]
./_6570_8BBA_57FA_7840note.md.tex:22: Preview: Snippet 17 started.
<-><->
      
l.22 $
      x=ac-bd$
Not a real error.

./_6570_8BBA_57FA_7840note.md.tex:22: Preview: Snippet 17 ended.(455111+54613x3301743).
<-><->
      
l.22 $x=ac-bd$
              
Not a real error.

[17]
./_6570_8BBA_57FA_7840note.md.tex:23: Preview: Snippet 18 started.
<-><->
      
l.23 $
      y=ad+bc$
Not a real error.

./_6570_8BBA_57FA_7840note.md.tex:23: Preview: Snippet 18 ended.(455111+127431x3272011).
<-><->
      
l.23 $y=ad+bc$
              
Not a real error.

[18]
./_6570_8BBA_57FA_7840note.md.tex:24: Preview: Snippet 19 started.
<-><->
      
l.24 $
      \frac{N}{q}=c^{2}+d^{2}$
Not a real error.

./_6570_8BBA_57FA_7840note.md.tex:24: Preview: Snippet 19 ended.(571517+315196x3509110).
<-><->
      
l.24 $\frac{N}{q}=c^{2}+d^{2}$
                              
Not a real error.

[19]
./_6570_8BBA_57FA_7840note.md.tex:25: Preview: Snippet 20 started.
<-><->
      
l.25 $
      p$
Not a real error.

./_6570_8BBA_57FA_7840note.md.tex:25: Preview: Snippet 20 ended.(282168+127431x329728).
<-><->
      
l.25 $p$
        
Not a real error.

[20]
./_6570_8BBA_57FA_7840note.md.tex:26: Preview: Snippet 21 started.
<-><->
      
l.26 $
      x^{2}+y^{2}$
Not a real error.

./_6570_8BBA_57FA_7840note.md.tex:26: Preview: Snippet 21 ended.(533465+127431x2108376).
<-><->
      
l.26 $x^{2}+y^{2}$
                  
Not a real error.

[21]
./_6570_8BBA_57FA_7840note.md.tex:27: Preview: Snippet 22 started.
<-><->
      
l.27 $
      p\equiv1\pmod{4}$
Not a real error.

./_6570_8BBA_57FA_7840note.md.tex:27: Preview: Snippet 22 ended.(491520+163840x4134445).
<-><->
      
l.27 $p\equiv1\pmod{4}$
                       
Not a real error.

[22]
./_6570_8BBA_57FA_7840note.md.tex:28: Preview: Snippet 23 started.
<-><->
      
l.28 $
      p=x^{2}+2y^{2}$
Not a real error.

./_6570_8BBA_57FA_7840note.md.tex:28: Preview: Snippet 23 ended.(533465+127431x3639591).
<-><->
      
l.28 $p=x^{2}+2y^{2}$
                     
Not a real error.

[23]
./_6570_8BBA_57FA_7840note.md.tex:29: Preview: Snippet 24 started.
<-><->
      
l.29 $
      p=x^{2}+3y^{2}$
Not a real error.

./_6570_8BBA_57FA_7840note.md.tex:29: Preview: Snippet 24 ended.(533465+127431x3639591).
<-><->
      
l.29 $p=x^{2}+3y^{2}$
                     
Not a real error.

[24]
./_6570_8BBA_57FA_7840note.md.tex:30: Preview: Snippet 25 started.
<-><->
      
l.30 $
      p\equiv1\text{ or } 3\pmod{8}$
Not a real error.

./_6570_8BBA_57FA_7840note.md.tex:30: Preview: Snippet 25 ended.(491520+163840x5483146).
<-><->
      
l.30 $p\equiv1\text{ or } 3\pmod{8}$
                                    
Not a real error.

[25{/usr/share/texmf-dist/fonts/enc/dvips/cm-super/cm-super-t1.enc}]
./_6570_8BBA_57FA_7840note.md.tex:31: Preview: Snippet 26 started.
<-><->
      
l.31 $
      p=x^{2}+2y^{2}$
Not a real error.

./_6570_8BBA_57FA_7840note.md.tex:31: Preview: Snippet 26 ended.(533465+127431x3639591).
<-><->
      
l.31 $p=x^{2}+2y^{2}$
                     
Not a real error.

[26]
./_6570_8BBA_57FA_7840note.md.tex:32: Preview: Snippet 27 started.
<-><->
      
l.32 $
      x,y \in \mathbb{Z}$
Not a real error.

./_6570_8BBA_57FA_7840note.md.tex:32: Preview: Snippet 27 ended.(451470+127431x2248545).
<-><->
      
l.32 $x,y \in \mathbb{Z}$
                         
Not a real error.

[27]
./_6570_8BBA_57FA_7840note.md.tex:33: Preview: Snippet 28 started.
<-><->
      
l.33 $
      p\equiv1\pmod{12}$
Not a real error.

./_6570_8BBA_57FA_7840note.md.tex:33: Preview: Snippet 28 ended.(491520+163840x4462126).
<-><->
      
l.33 $p\equiv1\pmod{12}$
                        
Not a real error.

[28]
./_6570_8BBA_57FA_7840note.md.tex:34: Preview: Snippet 29 started.
<-><->
      
l.34 $
      p=x^{2}+3y^{2}$
Not a real error.

./_6570_8BBA_57FA_7840note.md.tex:34: Preview: Snippet 29 ended.(533465+127431x3639591).
<-><->
      
l.34 $p=x^{2}+3y^{2}$
                     
Not a real error.

[29]
./_6570_8BBA_57FA_7840note.md.tex:35: Preview: Snippet 30 started.
<-><->
      
l.35 $
      x,y \in \mathbb{Z}$
Not a real error.

./_6570_8BBA_57FA_7840note.md.tex:35: Preview: Snippet 30 ended.(451470+127431x2248545).
<-><->
      
l.35 $x,y \in \mathbb{Z}$
                         
Not a real error.

[30]
./_6570_8BBA_57FA_7840note.md.tex:36: Preview: Snippet 31 started.
<-><->
      
l.36 $
      m,q \in \mathbb{Z}$
Not a real error.

./_6570_8BBA_57FA_7840note.md.tex:36: Preview: Snippet 31 ended.(451470+127431x2420654).
<-><->
      
l.36 $m,q \in \mathbb{Z}$
                         
Not a real error.

[31]
./_6570_8BBA_57FA_7840note.md.tex:37: Preview: Snippet 32 started.
<-><->
      
l.37 $
      \left( \frac{m}{q} \right)=\begin{cases}0\qquad&\text{if } m=0 \\ 1 \q...
Not a real error.

./_6570_8BBA_57FA_7840note.md.tex:37: Preview: Snippet 32 ended.(1579413+1251732x11024991).
<-><->
      
l.37 ...\\ -1 \qquad &\text{otherwise}\end{cases}$
                                                  
Not a real error.

[32]
./_6570_8BBA_57FA_7840note.md.tex:38: Preview: Snippet 33 started.
<-><->
      
l.38 $
      q$
Not a real error.

./_6570_8BBA_57FA_7840note.md.tex:38: Preview: Snippet 33 ended.(282168+127431x316074).
<-><->
      
l.38 $q$
        
Not a real error.

[33]
./_6570_8BBA_57FA_7840note.md.tex:39: Preview: Snippet 34 started.
<-><->
      
l.39 $
      n=\prod_{i}p_{i}^{\alpha_{i}}$
Not a real error.

./_6570_8BBA_57FA_7840note.md.tex:39: Preview: Snippet 34 ended.(491524+196611x3124351).
<-><->
      
l.39 $n=\prod_{i}p_{i}^{\alpha_{i}}$
                                    
Not a real error.

[34]
./_6570_8BBA_57FA_7840note.md.tex:40: Preview: Snippet 35 started.
<-><->
      
l.40 $
      \left( \frac{m}{n} \right)=\prod_{i}\left( \frac{m}{p_{i}} \right)^{\a...
Not a real error.

./_6570_8BBA_57FA_7840note.md.tex:40: Preview: Snippet 35 ended.(789169+425990x5042188).
<-><->
      
l.40 ...eft( \frac{m}{p_{i}} \right)^{\alpha_{i}}$
                                                  
Not a real error.

[35]
./_6570_8BBA_57FA_7840note.md.tex:41: Preview: Snippet 36 started.
<-><->
      
l.41 $
      p,q$
Not a real error.

./_6570_8BBA_57FA_7840note.md.tex:41: Preview: Snippet 36 ended.(282168+127431x937071).
<-><->
      
l.41 $p,q$
          
Not a real error.

[36]
./_6570_8BBA_57FA_7840note.md.tex:42: Preview: Snippet 37 started.
<-><->
      
l.42 $
      \left( \frac{p}{q} \right)\cdot \left( \frac{q}{p} \right) = (-1)^{\fr...
Not a real error.

./_6570_8BBA_57FA_7840note.md.tex:42: Preview: Snippet 37 ended.(753669+425990x7243772).
<-><->
      
l.42 ...= (-1)^{\frac{p-1}{2}\cdot \frac{q-1}{2}}$
                                                  
Not a real error.

[37]
./_6570_8BBA_57FA_7840note.md.tex:43: Preview: Snippet 38 started.
<-><->
      
l.43 $
      p|x^{2}+ny^{2}$
Not a real error.

./_6570_8BBA_57FA_7840note.md.tex:43: Preview: Snippet 38 ended.(533465+163840x3013519).
<-><->
      
l.43 $p|x^{2}+ny^{2}$
                     
Not a real error.

[38]
./_6570_8BBA_57FA_7840note.md.tex:44: Preview: Snippet 39 started.
<-><->
      
l.44 $
      x,y$
Not a real error.

./_6570_8BBA_57FA_7840note.md.tex:44: Preview: Snippet 39 ended.(282168+127431x1010649).
<-><->
      
l.44 $x,y$
          
Not a real error.

[39]
./_6570_8BBA_57FA_7840note.md.tex:45: Preview: Snippet 40 started.
<-><->
      
l.45 $
      \left( \frac{-n}{p} \right)=1$
Not a real error.

./_6570_8BBA_57FA_7840note.md.tex:45: Preview: Snippet 40 ended.(753669+425990x2875132).
<-><->
      
l.45 $\left( \frac{-n}{p} \right)=1$
                                    
Not a real error.

[40]
./_6570_8BBA_57FA_7840note.md.tex:46: Preview: Snippet 41 started.
<-><->
      
l.46 $
      \left( \frac{a}{n} \right)$
Not a real error.

./_6570_8BBA_57FA_7840note.md.tex:46: Preview: Snippet 41 ended.(557059+229380x1082002).
<-><->
      
l.46 $\left( \frac{a}{n} \right)$
                                 
Not a real error.

[41]
./_6570_8BBA_57FA_7840note.md.tex:47: Preview: Snippet 42 started.
<-><->
      
l.47 $
      p^{*}=(-1)^{\frac{p-1}{2}}p$
Not a real error.

./_6570_8BBA_57FA_7840note.md.tex:47: Preview: Snippet 42 ended.(668105+163840x4192120).
<-><->
      
l.47 $p^{*}=(-1)^{\frac{p-1}{2}}p$
                                  
Not a real error.

[42]
./_6570_8BBA_57FA_7840note.md.tex:48: Preview: Snippet 43 started.
<-><->
      
l.48 $
      \left( \frac{p^{*}}{q} \right)=1$
Not a real error.

./_6570_8BBA_57FA_7840note.md.tex:48: Preview: Snippet 43 ended.(753669+425990x2685706).
<-><->
      
l.48 $\left( \frac{p^{*}}{q} \right)=1$
                                       
Not a real error.

[43]
./_6570_8BBA_57FA_7840note.md.tex:49: Preview: Snippet 44 started.
<-><->
      
l.49 $
      \Longleftrightarrow$
Not a real error.

./_6570_8BBA_57FA_7840note.md.tex:49: Preview: Snippet 44 ended.(240435+0x1201498).
<-><->
      
l.49 $\Longleftrightarrow$
                          
Not a real error.

[44]
./_6570_8BBA_57FA_7840note.md.tex:50: Preview: Snippet 45 started.
<-><->
      
l.50 $
      p\equiv\pm\beta ^{2}\pmod{4q}$
Not a real error.

./_6570_8BBA_57FA_7840note.md.tex:50: Preview: Snippet 45 ended.(533465+163840x5331843).
<-><->
      
l.50 $p\equiv\pm\beta ^{2}\pmod{4q}$
                                    
Not a real error.

[45]
./_6570_8BBA_57FA_7840note.md.tex:51: Preview: Snippet 46 started.
<-><->
      
l.51 $
      \beta$
Not a real error.

./_6570_8BBA_57FA_7840note.md.tex:51: Preview: Snippet 46 ended.(455111+127431x405276).
<-><->
      
l.51 $\beta$
            
Not a real error.

[46]
./_6570_8BBA_57FA_7840note.md.tex:52: Preview: Snippet 47 started.
<-><->
      
l.52 $
      \impliedby$
Not a real error.

./_6570_8BBA_57FA_7840note.md.tex:52: Preview: Snippet 47 ended.(240435+0x1419943).
<-><->
      
l.52 $\impliedby$
                 
Not a real error.

[47]
./_6570_8BBA_57FA_7840note.md.tex:53: Preview: Snippet 48 started.
<-><->
      
l.53 $
      \implies$
Not a real error.

./_6570_8BBA_57FA_7840note.md.tex:53: Preview: Snippet 48 ended.(240435+0x1419943).
<-><->
      
l.53 $\implies$
               
Not a real error.

[48]
./_6570_8BBA_57FA_7840note.md.tex:54: Preview: Snippet 49 started.
<-><->
      
l.54 $
      p\pmod{4q}$
Not a real error.

./_6570_8BBA_57FA_7840note.md.tex:54: Preview: Snippet 49 ended.(491520+163840x3249032).
<-><->
      
l.54 $p\pmod{4q}$
                 
Not a real error.

[49]
./_6570_8BBA_57FA_7840note.md.tex:55: Preview: Snippet 50 started.
<-><->
      
l.55 $
      p\mapsto\beta^{2}$
Not a real error.

./_6570_8BBA_57FA_7840note.md.tex:55: Preview: Snippet 50 ended.(533465+127431x2048448).
<-><->
      
l.55 $p\mapsto\beta^{2}$
                        
Not a real error.

[50]
./_6570_8BBA_57FA_7840note.md.tex:56: Preview: Snippet 51 started.
<-><->
      
l.56 $
      \beta\pmod{4q}$
Not a real error.

./_6570_8BBA_57FA_7840note.md.tex:56: Preview: Snippet 51 ended.(491520+163840x3324580).
<-><->
      
l.56 $\beta\pmod{4q}$
                     
Not a real error.

[51]
./_6570_8BBA_57FA_7840note.md.tex:57: Preview: Snippet 52 started.
<-><->
      
l.57 $
      D\equiv0\text{ or } 1\pmod{4}$
Not a real error.

./_6570_8BBA_57FA_7840note.md.tex:57: Preview: Snippet 52 ended.(491520+163840x5714206).
<-><->
      
l.57 $D\equiv0\text{ or } 1\pmod{4}$
                                    
Not a real error.

[52]
./_6570_8BBA_57FA_7840note.md.tex:58: Preview: Snippet 53 started.
<-><->
      
l.58 $
      D\neq0$
Not a real error.

./_6570_8BBA_57FA_7840note.md.tex:58: Preview: Snippet 53 ended.(455111+127430x1762275).
<-><->
      
l.58 $D\neq0$
             
Not a real error.

[53]
./_6570_8BBA_57FA_7840note.md.tex:59: Preview: Snippet 54 started.
<-><->
      
l.59 $
      \chi:(\mathbb{Z} / D\mathbb{Z})^{\times}\rightarrow \{ \pm1 \}$
Not a real error.

./_6570_8BBA_57FA_7840note.md.tex:59: Preview: Snippet 54 ended.(521815+163840x6182768).
<-><->
      
l.59 ...mathbb{Z})^{\times}\rightarrow \{ \pm1 \}$
                                                  
Not a real error.

[54]
./_6570_8BBA_57FA_7840note.md.tex:60: Preview: Snippet 55 started.
<-><->
      
l.60 $
      \chi([p])=\left( \frac{D}{p} \right)$
Not a real error.

./_6570_8BBA_57FA_7840note.md.tex:60: Preview: Snippet 55 ended.(753669+425990x3870096).
<-><->
      
l.60 $\chi([p])=\left( \frac{D}{p} \right)$
                                           
Not a real error.

[55]
./_6570_8BBA_57FA_7840note.md.tex:61: Preview: Snippet 56 started.
<-><->
      
l.61 $
      p$
Not a real error.

./_6570_8BBA_57FA_7840note.md.tex:61: Preview: Snippet 56 ended.(282168+127431x329728).
<-><->
      
l.61 $p$
        
Not a real error.

[56]
./_6570_8BBA_57FA_7840note.md.tex:62: Preview: Snippet 57 started.
<-><->
      
l.62 $
      \chi([-1])=\begin{cases}1\  \text{ if } D>0\\ -1\ \text{ if } D<0\end{...
Not a real error.

./_6570_8BBA_57FA_7840note.md.tex:62: Preview: Snippet 57 ended.(1146889+819210x7893938).
<-><->
      
l.62 ...if } D>0\\ -1\ \text{ if } D<0\end{cases}$
                                                  
Not a real error.

[57]
./_6570_8BBA_57FA_7840note.md.tex:63: Preview: Snippet 58 started.
<-><->
      
l.63 $
      n$
Not a real error.

./_6570_8BBA_57FA_7840note.md.tex:63: Preview: Snippet 58 ended.(282168+0x393370).
<-><->
      
l.63 $n$
        
Not a real error.

[58]
./_6570_8BBA_57FA_7840note.md.tex:64: Preview: Snippet 59 started.
<-><->
      
l.64 $
      D$
Not a real error.

./_6570_8BBA_57FA_7840note.md.tex:64: Preview: Snippet 59 ended.(447828+0x560788).
<-><->
      
l.64 $D$
        
Not a real error.

[59]
./_6570_8BBA_57FA_7840note.md.tex:65: Preview: Snippet 60 started.
<-><->
      
l.65 $
      \chi([n])=\left( \frac{D}{n} \right)$
Not a real error.

./_6570_8BBA_57FA_7840note.md.tex:65: Preview: Snippet 60 ended.(571517+229380x3751696).
<-><->
      
l.65 $\chi([n])=\left( \frac{D}{n} \right)$
                                           
Not a real error.

[60]
./_6570_8BBA_57FA_7840note.md.tex:66: Preview: Snippet 61 started.
<-><->
      
l.66 $
      \chi$
Not a real error.

./_6570_8BBA_57FA_7840note.md.tex:66: Preview: Snippet 61 ended.(282168+127431x410053).
<-><->
      
l.66 $\chi$
           
Not a real error.

[61]
./_6570_8BBA_57FA_7840note.md.tex:67: Preview: Snippet 62 started.
<-><->
      
l.67 $
      D>0$
Not a real error.

./_6570_8BBA_57FA_7840note.md.tex:67: Preview: Snippet 62 ended.(447828+25623x1762275).
<-><->
      
l.67 $D>0$
          
Not a real error.

[62]
./_6570_8BBA_57FA_7840note.md.tex:68: Preview: Snippet 63 started.
<-><->
      
l.68 $
      D\equiv1\pmod{4}$
Not a real error.

./_6570_8BBA_57FA_7840note.md.tex:68: Preview: Snippet 63 ended.(491520+163840x4365505).
<-><->
      
l.68 $D\equiv1\pmod{4}$
                       
Not a real error.

[63]
./_6570_8BBA_57FA_7840note.md.tex:69: Preview: Snippet 64 started.
<-><->
      
l.69 $
      \left( \frac{D}{m} \right)=\left( \frac{m}{D} \right)(-1)^{\frac{D-1}{...
Not a real error.

./_6570_8BBA_57FA_7840note.md.tex:69: Preview: Snippet 64 ended.(664465+229380x7212785).
<-><->
      
l.69 ...t)(-1)^{\frac{D-1}{2}\cdot \frac{m-1}{2}}$
                                                  
Not a real error.

[64]
./_6570_8BBA_57FA_7840note.md.tex:70: Preview: Snippet 65 started.
<-><->
      
l.70 $
      \left( \frac{D}{m} \right)=\left( \frac{D}{n} \right)$
Not a real error.

./_6570_8BBA_57FA_7840note.md.tex:70: Preview: Snippet 65 ended.(571517+229380x3297544).
<-><->
      
l.70 ...{D}{m} \right)=\left( \frac{D}{n} \right)$
                                                  
Not a real error.

[65]
./_6570_8BBA_57FA_7840note.md.tex:71: Preview: Snippet 66 started.
<-><->
      
l.71 $
      D<0$
Not a real error.

./_6570_8BBA_57FA_7840note.md.tex:71: Preview: Snippet 66 ended.(447828+25623x1762275).
<-><->
      
l.71 $D<0$
          
Not a real error.

[66]
./_6570_8BBA_57FA_7840note.md.tex:72: Preview: Snippet 67 started.
<-><->
      
l.72 $
      D\equiv1\pmod{4}$
Not a real error.

./_6570_8BBA_57FA_7840note.md.tex:72: Preview: Snippet 67 ended.(491520+163840x4365505).
<-><->
      
l.72 $D\equiv1\pmod{4}$
                       
Not a real error.

[67]
./_6570_8BBA_57FA_7840note.md.tex:73: Preview: Snippet 68 started.
<-><->
      
l.73 $
      \left( \frac{D}{m} \right)=\left( \frac{-1}{m} \right)\cdot\left( \fra...
Not a real error.

./_6570_8BBA_57FA_7840note.md.tex:73: Preview: Snippet 68 ended.(571517+229380x5609326).
<-><->
      
l.73 ...} \right)\cdot\left( \frac{-D}{M} \right)$
                                                  
Not a real error.

[68]
./_6570_8BBA_57FA_7840note.md.tex:74: Preview: Snippet 69 started.
<-><->
      
l.74 $
      D>0$
Not a real error.

./_6570_8BBA_57FA_7840note.md.tex:74: Preview: Snippet 69 ended.(447828+25623x1762275).
<-><->
      
l.74 $D>0$
          
Not a real error.

[69]
./_6570_8BBA_57FA_7840note.md.tex:75: Preview: Snippet 70 started.
<-><->
      
l.75 $
      D\equiv0\pmod{4}$
Not a real error.

./_6570_8BBA_57FA_7840note.md.tex:75: Preview: Snippet 70 ended.(491520+163840x4365505).
<-><->
      
l.75 $D\equiv0\pmod{4}$
                       
Not a real error.

[70]
./_6570_8BBA_57FA_7840note.md.tex:76: Preview: Snippet 71 started.
<-><->
      
l.76 $
      D=2^{k}D'$
Not a real error.

./_6570_8BBA_57FA_7840note.md.tex:76: Preview: Snippet 71 ended.(556402+0x2829376).
<-><->
      
l.76 $D=2^{k}D'$
                
Not a real error.

[71]
./_6570_8BBA_57FA_7840note.md.tex:77: Preview: Snippet 72 started.
<-><->
      
l.77 $
      k\geq2$
Not a real error.

./_6570_8BBA_57FA_7840note.md.tex:77: Preview: Snippet 72 ended.(455111+89110x1563301).
<-><->
      
l.77 $k\geq2$
             
Not a real error.

[72]
./_6570_8BBA_57FA_7840note.md.tex:78: Preview: Snippet 73 started.
<-><->
      
l.78 $
      \left( \frac{D}{m} \right)=\left( \frac{2}{m} \right)^{k}\left( \frac{...
Not a real error.

./_6570_8BBA_57FA_7840note.md.tex:78: Preview: Snippet 73 ended.(783957+425990x10992049).
<-><->
      
l.78 ...2}-1}{8}}\cdot\left( \frac{D'}{m} \right)$
                                                  
Not a real error.

[73]
./_6570_8BBA_57FA_7840note.md.tex:79: Preview: Snippet 74 started.
<-><->
      
l.79 $
      \left( \frac{D}{m} \right) =\left( \frac{D}{n} \right)$
Not a real error.

./_6570_8BBA_57FA_7840note.md.tex:79: Preview: Snippet 74 ended.(571517+229380x3297544).
<-><->
      
l.79 ...D}{m} \right) =\left( \frac{D}{n} \right)$
                                                  
Not a real error.

[74]
./_6570_8BBA_57FA_7840note.md.tex:80: Preview: Snippet 75 started.
<-><->
      
l.80 $
      D<0$
Not a real error.

./_6570_8BBA_57FA_7840note.md.tex:80: Preview: Snippet 75 ended.(447828+25623x1762275).
<-><->
      
l.80 $D<0$
          
Not a real error.

[75]
./_6570_8BBA_57FA_7840note.md.tex:81: Preview: Snippet 76 started.
<-><->
      
l.81 $
      D\equiv0\pmod{4}$
Not a real error.

./_6570_8BBA_57FA_7840note.md.tex:81: Preview: Snippet 76 ended.(491520+163840x4365505).
<-><->
      
l.81 $D\equiv0\pmod{4}$
                       
Not a real error.

[76]
./_6570_8BBA_57FA_7840note.md.tex:82: Preview: Snippet 77 started.
<-><->
      
l.82 $
      D=-2^{k}D'$
Not a real error.

./_6570_8BBA_57FA_7840note.md.tex:82: Preview: Snippet 77 ended.(556402+54613x3339102).
<-><->
      
l.82 $D=-2^{k}D'$
                 
Not a real error.

[77]
./_6570_8BBA_57FA_7840note.md.tex:83: Preview: Snippet 78 started.
<-><->
      
l.83 $
      k\geq2$
Not a real error.

./_6570_8BBA_57FA_7840note.md.tex:83: Preview: Snippet 78 ended.(455111+89110x1563301).
<-><->
      
l.83 $k\geq2$
             
Not a real error.

[78]
./_6570_8BBA_57FA_7840note.md.tex:84: Preview: Snippet 79 started.
<-><->
      
l.84 $
      \left( \frac{D}{m} \right)=\left( \frac{-1}{m} \right)\cdot\left( \fra...
Not a real error.

./_6570_8BBA_57FA_7840note.md.tex:84: Preview: Snippet 79 ended.(783957+425990x15885125).
<-><->
      
l.84 ...2}-1}{8}}\cdot\left( \frac{D'}{m} \right)$
                                                  
Not a real error.

[79]
./_6570_8BBA_57FA_7840note.md.tex:85: Preview: Snippet 80 started.
<-><->
      
l.85 $
      \chi([-1])$
Not a real error.

./_6570_8BBA_57FA_7840note.md.tex:85: Preview: Snippet 80 ended.(491520+163840x2121276).
<-><->
      
l.85 $\chi([-1])$
                 
Not a real error.

[80]
./_6570_8BBA_57FA_7840note.md.tex:86: Preview: Snippet 81 started.
<-><->
      
l.86 $
      n\equiv-1\pmod{8D}$
Not a real error.

./_6570_8BBA_57FA_7840note.md.tex:86: Preview: Snippet 81 ended.(491520+163840x5268601).
<-><->
      
l.86 $n\equiv-1\pmod{8D}$
                         
Not a real error.

[81]
./_6570_8BBA_57FA_7840note.md.tex:87: Preview: Snippet 82 started.
<-><->
      
l.87 $
      \left( \frac{D}{n} \right)$
Not a real error.

./_6570_8BBA_57FA_7840note.md.tex:87: Preview: Snippet 82 ended.(571517+229380x1200651).
<-><->
      
l.87 $\left( \frac{D}{n} \right)$
                                 
Not a real error.

[82]
./_6570_8BBA_57FA_7840note.md.tex:88: Preview: Snippet 83 started.
<-><->
      
l.88 $
      x^{2}+ny^{2}$
Not a real error.

./_6570_8BBA_57FA_7840note.md.tex:88: Preview: Snippet 83 ended.(533465+127431x2501746).
<-><->
      
l.88 $x^{2}+ny^{2}$
                   
Not a real error.

[83]
./_6570_8BBA_57FA_7840note.md.tex:89: Preview: Snippet 84 started.
<-><->
      
l.89 $
      D=-4n$
Not a real error.

./_6570_8BBA_57FA_7840note.md.tex:89: Preview: Snippet 84 ended.(447828+54613x2665371).
<-><->
      
l.89 $D=-4n$
            
Not a real error.

[84]
./_6570_8BBA_57FA_7840note.md.tex:90: Preview: Snippet 85 started.
<-><->
      
l.90 $
      \rightsquigarrow$
Not a real error.

./_6570_8BBA_57FA_7840note.md.tex:90: Preview: Snippet 85 ended.(247648+0x655361).
<-><->
      
l.90 $\rightsquigarrow$
                       
Not a real error.

[85]
./_6570_8BBA_57FA_7840note.md.tex:91: Preview: Snippet 86 started.
<-><->
      
l.91 $
      \chi:(\mathbb{Z} / D\mathbb{Z})^{\times} \rightarrow \{ \pm1 \}$
Not a real error.

./_6570_8BBA_57FA_7840note.md.tex:91: Preview: Snippet 86 ended.(521815+163840x6182768).
<-><->
      
l.91 ...athbb{Z})^{\times} \rightarrow \{ \pm1 \}$
                                                  
Not a real error.

[86]
./_6570_8BBA_57FA_7840note.md.tex:92: Preview: Snippet 87 started.
<-><->
      
l.92 $
      x,y \in \mathbb{Z}$
Not a real error.

./_6570_8BBA_57FA_7840note.md.tex:92: Preview: Snippet 87 ended.(451470+127431x2248545).
<-><->
      
l.92 $x,y \in \mathbb{Z}$
                         
Not a real error.

[87]
./_6570_8BBA_57FA_7840note.md.tex:93: Preview: Snippet 88 started.
<-><->
      
l.93 $
      gcd(x,y)=1$
Not a real error.

./_6570_8BBA_57FA_7840note.md.tex:93: Preview: Snippet 88 ended.(491520+163840x3682678).
<-><->
      
l.93 $gcd(x,y)=1$
                 
Not a real error.

[88]
./_6570_8BBA_57FA_7840note.md.tex:94: Preview: Snippet 89 started.
<-><->
      
l.94 $
      p|x^{2}+ny^{2}$
Not a real error.

./_6570_8BBA_57FA_7840note.md.tex:94: Preview: Snippet 89 ended.(533465+163840x3013519).
<-><->
      
l.94 $p|x^{2}+ny^{2}$
                     
Not a real error.

[89]
./_6570_8BBA_57FA_7840note.md.tex:95: Preview: Snippet 90 started.
<-><->
      
l.95 $
      \chi([p])=1$
Not a real error.

./_6570_8BBA_57FA_7840note.md.tex:95: Preview: Snippet 90 ended.(491520+163840x2815084).
<-><->
      
l.95 $\chi([p])=1$
                  
Not a real error.

[90]
./_6570_8BBA_57FA_7840note.md.tex:96: Preview: Snippet 91 started.
<-><->
      
l.96 $
      n=5,27,64$
Not a real error.

./_6570_8BBA_57FA_7840note.md.tex:96: Preview: Snippet 91 ended.(422343+127431x3488119).
<-><->
      
l.96 $n=5,27,64$
                
Not a real error.

[91]
./_6570_8BBA_57FA_7840note.md.tex:97: Preview: Snippet 92 started.
<-><->
      
l.97 $
      n=5$
Not a real error.

./_6570_8BBA_57FA_7840note.md.tex:97: Preview: Snippet 92 ended.(422343+0x1594857).
<-><->
      
l.97 $n=5$
          
Not a real error.

[92]
./_6570_8BBA_57FA_7840note.md.tex:98: Preview: Snippet 93 started.
<-><->
      
l.98 $
      p$
Not a real error.

./_6570_8BBA_57FA_7840note.md.tex:98: Preview: Snippet 93 ended.(282168+127431x329728).
<-><->
      
l.98 $p$
        
Not a real error.

[93]
./_6570_8BBA_57FA_7840note.md.tex:99: Preview: Snippet 94 started.
<-><->
      
l.99 $
      \neq5$
Not a real error.

./_6570_8BBA_57FA_7840note.md.tex:99: Preview: Snippet 94 ended.(455111+127430x1019447).
<-><->
      
l.99 $\neq5$
            
Not a real error.

[94]
./_6570_8BBA_57FA_7840note.md.tex:100: Preview: Snippet 95 started.
<-><->
      
l.100 $
       p=x^{2}+2y^{2}$
Not a real error.

./_6570_8BBA_57FA_7840note.md.tex:100: Preview: Snippet 95 ended.(533465+127431x3639591).
<-><->
      
l.100 $p=x^{2}+2y^{2}$
                      
Not a real error.

[95]
./_6570_8BBA_57FA_7840note.md.tex:101: Preview: Snippet 96 started.
<-><->
      
l.101 $
       p\equiv1\text{ or } 9\pmod{20}$
Not a real error.

./_6570_8BBA_57FA_7840note.md.tex:101: Preview: Snippet 96 ended.(491520+163840x5810827).
<-><->
      
l.101 $p\equiv1\text{ or } 9\pmod{20}$
                                      
Not a real error.

[96]
./_6570_8BBA_57FA_7840note.md.tex:102: Preview: Snippet 97 started.
<-><->
      
l.102 $
       2p=x^{2}+5y^{2}$
Not a real error.

./_6570_8BBA_57FA_7840note.md.tex:102: Preview: Snippet 97 ended.(533465+127431x3967272).
<-><->
      
l.102 $2p=x^{2}+5y^{2}$
                       
Not a real error.

[97]
./_6570_8BBA_57FA_7840note.md.tex:103: Preview: Snippet 98 started.
<-><->
      
l.103 $
       p=2u^{2}+2uv+3v^{2}$
Not a real error.

./_6570_8BBA_57FA_7840note.md.tex:103: Preview: Snippet 98 ended.(533465+127431x5809257).
<-><->
      
l.103 $p=2u^{2}+2uv+3v^{2}$
                           
Not a real error.

[98]
./_6570_8BBA_57FA_7840note.md.tex:104: Preview: Snippet 99 started.
<-><->
      
l.104 $
       p\equiv3\text{ or }7\pmod{20}$
Not a real error.

./_6570_8BBA_57FA_7840note.md.tex:104: Preview: Snippet 99 ended.(491520+163840x5810827).
<-><->
      
l.104 $p\equiv3\text{ or }7\pmod{20}$
                                     
Not a real error.

[99]
./_6570_8BBA_57FA_7840note.md.tex:105: Preview: Snippet 100 started.
<-><->
      
l.105 $
       \left( \frac{-5}{p} \right)=1$
Not a real error.

./_6570_8BBA_57FA_7840note.md.tex:105: Preview: Snippet 100 ended.(753669+425990x2812401).
<-><->
      
l.105 $\left( \frac{-5}{p} \right)=1$
                                     
Not a real error.

[100]
./_6570_8BBA_57FA_7840note.md.tex:106: Preview: Snippet 101 started.
<-><->
      
l.106 $
       p\equiv1,3,7,9\pmod{20}$
Not a real error.

./_6570_8BBA_57FA_7840note.md.tex:106: Preview: Snippet 101 ended.(491520+163840x6318976).
<-><->
      
l.106 $p\equiv1,3,7,9\pmod{20}$
                               
Not a real error.

[101]
./_6570_8BBA_57FA_7840note.md.tex:107: Preview: Snippet 102 started.
<-><->
      
l.107 $
       n=27$
Not a real error.

./_6570_8BBA_57FA_7840note.md.tex:107: Preview: Snippet 102 ended.(422343+0x1922538).
<-><->
      
l.107 $n=27$
            
Not a real error.

[102]
./_6570_8BBA_57FA_7840note.md.tex:108: Preview: Snippet 103 started.
<-><->
      
l.108 $
       p$
Not a real error.

./_6570_8BBA_57FA_7840note.md.tex:108: Preview: Snippet 103 ended.(282168+127431x329728).
<-><->
      
l.108 $p$
         
Not a real error.

[103]
./_6570_8BBA_57FA_7840note.md.tex:109: Preview: Snippet 104 started.
<-><->
      
l.109 $
       \neq3$
Not a real error.

./_6570_8BBA_57FA_7840note.md.tex:109: Preview: Snippet 104 ended.(455111+127430x1019447).
<-><->
      
l.109 $\neq3$
             
Not a real error.

[104]
./_6570_8BBA_57FA_7840note.md.tex:110: Preview: Snippet 105 started.
<-><->
      
l.110 $
       p=x^{2}+27y^{2}$
Not a real error.

./_6570_8BBA_57FA_7840note.md.tex:110: Preview: Snippet 105 ended.(533465+127431x3967272).
<-><->
      
l.110 $p=x^{2}+27y^{2}$
                       
Not a real error.

[105]
./_6570_8BBA_57FA_7840note.md.tex:111: Preview: Snippet 106 started.
<-><->
      
l.111 $
       p\equiv1\pmod{(3)}$
Not a real error.

./_6570_8BBA_57FA_7840note.md.tex:111: Preview: Snippet 106 ended.(491520+163840x4644171).
<-><->
      
l.111 $p\equiv1\pmod{(3)}$
                          
Not a real error.

[106]
./_6570_8BBA_57FA_7840note.md.tex:112: Preview: Snippet 107 started.
<-><->
      
l.112 $
       2$
Not a real error.

./_6570_8BBA_57FA_7840note.md.tex:112: Preview: Snippet 107 ended.(422343+0x327681).
<-><->
      
l.112 $2$
         
Not a real error.

[107]
./_6570_8BBA_57FA_7840note.md.tex:113: Preview: Snippet 108 started.
<-><->
      
l.113 $
       p$
Not a real error.

./_6570_8BBA_57FA_7840note.md.tex:113: Preview: Snippet 108 ended.(282168+127431x329728).
<-><->
      
l.113 $p$
         
Not a real error.

[108]
./_6570_8BBA_57FA_7840note.md.tex:114: Preview: Snippet 109 started.
<-><->
      
l.114 $
       n=64$
Not a real error.

./_6570_8BBA_57FA_7840note.md.tex:114: Preview: Snippet 109 ended.(422343+0x1922538).
<-><->
      
l.114 $n=64$
            
Not a real error.

[109]
./_6570_8BBA_57FA_7840note.md.tex:115: Preview: Snippet 110 started.
<-><->
      
l.115 $
       p$
Not a real error.

./_6570_8BBA_57FA_7840note.md.tex:115: Preview: Snippet 110 ended.(282168+127431x329728).
<-><->
      
l.115 $p$
         
Not a real error.

[110]
./_6570_8BBA_57FA_7840note.md.tex:116: Preview: Snippet 111 started.
<-><->
      
l.116 $
       p=x^{2}+64y^{2}$
Not a real error.

./_6570_8BBA_57FA_7840note.md.tex:116: Preview: Snippet 111 ended.(533465+127431x3967272).
<-><->
      
l.116 $p=x^{2}+64y^{2}$
                       
Not a real error.

[111]
./_6570_8BBA_57FA_7840note.md.tex:117: Preview: Snippet 112 started.
<-><->
      
l.117 $
       p\equiv1\pmod{4}$
Not a real error.

./_6570_8BBA_57FA_7840note.md.tex:117: Preview: Snippet 112 ended.(491520+163840x4134445).
<-><->
      
l.117 $p\equiv1\pmod{4}$
                        
Not a real error.

[112]
./_6570_8BBA_57FA_7840note.md.tex:118: Preview: Snippet 113 started.
<-><->
      
l.118 $
       2,5$
Not a real error.

./_6570_8BBA_57FA_7840note.md.tex:118: Preview: Snippet 113 ended.(422343+127431x946631).
<-><->
      
l.118 $2,5$
           
Not a real error.

[113]
./_6570_8BBA_57FA_7840note.md.tex:119: Preview: Snippet 114 started.
<-><->
      
l.119 $
       p$
Not a real error.

./_6570_8BBA_57FA_7840note.md.tex:119: Preview: Snippet 114 ended.(282168+127431x329728).
<-><->
      
l.119 $p$
         
Not a real error.

[114]
./_6570_8BBA_57FA_7840note.md.tex:120: Preview: Snippet 115 started.
<-><->
      
l.120 $
       f(x,y)=ax^{2}+bxy+cy^{2}$
Not a real error.

./_6570_8BBA_57FA_7840note.md.tex:120: Preview: Snippet 115 ended.(533465+163840x7325610).
<-><->
      
l.120 $f(x,y)=ax^{2}+bxy+cy^{2}$
                                
Not a real error.

[115]
./_6570_8BBA_57FA_7840note.md.tex:121: Preview: Snippet 116 started.
<-><->
      
l.121 $
       x,y \in \mathbb{Z}$
Not a real error.

./_6570_8BBA_57FA_7840note.md.tex:121: Preview: Snippet 116 ended.(451470+127431x2248545).
<-><->
      
l.121 $x,y \in \mathbb{Z}$
                          
Not a real error.

[116]
./_6570_8BBA_57FA_7840note.md.tex:122: Preview: Snippet 117 started.
<-><->
      
l.122 $
       a,b,c \in \mathbb{Z}$
Not a real error.

./_6570_8BBA_57FA_7840note.md.tex:122: Preview: Snippet 117 ended.(455111+127431x2731719).
<-><->
      
l.122 $a,b,c \in \mathbb{Z}$
                            
Not a real error.

[117]
./_6570_8BBA_57FA_7840note.md.tex:123: Preview: Snippet 118 started.
<-><->
      
l.123 $
       D=b^{2}-4ac$
Not a real error.

./_6570_8BBA_57FA_7840note.md.tex:123: Preview: Snippet 118 ended.(533465+54613x3768553).
<-><->
      
l.123 $D=b^{2}-4ac$
                   
Not a real error.

[118]
./_6570_8BBA_57FA_7840note.md.tex:124: Preview: Snippet 119 started.
<-><->
      
l.124 $
       m \in \mathbb{Z}$
Not a real error.

./_6570_8BBA_57FA_7840note.md.tex:124: Preview: Snippet 119 ended.(451470+25623x1813311).
<-><->
      
l.124 $m \in \mathbb{Z}$
                        
Not a real error.

[119]
./_6570_8BBA_57FA_7840note.md.tex:125: Preview: Snippet 120 started.
<-><->
      
l.125 $
       f(x,y)$
Not a real error.

./_6570_8BBA_57FA_7840note.md.tex:125: Preview: Snippet 120 ended.(491520+163840x1911773).
<-><->
      
l.125 $f(x,y)$
              
Not a real error.

[120]
./_6570_8BBA_57FA_7840note.md.tex:126: Preview: Snippet 121 started.
<-><->
      
l.126 $
       \exists x,y \in \mathbb{Z}$
Not a real error.

./_6570_8BBA_57FA_7840note.md.tex:126: Preview: Snippet 121 ended.(455111+127431x2612635).
<-><->
      
l.126 $\exists x,y \in \mathbb{Z}$
                                  
Not a real error.

[121]
./_6570_8BBA_57FA_7840note.md.tex:127: Preview: Snippet 122 started.
<-><->
      
l.127 $
       f(x,y)=m$
Not a real error.

./_6570_8BBA_57FA_7840note.md.tex:127: Preview: Snippet 122 ended.(491520+163840x3360994).
<-><->
      
l.127 $f(x,y)=m$
                
Not a real error.

[122]
./_6570_8BBA_57FA_7840note.md.tex:128: Preview: Snippet 123 started.
<-><->
      
l.128 $
       gcd(x,y)=1$
Not a real error.

./_6570_8BBA_57FA_7840note.md.tex:128: Preview: Snippet 123 ended.(491520+163840x3682678).
<-><->
      
l.128 $gcd(x,y)=1$
                  
Not a real error.

[123]
./_6570_8BBA_57FA_7840note.md.tex:129: Preview: Snippet 124 started.
<-><->
      
l.129 $
       f$
Not a real error.

./_6570_8BBA_57FA_7840note.md.tex:129: Preview: Snippet 124 ended.(455111+127431x391398).
<-><->
      
l.129 $f$
         
Not a real error.

[124]
./_6570_8BBA_57FA_7840note.md.tex:130: Preview: Snippet 125 started.
<-><->
      
l.130 $
       \begin{pmatrix}x&y\end{pmatrix}\begin{pmatrix}a&b\\c&d\end{pmatrix}\b...
Not a real error.

./_6570_8BBA_57FA_7840note.md.tex:130: Preview: Snippet 125 ended.(950279+622600x5841056).
<-><->
      
l.130 ...pmatrix}\begin{pmatrix}x\\y\end{pmatrix}$
                                                  
Not a real error.

[125]
./_6570_8BBA_57FA_7840note.md.tex:131: Preview: Snippet 126 started.
<-><->
      
l.131 $
       f$
Not a real error.

./_6570_8BBA_57FA_7840note.md.tex:131: Preview: Snippet 126 ended.(455111+127431x391398).
<-><->
      
l.131 $f$
         
Not a real error.

[126]
./_6570_8BBA_57FA_7840note.md.tex:132: Preview: Snippet 127 started.
<-><->
      
l.132 $
       g$
Not a real error.

./_6570_8BBA_57FA_7840note.md.tex:132: Preview: Snippet 127 ended.(282168+127431x336099).
<-><->
      
l.132 $g$
         
Not a real error.

[127]
./_6570_8BBA_57FA_7840note.md.tex:133: Preview: Snippet 128 started.
<-><->
      
l.133 $
       B=QAQ^{T}$
Not a real error.

./_6570_8BBA_57FA_7840note.md.tex:133: Preview: Snippet 128 ended.(551306+127431x3344354).
<-><->
      
l.133 $B=QAQ^{T}$
                 
Not a real error.

[128]
./_6570_8BBA_57FA_7840note.md.tex:134: Preview: Snippet 129 started.
<-><->
      
l.134 $
       Q$
Not a real error.

./_6570_8BBA_57FA_7840note.md.tex:134: Preview: Snippet 129 ended.(447828+127431x518098).
<-><->
      
l.134 $Q$
         
Not a real error.

[129]
./_6570_8BBA_57FA_7840note.md.tex:135: Preview: Snippet 130 started.
<-><->
      
l.135 $
       \det(Q)=1$
Not a real error.

./_6570_8BBA_57FA_7840note.md.tex:135: Preview: Snippet 130 ended.(491520+163840x3139535).
<-><->
      
l.135 $\det(Q)=1$
                 
Not a real error.

[130]
./_6570_8BBA_57FA_7840note.md.tex:136: Preview: Snippet 131 started.
<-><->
      
l.136 $
       f(x,y)$
Not a real error.

./_6570_8BBA_57FA_7840note.md.tex:136: Preview: Snippet 131 ended.(491520+163840x1911773).
<-><->
      
l.136 $f(x,y)$
              
Not a real error.

[131]
./_6570_8BBA_57FA_7840note.md.tex:137: Preview: Snippet 132 started.
<-><->
      
l.137 $
       m$
Not a real error.

./_6570_8BBA_57FA_7840note.md.tex:137: Preview: Snippet 132 ended.(282168+0x575415).
<-><->
      
l.137 $m$
         
Not a real error.

[132]
./_6570_8BBA_57FA_7840note.md.tex:138: Preview: Snippet 133 started.
<-><->
      
l.138 $
       f$
Not a real error.

./_6570_8BBA_57FA_7840note.md.tex:138: Preview: Snippet 133 ended.(455111+127431x391398).
<-><->
      
l.138 $f$
         
Not a real error.

[133]
./_6570_8BBA_57FA_7840note.md.tex:139: Preview: Snippet 134 started.
<-><->
      
l.139 $
       f$
Not a real error.

./_6570_8BBA_57FA_7840note.md.tex:139: Preview: Snippet 134 ended.(455111+127431x391398).
<-><->
      
l.139 $f$
         
Not a real error.

[134]
./_6570_8BBA_57FA_7840note.md.tex:140: Preview: Snippet 135 started.
<-><->
      
l.140 $
       mx^{2}+bxy+cy^{2}$
Not a real error.

./_6570_8BBA_57FA_7840note.md.tex:140: Preview: Snippet 135 ended.(533465+127431x4769030).
<-><->
      
l.140 $mx^{2}+bxy+cy^{2}$
                         
Not a real error.

[135]
./_6570_8BBA_57FA_7840note.md.tex:141: Preview: Snippet 136 started.
<-><->
      
l.141 $
       s,r\in \mathbb{Z}$
Not a real error.

./_6570_8BBA_57FA_7840note.md.tex:141: Preview: Snippet 136 ended.(451470+127431x2150241).
<-><->
      
l.141 $s,r\in \mathbb{Z}$
                         
Not a real error.

[136]
./_6570_8BBA_57FA_7840note.md.tex:142: Preview: Snippet 137 started.
<-><->
      
l.142 $
       gcd(s,r)=1$
Not a real error.

./_6570_8BBA_57FA_7840note.md.tex:142: Preview: Snippet 137 ended.(491520+163840x3584374).
<-><->
      
l.142 $gcd(s,r)=1$
                  
Not a real error.

[137]
./_6570_8BBA_57FA_7840note.md.tex:143: Preview: Snippet 138 started.
<-><->
      
l.143 $
       f(s,r)=1$
Not a real error.

./_6570_8BBA_57FA_7840note.md.tex:143: Preview: Snippet 138 ended.(491520+163840x3014956).
<-><->
      
l.143 $f(s,r)=1$
                
Not a real error.

[138]
./_6570_8BBA_57FA_7840note.md.tex:144: Preview: Snippet 139 started.
<-><->
      
l.144 $
       ps-qr=1$
Not a real error.

./_6570_8BBA_57FA_7840note.md.tex:144: Preview: Snippet 139 ended.(422343+127431x3269355).
<-><->
      
l.144 $ps-qr=1$
               
Not a real error.

[139]
./_6570_8BBA_57FA_7840note.md.tex:145: Preview: Snippet 140 started.
<-><->
      
l.145 $
       \begin{pmatrix}p&-q\\r&s\end{pmatrix}$
Not a real error.

./_6570_8BBA_57FA_7840note.md.tex:145: Preview: Snippet 140 ended.(950279+622600x2775728).
<-><->
      
l.145 $\begin{pmatrix}p&-q\\r&s\end{pmatrix}$
                                             
Not a real error.

[140]
./_6570_8BBA_57FA_7840note.md.tex:146: Preview: Snippet 141 started.
<-><->
      
l.146 $
       g(1,0)=f(s,r)=m$
Not a real error.

./_6570_8BBA_57FA_7840note.md.tex:146: Preview: Snippet 141 ended.(491520+163840x5928952).
<-><->
      
l.146 $g(1,0)=f(s,r)=m$
                       
Not a real error.

[141]
./_6570_8BBA_57FA_7840note.md.tex:147: Preview: Snippet 142 started.
<-><->
      
l.147 $
       D\equiv0\text{ or 1}\pmod{4}$
Not a real error.

./_6570_8BBA_57FA_7840note.md.tex:147: Preview: Snippet 142 ended.(491520+163840x5714125).
<-><->
      
l.147 $D\equiv0\text{ or 1}\pmod{4}$
                                    
Not a real error.

[142]
./_6570_8BBA_57FA_7840note.md.tex:148: Preview: Snippet 143 started.
<-><->
      
l.148 $
       m$
Not a real error.

./_6570_8BBA_57FA_7840note.md.tex:148: Preview: Snippet 143 ended.(282168+0x575415).
<-><->
      
l.148 $m$
         
Not a real error.

[143]
./_6570_8BBA_57FA_7840note.md.tex:149: Preview: Snippet 144 started.
<-><->
      
l.149 $
       gcd(m,D)=1$
Not a real error.

./_6570_8BBA_57FA_7840note.md.tex:149: Preview: Snippet 144 ended.(491520+163840x4099501).
<-><->
      
l.149 $gcd(m,D)=1$
                  
Not a real error.

[144]
./_6570_8BBA_57FA_7840note.md.tex:150: Preview: Snippet 145 started.
<-><->
      
l.150 $
       m$
Not a real error.

./_6570_8BBA_57FA_7840note.md.tex:150: Preview: Snippet 145 ended.(282168+0x575415).
<-><->
      
l.150 $m$
         
Not a real error.

[145]
./_6570_8BBA_57FA_7840note.md.tex:151: Preview: Snippet 146 started.
<-><->
      
l.151 $
       D$
Not a real error.

./_6570_8BBA_57FA_7840note.md.tex:151: Preview: Snippet 146 ended.(447828+0x560788).
<-><->
      
l.151 $D$
         
Not a real error.

[146]
./_6570_8BBA_57FA_7840note.md.tex:152: Preview: Snippet 147 started.
<-><->
      
l.152 $
       D$
Not a real error.

./_6570_8BBA_57FA_7840note.md.tex:152: Preview: Snippet 147 ended.(447828+0x560788).
<-><->
      
l.152 $D$
         
Not a real error.

[147]
./_6570_8BBA_57FA_7840note.md.tex:153: Preview: Snippet 148 started.
<-><->
      
l.153 $
       m$
Not a real error.

./_6570_8BBA_57FA_7840note.md.tex:153: Preview: Snippet 148 ended.(282168+0x575415).
<-><->
      
l.153 $m$
         
Not a real error.

[148]
./_6570_8BBA_57FA_7840note.md.tex:154: Preview: Snippet 149 started.
<-><->
      
l.154 $
       m$
Not a real error.

./_6570_8BBA_57FA_7840note.md.tex:154: Preview: Snippet 149 ended.(282168+0x575415).
<-><->
      
l.154 $m$
         
Not a real error.

[149]
./_6570_8BBA_57FA_7840note.md.tex:155: Preview: Snippet 150 started.
<-><->
      
l.155 $
       f$
Not a real error.

./_6570_8BBA_57FA_7840note.md.tex:155: Preview: Snippet 150 ended.(455111+127431x391398).
<-><->
      
l.155 $f$
         
Not a real error.

[150]
./_6570_8BBA_57FA_7840note.md.tex:156: Preview: Snippet 151 started.
<-><->
      
l.156 $
       f$
Not a real error.

./_6570_8BBA_57FA_7840note.md.tex:156: Preview: Snippet 151 ended.(455111+127431x391398).
<-><->
      
l.156 $f$
         
Not a real error.

[151]
./_6570_8BBA_57FA_7840note.md.tex:157: Preview: Snippet 152 started.
<-><->
      
l.157 $
       mx^{2}+bxy+cy^{2}$
Not a real error.

./_6570_8BBA_57FA_7840note.md.tex:157: Preview: Snippet 152 ended.(533465+127431x4769030).
<-><->
      
l.157 $mx^{2}+bxy+cy^{2}$
                         
Not a real error.

[152]
./_6570_8BBA_57FA_7840note.md.tex:158: Preview: Snippet 153 started.
<-><->
      
l.158 $
       D=b^{2}-4mc$
Not a real error.

./_6570_8BBA_57FA_7840note.md.tex:158: Preview: Snippet 153 ended.(533465+54613x3997552).
<-><->
      
l.158 $D=b^{2}-4mc$
                   
Not a real error.

[153]
./_6570_8BBA_57FA_7840note.md.tex:159: Preview: Snippet 154 started.
<-><->
      
l.159 $
       gcd(m,D)=1$
Not a real error.

./_6570_8BBA_57FA_7840note.md.tex:159: Preview: Snippet 154 ended.(491520+163840x4099501).
<-><->
      
l.159 $gcd(m,D)=1$
                  
Not a real error.

[154]
./_6570_8BBA_57FA_7840note.md.tex:160: Preview: Snippet 155 started.
<-><->
      
l.160 $
       gcd(b,m)=1$
Not a real error.

./_6570_8BBA_57FA_7840note.md.tex:160: Preview: Snippet 155 ended.(491520+163840x3819971).
<-><->
      
l.160 $gcd(b,m)=1$
                  
Not a real error.

[155]
./_6570_8BBA_57FA_7840note.md.tex:161: Preview: Snippet 156 started.
<-><->
      
l.161 $
       D\equiv b^{2}\pmod{m}$
Not a real error.

./_6570_8BBA_57FA_7840note.md.tex:161: Preview: Snippet 156 ended.(533465+163840x4860819).
<-><->
      
l.161 $D\equiv b^{2}\pmod{m}$
                             
Not a real error.

[156]
./_6570_8BBA_57FA_7840note.md.tex:162: Preview: Snippet 157 started.
<-><->
      
l.162 $
       b^{2}\equiv D\pmod{m}$
Not a real error.

./_6570_8BBA_57FA_7840note.md.tex:162: Preview: Snippet 157 ended.(533465+163840x4860819).
<-><->
      
l.162 $b^{2}\equiv D\pmod{m}$
                             
Not a real error.

[157]
./_6570_8BBA_57FA_7840note.md.tex:163: Preview: Snippet 158 started.
<-><->
      
l.163 $
       B\equiv D\pmod{2}$
Not a real error.

./_6570_8BBA_57FA_7840note.md.tex:163: Preview: Snippet 158 ended.(491520+163840x4567801).
<-><->
      
l.163 $B\equiv D\pmod{2}$
                         
Not a real error.

[158]
./_6570_8BBA_57FA_7840note.md.tex:164: Preview: Snippet 159 started.
<-><->
      
l.164 $
       b^{2}-D\equiv0\pmod{4m}$
Not a real error.

./_6570_8BBA_57FA_7840note.md.tex:164: Preview: Snippet 159 ended.(533465+163840x6317171).
<-><->
      
l.164 $b^{2}-D\equiv0\pmod{4m}$
                               
Not a real error.

[159]
./_6570_8BBA_57FA_7840note.md.tex:165: Preview: Snippet 160 started.
<-><->
      
l.165 $
       4mc=b^{2}-D$
Not a real error.

./_6570_8BBA_57FA_7840note.md.tex:165: Preview: Snippet 160 ended.(533465+54613x3997552).
<-><->
      
l.165 $4mc=b^{2}-D$
                   
Not a real error.

[160]
./_6570_8BBA_57FA_7840note.md.tex:166: Preview: Snippet 161 started.
<-><->
      
l.166 $
       f(x,y)=mx^{2}+bxy+cy^{2}$
Not a real error.

./_6570_8BBA_57FA_7840note.md.tex:166: Preview: Snippet 161 ended.(533465+163840x7554609).
<-><->
      
l.166 $f(x,y)=mx^{2}+bxy+cy^{2}$
                                
Not a real error.

[161]
./_6570_8BBA_57FA_7840note.md.tex:167: Preview: Snippet 162 started.
<-><->
      
l.167 $
       f(1,0)=m$
Not a real error.

./_6570_8BBA_57FA_7840note.md.tex:167: Preview: Snippet 162 ended.(491520+163840x3296976).
<-><->
      
l.167 $f(1,0)=m$
                
Not a real error.

[162]
./_6570_8BBA_57FA_7840note.md.tex:168: Preview: Snippet 163 started.
<-><->
      
l.168 $
       D$
Not a real error.

./_6570_8BBA_57FA_7840note.md.tex:168: Preview: Snippet 163 ended.(447828+0x560788).
<-><->
      
l.168 $D$
         
Not a real error.

[163]
./_6570_8BBA_57FA_7840note.md.tex:169: Preview: Snippet 164 started.
<-><->
      
l.169 $
       ax^{2}+bxy +cy^{2}$
Not a real error.

./_6570_8BBA_57FA_7840note.md.tex:169: Preview: Snippet 164 ended.(533465+127431x4540031).
<-><->
      
l.169 $ax^{2}+bxy +cy^{2}$
                          
Not a real error.

[164]
./_6570_8BBA_57FA_7840note.md.tex:170: Preview: Snippet 165 started.
<-><->
      
l.170 $
       \lvert b \rvert\leq a\leq c$
Not a real error.

./_6570_8BBA_57FA_7840note.md.tex:170: Preview: Snippet 165 ended.(491520+163840x3022987).
<-><->
      
l.170 $\lvert b \rvert\leq a\leq c$
                                   
Not a real error.

[165]
./_6570_8BBA_57FA_7840note.md.tex:171: Preview: Snippet 166 started.
<-><->
      
l.171 $
       b\geq0$
Not a real error.

./_6570_8BBA_57FA_7840note.md.tex:171: Preview: Snippet 166 ended.(455111+89110x1482745).
<-><->
      
l.171 $b\geq0$
              
Not a real error.

[166]
./_6570_8BBA_57FA_7840note.md.tex:172: Preview: Snippet 167 started.
<-><->
      
l.172 $
       \lvert b \rvert=a$
Not a real error.

./_6570_8BBA_57FA_7840note.md.tex:172: Preview: Snippet 167 ended.(491520+163840x1865570).
<-><->
      
l.172 $\lvert b \rvert=a$
                         
Not a real error.

[167]
./_6570_8BBA_57FA_7840note.md.tex:173: Preview: Snippet 168 started.
<-><->
      
l.173 $
       a=c$
Not a real error.

./_6570_8BBA_57FA_7840note.md.tex:173: Preview: Snippet 168 ended.(282168+0x1503833).
<-><->
      
l.173 $a=c$
           
Not a real error.

[168]
./_6570_8BBA_57FA_7840note.md.tex:174: Preview: Snippet 169 started.
<-><->
      
l.174 $
       a=\min\{ a'x^{2}+b'xy+c'y^{2}:(x,y)\neq(0,0) \}$
Not a real error.

./_6570_8BBA_57FA_7840note.md.tex:174: Preview: Snippet 169 ended.(533465+163840x12456143).
<-><->
      
l.174 ...{ a'x^{2}+b'xy+c'y^{2}:(x,y)\neq(0,0) \}$
                                                  
Not a real error.

[169]
./_6570_8BBA_57FA_7840note.md.tex:175: Preview: Snippet 170 started.
<-><->
      
l.175 $
       a'x^{2}+b'xy+c'y^{2}$
Not a real error.

./_6570_8BBA_57FA_7840note.md.tex:175: Preview: Snippet 170 ended.(533465+127431x5091626).
<-><->
      
l.175 $a'x^{2}+b'xy+c'y^{2}$
                            
Not a real error.

[170]
./_6570_8BBA_57FA_7840note.md.tex:176: Preview: Snippet 171 started.
<-><->
      
l.176 $
       ax^{2}+b''xy+c''y^{2}$
Not a real error.

./_6570_8BBA_57FA_7840note.md.tex:176: Preview: Snippet 171 ended.(533465+127431x5209955).
<-><->
      
l.176 $ax^{2}+b''xy+c''y^{2}$
                             
Not a real error.

[171]
./_6570_8BBA_57FA_7840note.md.tex:177: Preview: Snippet 172 started.
<-><->
      
l.177 $
       k\in \mathbb{Z}$
Not a real error.

./_6570_8BBA_57FA_7840note.md.tex:177: Preview: Snippet 172 ended.(455111+25623x1599710).
<-><->
      
l.177 $k\in \mathbb{Z}$
                       
Not a real error.

[172]
./_6570_8BBA_57FA_7840note.md.tex:178: Preview: Snippet 173 started.
<-><->
      
l.178 $
       \lvert 2ak+b'' \rvert\leq a$
Not a real error.

./_6570_8BBA_57FA_7840note.md.tex:178: Preview: Snippet 173 ended.(492688+163840x4037433).
<-><->
      
l.178 $\lvert 2ak+b'' \rvert\leq a$
                                   
Not a real error.

[173]
./_6570_8BBA_57FA_7840note.md.tex:179: Preview: Snippet 174 started.
<-><->
      
l.179 $
       b=2ak+b''$
Not a real error.

./_6570_8BBA_57FA_7840note.md.tex:179: Preview: Snippet 174 ended.(492688+54613x3608185).
<-><->
      
l.179 $b=2ak+b''$
                 
Not a real error.

[174]
./_6570_8BBA_57FA_7840note.md.tex:180: Preview: Snippet 175 started.
<-><->
      
l.180 $
       c=ak^{2}+b''k+c''$
Not a real error.

./_6570_8BBA_57FA_7840note.md.tex:180: Preview: Snippet 175 ended.(533465+54613x5358237).
<-><->
      
l.180 $c=ak^{2}+b''k+c''$
                         
Not a real error.

[175]
./_6570_8BBA_57FA_7840note.md.tex:181: Preview: Snippet 176 started.
<-><->
      
l.181 $
       ax^{2}+bxy+cy^{2}$
Not a real error.

./_6570_8BBA_57FA_7840note.md.tex:181: Preview: Snippet 176 ended.(533465+127431x4540031).
<-><->
      
l.181 $ax^{2}+bxy+cy^{2}$
                         
Not a real error.

[176]
./_6570_8BBA_57FA_7840note.md.tex:182: Preview: Snippet 177 started.
<-><->
      
l.182 $
       \lvert b \rvert\leq a$
Not a real error.

./_6570_8BBA_57FA_7840note.md.tex:182: Preview: Snippet 177 ended.(491520+163840x1865570).
<-><->
      
l.182 $\lvert b \rvert\leq a$
                             
Not a real error.

[177]
./_6570_8BBA_57FA_7840note.md.tex:183: Preview: Snippet 178 started.
<-><->
      
l.183 $
       a\leq c$
Not a real error.

./_6570_8BBA_57FA_7840note.md.tex:183: Preview: Snippet 178 ended.(416790+89110x1503833).
<-><->
      
l.183 $a\leq c$
               
Not a real error.

[178]
./_6570_8BBA_57FA_7840note.md.tex:184: Preview: Snippet 179 started.
<-><->
      
l.184 $
       ax^{2}+bxy+cy^{2}$
Not a real error.

./_6570_8BBA_57FA_7840note.md.tex:184: Preview: Snippet 179 ended.(533465+127431x4540031).
<-><->
      
l.184 $ax^{2}+bxy+cy^{2}$
                         
Not a real error.

[179]
./_6570_8BBA_57FA_7840note.md.tex:185: Preview: Snippet 180 started.
<-><->
      
l.185 $
       a'x^{2}+b'xy+c'y^{2}$
Not a real error.

./_6570_8BBA_57FA_7840note.md.tex:185: Preview: Snippet 180 ended.(533465+127431x5091626).
<-><->
      
l.185 $a'x^{2}+b'xy+c'y^{2}$
                            
Not a real error.

[180]
./_6570_8BBA_57FA_7840note.md.tex:186: Preview: Snippet 181 started.
<-><->
      
l.186 $
       \lvert b \rvert\leq a\leq c$
Not a real error.

./_6570_8BBA_57FA_7840note.md.tex:186: Preview: Snippet 181 ended.(491520+163840x3022987).
<-><->
      
l.186 $\lvert b \rvert\leq a\leq c$
                                   
Not a real error.

[181]
./_6570_8BBA_57FA_7840note.md.tex:187: Preview: Snippet 182 started.
<-><->
      
l.187 $
       ax^{2}+bxy+cy^{2}=a\left( x+\frac{b}{2a}y \right)^{2}+\left( c-\frac{...
Not a real error.

./_6570_8BBA_57FA_7840note.md.tex:187: Preview: Snippet 182 ended.(753669+425990x13106620).
<-><->
      
l.187 ...}+\left( c-\frac{b^{2}}{4a} \right)y^{2}$
                                                  
Not a real error.

[182]
./_6570_8BBA_57FA_7840note.md.tex:188: Preview: Snippet 183 started.
<-><->
      
l.188 $
       \lvert y \rvert\geq2$
Not a real error.

./_6570_8BBA_57FA_7840note.md.tex:188: Preview: Snippet 183 ended.(491520+163840x1910401).
<-><->
      
l.188 $\lvert y \rvert\geq2$
                            
Not a real error.

[183]
./_6570_8BBA_57FA_7840note.md.tex:189: Preview: Snippet 184 started.
<-><->
      
l.189 $
       ax^{2}+bxy+cy^{2}> c\geq a$
Not a real error.

./_6570_8BBA_57FA_7840note.md.tex:189: Preview: Snippet 184 ended.(533465+127431x6917670).
<-><->
      
l.189 $ax^{2}+bxy+cy^{2}> c\geq a$
                                  
Not a real error.

[184]
./_6570_8BBA_57FA_7840note.md.tex:190: Preview: Snippet 185 started.
<-><->
      
l.190 $
       \lvert y \rvert=1$
Not a real error.

./_6570_8BBA_57FA_7840note.md.tex:190: Preview: Snippet 185 ended.(491520+163840x1910401).
<-><->
      
l.190 $\lvert y \rvert=1$
                         
Not a real error.

[185]
./_6570_8BBA_57FA_7840note.md.tex:191: Preview: Snippet 186 started.
<-><->
      
l.191 $
       y=1$
Not a real error.

./_6570_8BBA_57FA_7840note.md.tex:191: Preview: Snippet 186 ended.(422343+127431x1546311).
<-><->
      
l.191 $y=1$
           
Not a real error.

[186]
./_6570_8BBA_57FA_7840note.md.tex:192: Preview: Snippet 187 started.
<-><->
      
l.192 $
       x\neq0$
Not a real error.

./_6570_8BBA_57FA_7840note.md.tex:192: Preview: Snippet 187 ended.(455111+127430x1576043).
<-><->
      
l.192 $x\neq0$
              
Not a real error.

[187]
./_6570_8BBA_57FA_7840note.md.tex:193: Preview: Snippet 188 started.
<-><->
      
l.193 $
       \left\lvert  x+\frac{b}{2a}  \right\rvert\geq \frac{\lvert b\rvert}{2a}$
Not a real error.

./_6570_8BBA_57FA_7840note.md.tex:193: Preview: Snippet 188 ended.(661912+229380x3891844).
<-><->
      
l.193 ...ight\rvert\geq \frac{\lvert b\rvert}{2a}$
                                                  
Not a real error.

[188]
./_6570_8BBA_57FA_7840note.md.tex:194: Preview: Snippet 189 started.
<-><->
      
l.194 $
       ax^{2}+bxy+cy^{2}\geq a\left( \frac{\lvert b \rvert}{2a} \right)^{2}+...
Not a real error.

./_6570_8BBA_57FA_7840note.md.tex:194: Preview: Snippet 189 ended.(887291+425990x12177658).
<-><->
      
l.194 ...^{2}+\left( c-\frac{b^{2}}{2a} \right)=c$
                                                  
Not a real error.

[189]
./_6570_8BBA_57FA_7840note.md.tex:195: Preview: Snippet 190 started.
<-><->
      
l.195 $
       a=\min\{ ax^{2}+bxy+cy^{2} \}$
Not a real error.

./_6570_8BBA_57FA_7840note.md.tex:195: Preview: Snippet 190 ended.(533465+163840x7507885).
<-><->
      
l.195 $a=\min\{ ax^{2}+bxy+cy^{2} \}$
                                     
Not a real error.

[190]
./_6570_8BBA_57FA_7840note.md.tex:196: Preview: Snippet 191 started.
<-><->
      
l.196 $
       ax^{2}+bxy+cy^{2}=a$
Not a real error.

./_6570_8BBA_57FA_7840note.md.tex:196: Preview: Snippet 191 ended.(533465+127431x5760253).
<-><->
      
l.196 $ax^{2}+bxy+cy^{2}=a$
                           
Not a real error.

[191]
./_6570_8BBA_57FA_7840note.md.tex:197: Preview: Snippet 192 started.
<-><->
      
l.197 $
       (x,y)=(\pm1,0)$
Not a real error.

./_6570_8BBA_57FA_7840note.md.tex:197: Preview: Snippet 192 ended.(491520+163840x4360264).
<-><->
      
l.197 $(x,y)=(\pm1,0)$
                      
Not a real error.

[192]
./_6570_8BBA_57FA_7840note.md.tex:198: Preview: Snippet 193 started.
<-><->
      
l.198 $
       (0,\pm1)$
Not a real error.

./_6570_8BBA_57FA_7840note.md.tex:198: Preview: Snippet 193 ended.(491520+163840x1966083).
<-><->
      
l.198 $(0,\pm1)$
                
Not a real error.

[193]
./_6570_8BBA_57FA_7840note.md.tex:199: Preview: Snippet 194 started.
<-><->
      
l.199 $
       a=c$
Not a real error.

./_6570_8BBA_57FA_7840note.md.tex:199: Preview: Snippet 194 ended.(282168+0x1503833).
<-><->
      
l.199 $a=c$
           
Not a real error.

[194]
./_6570_8BBA_57FA_7840note.md.tex:200: Preview: Snippet 195 started.
<-><->
      
l.200 $
       c=\min\{ ax^{2}+bxy+cy^{2}:(x,y)\in \mathbb{Z}-\mathbb{Z}(0,1) \}$
Not a real error.

./_6570_8BBA_57FA_7840note.md.tex:200: Preview: Snippet 195 ended.(533465+163840x13443731).
<-><->
      
l.200 ...}:(x,y)\in \mathbb{Z}-\mathbb{Z}(0,1) \}$
                                                  
Not a real error.

[195]
./_6570_8BBA_57FA_7840note.md.tex:201: Preview: Snippet 196 started.
<-><->
      
l.201 $
       a,c$
Not a real error.

./_6570_8BBA_57FA_7840note.md.tex:201: Preview: Snippet 196 ended.(282168+127431x921296).
<-><->
      
l.201 $a,c$
           
Not a real error.

[196]
./_6570_8BBA_57FA_7840note.md.tex:202: Preview: Snippet 197 started.
<-><->
      
l.202 $
       ax^{2}+bxy+cy^{2}\sim ax^{2}-bxy+cy^{2}$
Not a real error.

./_6570_8BBA_57FA_7840note.md.tex:202: Preview: Snippet 197 ended.(533465+127431x9953868).
<-><->
      
l.202 $ax^{2}+bxy+cy^{2}\sim ax^{2}-bxy+cy^{2}$
                                               
Not a real error.

[197]
./_6570_8BBA_57FA_7840note.md.tex:203: Preview: Snippet 198 started.
<-><->
      
l.203 $
       (x,y)=(\pm1,0)\&(0,\pm1)$
Not a real error.

./_6570_8BBA_57FA_7840note.md.tex:203: Preview: Snippet 198 ended.(491520+163840x6836073).
<-><->
      
l.203 $(x,y)=(\pm1,0)\&(0,\pm1)$
                                
Not a real error.

[198]
./_6570_8BBA_57FA_7840note.md.tex:204: Preview: Snippet 199 started.
<-><->
      
l.204 $
       I$
Not a real error.

./_6570_8BBA_57FA_7840note.md.tex:204: Preview: Snippet 199 ended.(447828+0x339512).
<-><->
      
l.204 $I$
         
Not a real error.

[199]
./_6570_8BBA_57FA_7840note.md.tex:205: Preview: Snippet 200 started.
<-><->
      
l.205 $
       -I$
Not a real error.

./_6570_8BBA_57FA_7840note.md.tex:205: Preview: Snippet 200 ended.(447828+54613x849238).
<-><->
      
l.205 $-I$
          
Not a real error.

[200]
./_6570_8BBA_57FA_7840note.md.tex:206: Preview: Snippet 201 started.
<-><->
      
l.206 $
       h(D)$
Not a real error.

./_6570_8BBA_57FA_7840note.md.tex:206: Preview: Snippet 201 ended.(491520+163840x1448105).
<-><->
      
l.206 $h(D)$
            
Not a real error.

[201]
./_6570_8BBA_57FA_7840note.md.tex:207: Preview: Snippet 202 started.
<-><->
      
l.207 $
       h(D)<+\infty$
Not a real error.

./_6570_8BBA_57FA_7840note.md.tex:207: Preview: Snippet 202 ended.(491520+163840x3486998).
<-><->
      
l.207 $h(D)<+\infty$
                    
Not a real error.

[202]
./_6570_8BBA_57FA_7840note.md.tex:208: Preview: Snippet 203 started.
<-><->
      
l.208 $
       h(D)=$
Not a real error.

./_6570_8BBA_57FA_7840note.md.tex:208: Preview: Snippet 203 ended.(491520+163840x2139871).
<-><->
      
l.208 $h(D)=$
             
Not a real error.

[203]
./_6570_8BBA_57FA_7840note.md.tex:209: Preview: Snippet 204 started.
<-><->
      
l.209 $
       D$
Not a real error.

./_6570_8BBA_57FA_7840note.md.tex:209: Preview: Snippet 204 ended.(447828+0x560788).
<-><->
      
l.209 $D$
         
Not a real error.

[204]
./_6570_8BBA_57FA_7840note.md.tex:210: Preview: Snippet 205 started.
<-><->
      
l.210 $
       -D=4ac-b^{2}\geq4ac-a^{2}\geq3ac$
Not a real error.

./_6570_8BBA_57FA_7840note.md.tex:210: Preview: Snippet 205 ended.(533465+89110x9382716).
<-><->
      
l.210 $-D=4ac-b^{2}\geq4ac-a^{2}\geq3ac$
                                        
Not a real error.

[205]
./_6570_8BBA_57FA_7840note.md.tex:211: Preview: Snippet 206 started.
<-><->
      
l.211 $
       c< -D$
Not a real error.

./_6570_8BBA_57FA_7840note.md.tex:211: Preview: Snippet 206 ended.(447828+54613x2227931).
<-><->
      
l.211 $c< -D$
             
Not a real error.

[206]
./_6570_8BBA_57FA_7840note.md.tex:212: Preview: Snippet 207 started.
<-><->
      
l.212 $
       (a,b,c)$
Not a real error.

./_6570_8BBA_57FA_7840note.md.tex:212: Preview: Snippet 207 ended.(491520+163840x2003549).
<-><->
      
l.212 $(a,b,c)$
               
Not a real error.

[207]
./_6570_8BBA_57FA_7840note.md.tex:213: Preview: Snippet 208 started.
<-><->
      
l.213 $
       D$
Not a real error.

./_6570_8BBA_57FA_7840note.md.tex:213: Preview: Snippet 208 ended.(447828+0x560788).
<-><->
      
l.213 $D$
         
Not a real error.

[208]
./_6570_8BBA_57FA_7840note.md.tex:214: Preview: Snippet 209 started.
<-><->
      
l.214 $
       x^{2}+xy+y^2$
Not a real error.

./_6570_8BBA_57FA_7840note.md.tex:214: Preview: Snippet 209 ended.(533465+127431x3628746).
<-><->
      
l.214 $x^{2}+xy+y^2$
                    
Not a real error.

[209]
./_6570_8BBA_57FA_7840note.md.tex:215: Preview: Snippet 210 started.
<-><->
      
l.215 $
       x^{2}+y^{2}$
Not a real error.

./_6570_8BBA_57FA_7840note.md.tex:215: Preview: Snippet 210 ended.(533465+127431x2108376).
<-><->
      
l.215 $x^{2}+y^{2}$
                   
Not a real error.

[210]
./_6570_8BBA_57FA_7840note.md.tex:216: Preview: Snippet 211 started.
<-><->
      
l.216 $
       x^{2}+xy+2y^{2}$
Not a real error.

./_6570_8BBA_57FA_7840note.md.tex:216: Preview: Snippet 211 ended.(533465+127431x3956427).
<-><->
      
l.216 $x^{2}+xy+2y^{2}$
                       
Not a real error.

[211]
./_6570_8BBA_57FA_7840note.md.tex:217: Preview: Snippet 212 started.
<-><->
      
l.217 $
       x^{2}+2y^{2}$
Not a real error.

./_6570_8BBA_57FA_7840note.md.tex:217: Preview: Snippet 212 ended.(533465+127431x2436057).
<-><->
      
l.217 $x^{2}+2y^{2}$
                    
Not a real error.

[212]
./_6570_8BBA_57FA_7840note.md.tex:218: Preview: Snippet 213 started.
<-><->
      
l.218 $
       x^{2}+xy+3y^{2}$
Not a real error.

./_6570_8BBA_57FA_7840note.md.tex:218: Preview: Snippet 213 ended.(533465+127431x3956427).
<-><->
      
l.218 $x^{2}+xy+3y^{2}$
                       
Not a real error.

[213]
./_6570_8BBA_57FA_7840note.md.tex:219: Preview: Snippet 214 started.
<-><->
      
l.219 $
       x^{2}+3y^{2}$
Not a real error.

./_6570_8BBA_57FA_7840note.md.tex:219: Preview: Snippet 214 ended.(533465+127431x2436057).
<-><->
      
l.219 $x^{2}+3y^{2}$
                    
Not a real error.

[214]
./_6570_8BBA_57FA_7840note.md.tex:220: Preview: Snippet 215 started.
<-><->
      
l.220 $
       x^{2}+xy+4y^{2}$
Not a real error.

./_6570_8BBA_57FA_7840note.md.tex:220: Preview: Snippet 215 ended.(533465+127431x3956427).
<-><->
      
l.220 $x^{2}+xy+4y^{2}$
                       
Not a real error.

[215]
./_6570_8BBA_57FA_7840note.md.tex:221: Preview: Snippet 216 started.
<-><->
      
l.221 $
       2x^{2}+xy+2y^{2}$
Not a real error.

./_6570_8BBA_57FA_7840note.md.tex:221: Preview: Snippet 216 ended.(533465+127431x4284108).
<-><->
      
l.221 $2x^{2}+xy+2y^{2}$
                        
Not a real error.

[216]
./_6570_8BBA_57FA_7840note.md.tex:222: Preview: Snippet 217 started.
<-><->
      
l.222 $
       x^{2}+4y^{2}$
Not a real error.

./_6570_8BBA_57FA_7840note.md.tex:222: Preview: Snippet 217 ended.(533465+127431x2436057).
<-><->
      
l.222 $x^{2}+4y^{2}$
                    
Not a real error.

[217]
./_6570_8BBA_57FA_7840note.md.tex:223: Preview: Snippet 218 started.
<-><->
      
l.223 $
       x^{2}+5y^{2}$
Not a real error.

./_6570_8BBA_57FA_7840note.md.tex:223: Preview: Snippet 218 ended.(533465+127431x2436057).
<-><->
      
l.223 $x^{2}+5y^{2}$
                    
Not a real error.

[218]
./_6570_8BBA_57FA_7840note.md.tex:224: Preview: Snippet 219 started.
<-><->
      
l.224 $
       2x^{2}+2xy+3y^{2}$
Not a real error.

./_6570_8BBA_57FA_7840note.md.tex:224: Preview: Snippet 219 ended.(533465+127431x4611789).
<-><->
      
l.224 $2x^{2}+2xy+3y^{2}$
                         
Not a real error.

[219]
./_6570_8BBA_57FA_7840note.md.tex:225: Preview: Snippet 220 started.
<-><->
      
l.225 $
       x^{2}+7y^{2}$
Not a real error.

./_6570_8BBA_57FA_7840note.md.tex:225: Preview: Snippet 220 ended.(533465+127431x2436057).
<-><->
      
l.225 $x^{2}+7y^{2}$
                    
Not a real error.

[220]
./_6570_8BBA_57FA_7840note.md.tex:226: Preview: Snippet 221 started.
<-><->
      
l.226 $
       x^{2}+14y^{2}$
Not a real error.

./_6570_8BBA_57FA_7840note.md.tex:226: Preview: Snippet 221 ended.(533465+127431x2763738).
<-><->
      
l.226 $x^{2}+14y^{2}$
                     
Not a real error.

[221]
./_6570_8BBA_57FA_7840note.md.tex:227: Preview: Snippet 222 started.
<-><->
      
l.227 $
       2x^{2}+7y^{2}$
Not a real error.

./_6570_8BBA_57FA_7840note.md.tex:227: Preview: Snippet 222 ended.(533465+127431x2763738).
<-><->
      
l.227 $2x^{2}+7y^{2}$
                     
Not a real error.

[222]
./_6570_8BBA_57FA_7840note.md.tex:228: Preview: Snippet 223 started.
<-><->
      
l.228 $
       3x^{2}\pm2xy+5y^{2}$
Not a real error.

./_6570_8BBA_57FA_7840note.md.tex:228: Preview: Snippet 223 ended.(533465+127431x4611789).
<-><->
      
l.228 $3x^{2}\pm2xy+5y^{2}$
                           
Not a real error.

[223]
./_6570_8BBA_57FA_7840note.md.tex:229: Preview: Snippet 224 started.
<-><->
      
l.229 $
       x+27y^{2}$
Not a real error.

./_6570_8BBA_57FA_7840note.md.tex:229: Preview: Snippet 224 ended.(533465+127431x2469735).
<-><->
      
l.229 $x+27y^{2}$
                 
Not a real error.

[224]
./_6570_8BBA_57FA_7840note.md.tex:230: Preview: Snippet 225 started.
<-><->
      
l.230 $
       4x^{2}\pm2xy+7y^{2}$
Not a real error.

./_6570_8BBA_57FA_7840note.md.tex:230: Preview: Snippet 225 ended.(533465+127431x4611789).
<-><->
      
l.230 $4x^{2}\pm2xy+7y^{2}$
                           
Not a real error.

[225]
./_6570_8BBA_57FA_7840note.md.tex:231: Preview: Snippet 226 started.
<-><->
      
l.231 $
       x^{2}+64y^{2}$
Not a real error.

./_6570_8BBA_57FA_7840note.md.tex:231: Preview: Snippet 226 ended.(533465+127431x2763738).
<-><->
      
l.231 $x^{2}+64y^{2}$
                     
Not a real error.

[226]
./_6570_8BBA_57FA_7840note.md.tex:232: Preview: Snippet 227 started.
<-><->
      
l.232 $
       5x^{2}\pm2xy+13y^{2}$
Not a real error.

./_6570_8BBA_57FA_7840note.md.tex:232: Preview: Snippet 227 ended.(533465+127431x4939470).
<-><->
      
l.232 $5x^{2}\pm2xy+13y^{2}$
                            
Not a real error.

[227]
./_6570_8BBA_57FA_7840note.md.tex:233: Preview: Snippet 228 started.
<-><->
      
l.233 $
       4x^{2}+4xy+17y^{2}$
Not a real error.

./_6570_8BBA_57FA_7840note.md.tex:233: Preview: Snippet 228 ended.(533465+127431x4939470).
<-><->
      
l.233 $4x^{2}+4xy+17y^{2}$
                          
Not a real error.

[228]
./_6570_8BBA_57FA_7840note.md.tex:234: Preview: Snippet 229 started.
<-><->
      
l.234 $
       p=x^{2}+ny^{2}$
Not a real error.

./_6570_8BBA_57FA_7840note.md.tex:234: Preview: Snippet 229 ended.(533465+127431x3705280).
<-><->
      
l.234 $p=x^{2}+ny^{2}$
                      
Not a real error.

[229]
./_6570_8BBA_57FA_7840note.md.tex:235: Preview: Snippet 230 started.
<-><->
      
l.235 $
       h(-4n)=1$
Not a real error.

./_6570_8BBA_57FA_7840note.md.tex:235: Preview: Snippet 230 ended.(491520+163840x3319581).
<-><->
      
l.235 $h(-4n)=1$
                
Not a real error.

[230]
./_6570_8BBA_57FA_7840note.md.tex:236: Preview: Snippet 231 started.
<-><->
      
l.236 $
       \exists x,y\in \mathbb{Z}$
Not a real error.

./_6570_8BBA_57FA_7840note.md.tex:236: Preview: Snippet 231 ended.(455111+127431x2612635).
<-><->
      
l.236 $\exists x,y\in \mathbb{Z}$
                                 
Not a real error.

[231]
./_6570_8BBA_57FA_7840note.md.tex:237: Preview: Snippet 232 started.
<-><->
      
l.237 $
       p=x^{2}+ny^{2}$
Not a real error.

./_6570_8BBA_57FA_7840note.md.tex:237: Preview: Snippet 232 ended.(533465+127431x3705280).
<-><->
      
l.237 $p=x^{2}+ny^{2}$
                      
Not a real error.

[232]
./_6570_8BBA_57FA_7840note.md.tex:238: Preview: Snippet 233 started.
<-><->
      
l.238 $
       \left(\frac{-n}{p}\right)=1$
Not a real error.

./_6570_8BBA_57FA_7840note.md.tex:238: Preview: Snippet 233 ended.(753669+425990x2875132).
<-><->
      
l.238 $\left(\frac{-n}{p}\right)=1$
                                   
Not a real error.

[233]
./_6570_8BBA_57FA_7840note.md.tex:239: Preview: Snippet 234 started.
<-><->
      
l.239 $
       n$
Not a real error.

./_6570_8BBA_57FA_7840note.md.tex:239: Preview: Snippet 234 ended.(282168+0x393370).
<-><->
      
l.239 $n$
         
Not a real error.

[234]
./_6570_8BBA_57FA_7840note.md.tex:240: Preview: Snippet 235 started.
<-><->
      
l.240 $
       h(-4m)=1$
Not a real error.

./_6570_8BBA_57FA_7840note.md.tex:240: Preview: Snippet 235 ended.(491520+163840x3501626).
<-><->
      
l.240 $h(-4m)=1$
                
Not a real error.

[235]
./_6570_8BBA_57FA_7840note.md.tex:241: Preview: Snippet 236 started.
<-><->
      
l.241 $
       n=1,2,3,4,7$
Not a real error.

./_6570_8BBA_57FA_7840note.md.tex:241: Preview: Snippet 236 ended.(422343+127431x4070657).
<-><->
      
l.241 $n=1,2,3,4,7$
                   
Not a real error.

[236]
./_6570_8BBA_57FA_7840note.md.tex:242: Preview: Snippet 237 started.
<-><->
      
l.242 $
       h(-4n)=-1$
Not a real error.

./_6570_8BBA_57FA_7840note.md.tex:242: Preview: Snippet 237 ended.(491520+163840x3829307).
<-><->
      
l.242 $h(-4n)=-1$
                 
Not a real error.

[237]
./_6570_8BBA_57FA_7840note.md.tex:243: Preview: Snippet 238 started.
<-><->
      
l.243 $
       n$
Not a real error.

./_6570_8BBA_57FA_7840note.md.tex:243: Preview: Snippet 238 ended.(282168+0x393370).
<-><->
      
l.243 $n$
         
Not a real error.

[238]
./_6570_8BBA_57FA_7840note.md.tex:244: Preview: Snippet 239 started.
<-><->
      
l.244 $
       1<a<b$
Not a real error.

./_6570_8BBA_57FA_7840note.md.tex:244: Preview: Snippet 239 ended.(455111+25623x2702967).
<-><->
      
l.244 $1<a<b$
             
Not a real error.

[239]
./_6570_8BBA_57FA_7840note.md.tex:245: Preview: Snippet 240 started.
<-><->
      
l.245 $
       gcd(a,b)=1$
Not a real error.

./_6570_8BBA_57FA_7840note.md.tex:245: Preview: Snippet 240 ended.(491520+163840x3590972).
<-><->
      
l.245 $gcd(a,b)=1$
                  
Not a real error.

[240]
./_6570_8BBA_57FA_7840note.md.tex:246: Preview: Snippet 241 started.
<-><->
      
l.246 $
       ax^{2}+by^{2}$
Not a real error.

./_6570_8BBA_57FA_7840note.md.tex:246: Preview: Snippet 241 ended.(533465+127431x2736050).
<-><->
      
l.246 $ax^{2}+by^{2}$
                     
Not a real error.

[241]
./_6570_8BBA_57FA_7840note.md.tex:247: Preview: Snippet 242 started.
<-><->
      
l.247 $
       x^{2}+ny^{2}$
Not a real error.

./_6570_8BBA_57FA_7840note.md.tex:247: Preview: Snippet 242 ended.(533465+127431x2501746).
<-><->
      
l.247 $x^{2}+ny^{2}$
                    
Not a real error.

[242]
./_6570_8BBA_57FA_7840note.md.tex:248: Preview: Snippet 243 started.
<-><->
      
l.248 $
       h(-4n)\geq2$
Not a real error.

./_6570_8BBA_57FA_7840note.md.tex:248: Preview: Snippet 243 ended.(491520+163840x3319581).
<-><->
      
l.248 $h(-4n)\geq2$
                   
Not a real error.

[243]
./_6570_8BBA_57FA_7840note.md.tex:249: Preview: Snippet 244 started.
<-><->
      
l.249 $
       n=2^{r}$
Not a real error.

./_6570_8BBA_57FA_7840note.md.tex:249: Preview: Snippet 244 ended.(435343+0x1885067).
<-><->
      
l.249 $n=2^{r}$
               
Not a real error.

[244]
./_6570_8BBA_57FA_7840note.md.tex:250: Preview: Snippet 245 started.
<-><->
      
l.250 $
       r\geq3$
Not a real error.

./_6570_8BBA_57FA_7840note.md.tex:250: Preview: Snippet 245 ended.(422343+89110x1515363).
<-><->
      
l.250 $r\geq3$
              
Not a real error.

[245]
./_6570_8BBA_57FA_7840note.md.tex:251: Preview: Snippet 246 started.
<-><->
      
l.251 $
       r\geq4$
Not a real error.

./_6570_8BBA_57FA_7840note.md.tex:251: Preview: Snippet 246 ended.(422343+89110x1515363).
<-><->
      
l.251 $r\geq4$
              
Not a real error.

[246]
./_6570_8BBA_57FA_7840note.md.tex:252: Preview: Snippet 247 started.
<-><->
      
l.252 $
       4x^{2}\pm4xy+(2^{r-1}+1)y^{2}$
Not a real error.

./_6570_8BBA_57FA_7840note.md.tex:252: Preview: Snippet 247 ended.(533465+163840x7211232).
<-><->
      
l.252 $4x^{2}\pm4xy+(2^{r-1}+1)y^{2}$
                                     
Not a real error.

[247]
./_6570_8BBA_57FA_7840note.md.tex:253: Preview: Snippet 248 started.
<-><->
      
l.253 $
       h(-4n)\geq3$
Not a real error.

./_6570_8BBA_57FA_7840note.md.tex:253: Preview: Snippet 248 ended.(491520+163840x3319581).
<-><->
      
l.253 $h(-4n)\geq3$
                   
Not a real error.

[248]
./_6570_8BBA_57FA_7840note.md.tex:254: Preview: Snippet 249 started.
<-><->
      
l.254 $
       r=3$
Not a real error.

./_6570_8BBA_57FA_7840note.md.tex:254: Preview: Snippet 249 ended.(422343+0x1515363).
<-><->
      
l.254 $r=3$
           
Not a real error.

[249]
./_6570_8BBA_57FA_7840note.md.tex:255: Preview: Snippet 250 started.
<-><->
      
l.255 $
       3x^{2}\pm2xy+3y^{2}$
Not a real error.

./_6570_8BBA_57FA_7840note.md.tex:255: Preview: Snippet 250 ended.(533465+127431x4611789).
<-><->
      
l.255 $3x^{2}\pm2xy+3y^{2}$
                           
Not a real error.

[250]
./_6570_8BBA_57FA_7840note.md.tex:256: Preview: Snippet 251 started.
<-><->
      
l.256 $
       h(-4n)\geq3$
Not a real error.

./_6570_8BBA_57FA_7840note.md.tex:256: Preview: Snippet 251 ended.(491520+163840x3319581).
<-><->
      
l.256 $h(-4n)\geq3$
                   
Not a real error.

[251]
./_6570_8BBA_57FA_7840note.md.tex:257: Preview: Snippet 252 started.
<-><->
      
l.257 $
       n=p^{r}$
Not a real error.

./_6570_8BBA_57FA_7840note.md.tex:257: Preview: Snippet 252 ended.(435343+127431x1887114).
<-><->
      
l.257 $n=p^{r}$
               
Not a real error.

[252]
./_6570_8BBA_57FA_7840note.md.tex:258: Preview: Snippet 253 started.
<-><->
      
l.258 $
       r>1$
Not a real error.

./_6570_8BBA_57FA_7840note.md.tex:258: Preview: Snippet 253 ended.(422343+25623x1515363).
<-><->
      
l.258 $r>1$
           
Not a real error.

[253]
./_6570_8BBA_57FA_7840note.md.tex:259: Preview: Snippet 254 started.
<-><->
      
l.259 $
       p$
Not a real error.

./_6570_8BBA_57FA_7840note.md.tex:259: Preview: Snippet 254 ended.(282168+127431x329728).
<-><->
      
l.259 $p$
         
Not a real error.

[254]
./_6570_8BBA_57FA_7840note.md.tex:260: Preview: Snippet 255 started.
<-><->
      
l.260 $
       b=\pm2$
Not a real error.

./_6570_8BBA_57FA_7840note.md.tex:260: Preview: Snippet 255 ended.(455111+54613x1992471).
<-><->
      
l.260 $b=\pm2$
              
Not a real error.

[255]
./_6570_8BBA_57FA_7840note.md.tex:261: Preview: Snippet 256 started.
<-><->
      
l.261 $
       ac=p^{r}+1$
Not a real error.

./_6570_8BBA_57FA_7840note.md.tex:261: Preview: Snippet 256 ended.(435343+127431x3252442).
<-><->
      
l.261 $ac=p^{r}+1$
                  
Not a real error.

[256]
./_6570_8BBA_57FA_7840note.md.tex:262: Preview: Snippet 257 started.
<-><->
      
l.262 $
       p^{r}+1$
Not a real error.

./_6570_8BBA_57FA_7840note.md.tex:262: Preview: Snippet 257 ended.(435343+127431x1748609).
<-><->
      
l.262 $p^{r}+1$
               
Not a real error.

[257]
./_6570_8BBA_57FA_7840note.md.tex:263: Preview: Snippet 258 started.
<-><->
      
l.263 $
       r$
Not a real error.

./_6570_8BBA_57FA_7840note.md.tex:263: Preview: Snippet 258 ended.(282168+0x313876).
<-><->
      
l.263 $r$
         
Not a real error.

[258]
./_6570_8BBA_57FA_7840note.md.tex:264: Preview: Snippet 259 started.
<-><->
      
l.264 $
       ac\equiv2\pmod{4}$
Not a real error.

./_6570_8BBA_57FA_7840note.md.tex:264: Preview: Snippet 259 ended.(491520+163840x4434744).
<-><->
      
l.264 $ac\equiv2\pmod{4}$
                         
Not a real error.

[259]
./_6570_8BBA_57FA_7840note.md.tex:265: Preview: Snippet 260 started.
<-><->
      
l.265 $
       p+1|p^{r}+1$
Not a real error.

./_6570_8BBA_57FA_7840note.md.tex:265: Preview: Snippet 260 ended.(491520+163840x3389053).
<-><->
      
l.265 $p+1|p^{r}+1$
                   
Not a real error.

[260]
./_6570_8BBA_57FA_7840note.md.tex:266: Preview: Snippet 261 started.
<-><->
      
l.266 $
       p^{r}$
Not a real error.

./_6570_8BBA_57FA_7840note.md.tex:266: Preview: Snippet 261 ended.(435343+127431x619938).
<-><->
      
l.266 $p^{r}$
             
Not a real error.

[261]
./_6570_8BBA_57FA_7840note.md.tex:267: Preview: Snippet 262 started.
<-><->
      
l.267 $
       r>1$
Not a real error.

./_6570_8BBA_57FA_7840note.md.tex:267: Preview: Snippet 262 ended.(422343+25623x1515363).
<-><->
      
l.267 $r>1$
           
Not a real error.

[262]
./_6570_8BBA_57FA_7840note.md.tex:268: Preview: Snippet 263 started.
<-><->
      
l.268 $
       n=p$
Not a real error.

./_6570_8BBA_57FA_7840note.md.tex:268: Preview: Snippet 263 ended.(282168+127431x1596904).
<-><->
      
l.268 $n=p$
           
Not a real error.

[263]
./_6570_8BBA_57FA_7840note.md.tex:269: Preview: Snippet 264 started.
<-><->
      
l.269 $
       p$
Not a real error.

./_6570_8BBA_57FA_7840note.md.tex:269: Preview: Snippet 264 ended.(282168+127431x329728).
<-><->
      
l.269 $p$
         
Not a real error.

[264]
./_6570_8BBA_57FA_7840note.md.tex:270: Preview: Snippet 265 started.
<-><->
      
l.270 $
       2^{q}-1$
Not a real error.

./_6570_8BBA_57FA_7840note.md.tex:270: Preview: Snippet 265 ended.(435343+54613x1745781).
<-><->
      
l.270 $2^{q}-1$
               
Not a real error.

[265]
./_6570_8BBA_57FA_7840note.md.tex:271: Preview: Snippet 266 started.
<-><->
      
l.271 $
       b=6$
Not a real error.

./_6570_8BBA_57FA_7840note.md.tex:271: Preview: Snippet 266 ended.(455111+0x1482745).
<-><->
      
l.271 $b=6$
           
Not a real error.

[266]
./_6570_8BBA_57FA_7840note.md.tex:272: Preview: Snippet 267 started.
<-><->
      
l.272 $
       ac=2^{q}+8$
Not a real error.

./_6570_8BBA_57FA_7840note.md.tex:272: Preview: Snippet 267 ended.(435343+54613x3249614).
<-><->
      
l.272 $ac=2^{q}+8$
                  
Not a real error.

[267]
./_6570_8BBA_57FA_7840note.md.tex:273: Preview: Snippet 268 started.
<-><->
      
l.273 $
       2^{k}$
Not a real error.

./_6570_8BBA_57FA_7840note.md.tex:273: Preview: Snippet 268 ended.(556402+0x650129).
<-><->
      
l.273 $2^{k}$
             
Not a real error.

[268]
./_6570_8BBA_57FA_7840note.md.tex:274: Preview: Snippet 269 started.
<-><->
      
l.274 $
       2^{q-3}+1<6$
Not a real error.

./_6570_8BBA_57FA_7840note.md.tex:274: Preview: Snippet 269 ended.(533465+54613x3618104).
<-><->
      
l.274 $2^{q-3}+1<6$
                   
Not a real error.

[269]
./_6570_8BBA_57FA_7840note.md.tex:275: Preview: Snippet 270 started.
<-><->
      
l.275 $
       q=0,1,2,3,4,5$
Not a real error.

./_6570_8BBA_57FA_7840note.md.tex:275: Preview: Snippet 270 ended.(422343+127431x4612311).
<-><->
      
l.275 $q=0,1,2,3,4,5$
                     
Not a real error.

[270]
./_6570_8BBA_57FA_7840note.md.tex:276: Preview: Snippet 271 started.
<-><->
      
l.276 $
       p=3,7,31$
Not a real error.

./_6570_8BBA_57FA_7840note.md.tex:276: Preview: Snippet 271 ended.(422343+127431x3096796).
<-><->
      
l.276 $p=3,7,31$
                
Not a real error.

[271]
./_6570_8BBA_57FA_7840note.md.tex:277: Preview: Snippet 272 started.
<-><->
      
l.277 $
       p=31$
Not a real error.

./_6570_8BBA_57FA_7840note.md.tex:277: Preview: Snippet 272 ended.(422343+127431x1858896).
<-><->
      
l.277 $p=31$
            
Not a real error.

[272]
./_6570_8BBA_57FA_7840note.md.tex:278: Preview: Snippet 273 started.
<-><->
      
l.278 $
       5x^{2}\pm4xy+7y^{2}$
Not a real error.

./_6570_8BBA_57FA_7840note.md.tex:278: Preview: Snippet 273 ended.(533465+127431x4611789).
<-><->
      
l.278 $5x^{2}\pm4xy+7y^{2}$
                           
Not a real error.

[273]
./_6570_8BBA_57FA_7840note.md.tex:279: Preview: Snippet 274 started.
<-><->
      
l.279 $
       h(-124)\geq3$
Not a real error.

./_6570_8BBA_57FA_7840note.md.tex:279: Preview: Snippet 274 ended.(491520+163840x3581573).
<-><->
      
l.279 $h(-124)\geq3$
                    
Not a real error.

[274]
./_6570_8BBA_57FA_7840note.md.tex:280: Preview: Snippet 275 started.
<-><->
      
l.280 $
       D$
Not a real error.

./_6570_8BBA_57FA_7840note.md.tex:280: Preview: Snippet 275 ended.(447828+0x560788).
<-><->
      
l.280 $D$
         
Not a real error.

[275]
./_6570_8BBA_57FA_7840note.md.tex:281: Preview: Snippet 276 started.
<-><->
      
l.281 $
       (\mathbb{Z} / D\mathbb{Z})^{\times}$
Not a real error.

./_6570_8BBA_57FA_7840note.md.tex:281: Preview: Snippet 276 ended.(521815+163840x2714380).
<-><->
      
l.281 $(\mathbb{Z} / D\mathbb{Z})^{\times}$
                                           
Not a real error.

[276]
./_6570_8BBA_57FA_7840note.md.tex:282: Preview: Snippet 277 started.
<-><->
      
l.282 $
       D\equiv0,1\pmod{4}$
Not a real error.

./_6570_8BBA_57FA_7840note.md.tex:282: Preview: Snippet 277 ended.(491520+163840x4984455).
<-><->
      
l.282 $D\equiv0,1\pmod{4}$
                          
Not a real error.

[277]
./_6570_8BBA_57FA_7840note.md.tex:283: Preview: Snippet 278 started.
<-><->
      
l.283 $
       $
Not a real error.

./_6570_8BBA_57FA_7840note.md.tex:286: Preview: Snippet 278 ended.(2031635+0x22609920).
<-><->
      
l.286 $$
        
Not a real error.

[278]
./_6570_8BBA_57FA_7840note.md.tex:287: Preview: Snippet 279 started.
<-><->
      
l.287 $
       f(x,y)$
Not a real error.

./_6570_8BBA_57FA_7840note.md.tex:287: Preview: Snippet 279 ended.(491520+163840x1911773).
<-><->
      
l.287 $f(x,y)$
              
Not a real error.

[279]
./_6570_8BBA_57FA_7840note.md.tex:288: Preview: Snippet 280 started.
<-><->
      
l.288 $
       M\in \mathbb{Z}_{>0}$
Not a real error.

./_6570_8BBA_57FA_7840note.md.tex:288: Preview: Snippet 280 ended.(451470+133019x2648742).
<-><->
      
l.288 $M\in \mathbb{Z}_{>0}$
                            
Not a real error.

[280]
./_6570_8BBA_57FA_7840note.md.tex:289: Preview: Snippet 281 started.
<-><->
      
l.289 $
       \exists x,y\in \mathbb{Z}$
Not a real error.

./_6570_8BBA_57FA_7840note.md.tex:289: Preview: Snippet 281 ended.(455111+127431x2612635).
<-><->
      
l.289 $\exists x,y\in \mathbb{Z}$
                                 
Not a real error.

[281]
./_6570_8BBA_57FA_7840note.md.tex:290: Preview: Snippet 282 started.
<-><->
      
l.290 $
       gcd(f(x,y),M)=1$
Not a real error.

./_6570_8BBA_57FA_7840note.md.tex:290: Preview: Snippet 282 ended.(491520+163840x5582313).
<-><->
      
l.290 $gcd(f(x,y),M)=1$
                       
Not a real error.

[282]
./_6570_8BBA_57FA_7840note.md.tex:291: Preview: Snippet 283 started.
<-><->
      
l.291 $
       M$
Not a real error.

./_6570_8BBA_57FA_7840note.md.tex:291: Preview: Snippet 283 ended.(447828+0x707242).
<-><->
      
l.291 $M$
         
Not a real error.

[283]
./_6570_8BBA_57FA_7840note.md.tex:292: Preview: Snippet 284 started.
<-><->
      
l.292 $
       f(x,y)=ax^{2}+bxy+cy^{2}$
Not a real error.

./_6570_8BBA_57FA_7840note.md.tex:292: Preview: Snippet 284 ended.(533465+163840x7325610).
<-><->
      
l.292 $f(x,y)=ax^{2}+bxy+cy^{2}$
                                
Not a real error.

[284]
./_6570_8BBA_57FA_7840note.md.tex:293: Preview: Snippet 285 started.
<-><->
      
l.293 $
       a,b,c\in \mathbb{Z}$
Not a real error.

./_6570_8BBA_57FA_7840note.md.tex:293: Preview: Snippet 285 ended.(455111+127431x2731719).
<-><->
      
l.293 $a,b,c\in \mathbb{Z}$
                           
Not a real error.

[285]
./_6570_8BBA_57FA_7840note.md.tex:294: Preview: Snippet 286 started.
<-><->
      
l.294 $
       gcd(a,b,c)=1$
Not a real error.

./_6570_8BBA_57FA_7840note.md.tex:294: Preview: Snippet 286 ended.(491520+163840x4165852).
<-><->
      
l.294 $gcd(a,b,c)=1$
                    
Not a real error.

[286]
./_6570_8BBA_57FA_7840note.md.tex:295: Preview: Snippet 287 started.
<-><->
      
l.295 $
       f(1,0)=a$
Not a real error.

./_6570_8BBA_57FA_7840note.md.tex:295: Preview: Snippet 287 ended.(491520+163840x3067977).
<-><->
      
l.295 $f(1,0)=a$
                
Not a real error.

[287]
./_6570_8BBA_57FA_7840note.md.tex:296: Preview: Snippet 288 started.
<-><->
      
l.296 $
       f(0,1)=c$
Not a real error.

./_6570_8BBA_57FA_7840note.md.tex:296: Preview: Snippet 288 ended.(491520+163840x3005172).
<-><->
      
l.296 $f(0,1)=c$
                
Not a real error.

[288]
./_6570_8BBA_57FA_7840note.md.tex:297: Preview: Snippet 289 started.
<-><->
      
l.297 $
       f(1,1)=a+b+c$
Not a real error.

./_6570_8BBA_57FA_7840note.md.tex:297: Preview: Snippet 289 ended.(491520+163840x5234826).
<-><->
      
l.297 $f(1,1)=a+b+c$
                    
Not a real error.

[289]
./_6570_8BBA_57FA_7840note.md.tex:298: Preview: Snippet 290 started.
<-><->
      
l.298 $
       gcd(a,b,c)=1$
Not a real error.

./_6570_8BBA_57FA_7840note.md.tex:298: Preview: Snippet 290 ended.(491520+163840x4165852).
<-><->
      
l.298 $gcd(a,b,c)=1$
                    
Not a real error.

[290]
./_6570_8BBA_57FA_7840note.md.tex:299: Preview: Snippet 291 started.
<-><->
      
l.299 $
       p$
Not a real error.

./_6570_8BBA_57FA_7840note.md.tex:299: Preview: Snippet 291 ended.(282168+127431x329728).
<-><->
      
l.299 $p$
         
Not a real error.

[291]
./_6570_8BBA_57FA_7840note.md.tex:300: Preview: Snippet 292 started.
<-><->
      
l.300 $
       D\in \mathbb{Z}_{<0}$
Not a real error.

./_6570_8BBA_57FA_7840note.md.tex:300: Preview: Snippet 292 ended.(451470+133019x2502288).
<-><->
      
l.300 $D\in \mathbb{Z}_{<0}$
                            
Not a real error.

[292]
./_6570_8BBA_57FA_7840note.md.tex:301: Preview: Snippet 293 started.
<-><->
      
l.301 $
       D\equiv0,1\pmod{4}$
Not a real error.

./_6570_8BBA_57FA_7840note.md.tex:301: Preview: Snippet 293 ended.(491520+163840x4984455).
<-><->
      
l.301 $D\equiv0,1\pmod{4}$
                          
Not a real error.

[293]
./_6570_8BBA_57FA_7840note.md.tex:302: Preview: Snippet 294 started.
<-><->
      
l.302 $
       \chi:(\mathbb{Z} / D\mathbb{Z})^{\times}\rightarrow \{ \pm1 \}$
Not a real error.

./_6570_8BBA_57FA_7840note.md.tex:302: Preview: Snippet 294 ended.(521815+163840x6182768).
<-><->
      
l.302 ...athbb{Z})^{\times}\rightarrow \{ \pm1 \}$
                                                  
Not a real error.

[294]
./_6570_8BBA_57FA_7840note.md.tex:303: Preview: Snippet 295 started.
<-><->
      
l.303 $
       \chi([p])=\left( \frac{D}{p} \right)$
Not a real error.

./_6570_8BBA_57FA_7840note.md.tex:303: Preview: Snippet 295 ended.(753669+425990x3870096).
<-><->
      
l.303 $\chi([p])=\left( \frac{D}{p} \right)$
                                            
Not a real error.

[295]
./_6570_8BBA_57FA_7840note.md.tex:304: Preview: Snippet 296 started.
<-><->
      
l.304 $
       ker(\chi)\subset \mathbb{Z}$
Not a real error.

./_6570_8BBA_57FA_7840note.md.tex:304: Preview: Snippet 296 ended.(491520+163840x3211336).
<-><->
      
l.304 $ker(\chi)\subset \mathbb{Z}$
                                   
Not a real error.

[296]
./_6570_8BBA_57FA_7840note.md.tex:305: Preview: Snippet 297 started.
<-><->
      
l.305 $
       (\mathbb{Z} / D\mathbb{Z})^{\times}$
Not a real error.

./_6570_8BBA_57FA_7840note.md.tex:305: Preview: Snippet 297 ended.(521815+163840x2714380).
<-><->
      
l.305 $(\mathbb{Z} / D\mathbb{Z})^{\times}$
                                           
Not a real error.

[297]
./_6570_8BBA_57FA_7840note.md.tex:306: Preview: Snippet 298 started.
<-><->
      
l.306 $
       H$
Not a real error.

./_6570_8BBA_57FA_7840note.md.tex:306: Preview: Snippet 298 ended.(447828+0x598014).
<-><->
      
l.306 $H$
         
Not a real error.

[298]
./_6570_8BBA_57FA_7840note.md.tex:307: Preview: Snippet 299 started.
<-><->
      
l.307 $
       ker(\chi)$
Not a real error.

./_6570_8BBA_57FA_7840note.md.tex:307: Preview: Snippet 299 ended.(491520+163840x1900622).
<-><->
      
l.307 $ker(\chi)$
                 
Not a real error.

[299]
./_6570_8BBA_57FA_7840note.md.tex:308: Preview: Snippet 300 started.
<-><->
      
l.308 $
       (\mathbb{Z} / D\mathbb{Z})^{\times}$
Not a real error.

./_6570_8BBA_57FA_7840note.md.tex:308: Preview: Snippet 300 ended.(521815+163840x2714380).
<-><->
      
l.308 $(\mathbb{Z} / D\mathbb{Z})^{\times}$
                                           
Not a real error.

[300]
./_6570_8BBA_57FA_7840note.md.tex:309: Preview: Snippet 301 started.
<-><->
      
l.309 $
       f(x,y)$
Not a real error.

./_6570_8BBA_57FA_7840note.md.tex:309: Preview: Snippet 301 ended.(491520+163840x1911773).
<-><->
      
l.309 $f(x,y)$
              
Not a real error.

[301]
./_6570_8BBA_57FA_7840note.md.tex:310: Preview: Snippet 302 started.
<-><->
      
l.310 $
       H$
Not a real error.

./_6570_8BBA_57FA_7840note.md.tex:310: Preview: Snippet 302 ended.(447828+0x598014).
<-><->
      
l.310 $H$
         
Not a real error.

[302]
./_6570_8BBA_57FA_7840note.md.tex:311: Preview: Snippet 303 started.
<-><->
      
l.311 $
       ker(\chi)$
Not a real error.

./_6570_8BBA_57FA_7840note.md.tex:311: Preview: Snippet 303 ended.(491520+163840x1900622).
<-><->
      
l.311 $ker(\chi)$
                 
Not a real error.

[303]
./_6570_8BBA_57FA_7840note.md.tex:312: Preview: Snippet 304 started.
<-><->
      
l.312 $
       m$
Not a real error.

./_6570_8BBA_57FA_7840note.md.tex:312: Preview: Snippet 304 ended.(282168+0x575415).
<-><->
      
l.312 $m$
         
Not a real error.

[304]
./_6570_8BBA_57FA_7840note.md.tex:313: Preview: Snippet 305 started.
<-><->
      
l.313 $
       f(x,y)$
Not a real error.

./_6570_8BBA_57FA_7840note.md.tex:313: Preview: Snippet 305 ended.(491520+163840x1911773).
<-><->
      
l.313 $f(x,y)$
              
Not a real error.

[305]
./_6570_8BBA_57FA_7840note.md.tex:314: Preview: Snippet 306 started.
<-><->
      
l.314 $
       D$
Not a real error.

./_6570_8BBA_57FA_7840note.md.tex:314: Preview: Snippet 306 ended.(447828+0x560788).
<-><->
      
l.314 $D$
         
Not a real error.

[306]
./_6570_8BBA_57FA_7840note.md.tex:315: Preview: Snippet 307 started.
<-><->
      
l.315 $
       [m]\in ker(\chi)$
Not a real error.

./_6570_8BBA_57FA_7840note.md.tex:315: Preview: Snippet 307 ended.(491520+163840x3641115).
<-><->
      
l.315 $[m]\in ker(\chi)$
                        
Not a real error.

[307]
./_6570_8BBA_57FA_7840note.md.tex:316: Preview: Snippet 308 started.
<-><->
      
l.316 $
       D\equiv0\pmod{4}$
Not a real error.

./_6570_8BBA_57FA_7840note.md.tex:316: Preview: Snippet 308 ended.(491520+163840x4365505).
<-><->
      
l.316 $D\equiv0\pmod{4}$
                        
Not a real error.

[308]
./_6570_8BBA_57FA_7840note.md.tex:317: Preview: Snippet 309 started.
<-><->
      
l.317 $
       x,y\in \mathbb{Z}$
Not a real error.

./_6570_8BBA_57FA_7840note.md.tex:317: Preview: Snippet 309 ended.(451470+127431x2248545).
<-><->
      
l.317 $x,y\in \mathbb{Z}$
                         
Not a real error.

[309]
./_6570_8BBA_57FA_7840note.md.tex:318: Preview: Snippet 310 started.
<-><->
      
l.318 $
       m=ax^{2}+bxy+cy^{2}=f(x,y)$
Not a real error.

./_6570_8BBA_57FA_7840note.md.tex:318: Preview: Snippet 310 ended.(533465+163840x8774831).
<-><->
      
l.318 $m=ax^{2}+bxy+cy^{2}=f(x,y)$
                                  
Not a real error.

[310]
./_6570_8BBA_57FA_7840note.md.tex:319: Preview: Snippet 311 started.
<-><->
      
l.319 $
       d=gcd(x,y)$
Not a real error.

./_6570_8BBA_57FA_7840note.md.tex:319: Preview: Snippet 311 ended.(491520+163840x3696103).
<-><->
      
l.319 $d=gcd(x,y)$
                  
Not a real error.

[311]
./_6570_8BBA_57FA_7840note.md.tex:320: Preview: Snippet 312 started.
<-><->
      
l.320 $
       x'=\frac{x}{d}$
Not a real error.

./_6570_8BBA_57FA_7840note.md.tex:320: Preview: Snippet 312 ended.(492688+225995x1886701).
<-><->
      
l.320 $x'=\frac{x}{d}$
                      
Not a real error.

[312]
./_6570_8BBA_57FA_7840note.md.tex:321: Preview: Snippet 313 started.
<-><->
      
l.321 $
       y'=\frac{y}{d}$
Not a real error.

./_6570_8BBA_57FA_7840note.md.tex:321: Preview: Snippet 313 ended.(492688+225995x1842028).
<-><->
      
l.321 $y'=\frac{y}{d}$
                      
Not a real error.

[313]
./_6570_8BBA_57FA_7840note.md.tex:322: Preview: Snippet 314 started.
<-><->
      
l.322 $
       m'=\frac{m}{d^{2}}=ax'^{2}+bx'y'+cy'^{2}$
Not a real error.

./_6570_8BBA_57FA_7840note.md.tex:322: Preview: Snippet 314 ended.(533465+225995x8402727).
<-><->
      
l.322 $m'=\frac{m}{d^{2}}=ax'^{2}+bx'y'+cy'^{2}$
                                                
Not a real error.

[314]
./_6570_8BBA_57FA_7840note.md.tex:323: Preview: Snippet 315 started.
<-><->
      
l.323 $
       gcd(x',y')=1$
Not a real error.

./_6570_8BBA_57FA_7840note.md.tex:323: Preview: Snippet 315 ended.(492688+163840x4050408).
<-><->
      
l.323 $gcd(x',y')=1$
                    
Not a real error.

[315]
./_6570_8BBA_57FA_7840note.md.tex:324: Preview: Snippet 316 started.
<-><->
      
l.324 $
       \chi([m])=\chi([m'd^{2}])=\chi([m'])$
Not a real error.

./_6570_8BBA_57FA_7840note.md.tex:324: Preview: Snippet 316 ended.(533465+163840x8328303).
<-><->
      
l.324 $\chi([m])=\chi([m'd^{2}])=\chi([m'])$
                                            
Not a real error.

[316]
./_6570_8BBA_57FA_7840note.md.tex:325: Preview: Snippet 317 started.
<-><->
      
l.325 $
       gcd(x,y)=1$
Not a real error.

./_6570_8BBA_57FA_7840note.md.tex:325: Preview: Snippet 317 ended.(491520+163840x3682678).
<-><->
      
l.325 $gcd(x,y)=1$
                  
Not a real error.

[317]
./_6570_8BBA_57FA_7840note.md.tex:326: Preview: Snippet 318 started.
<-><->
      
l.326 $
       f(x,y)$
Not a real error.

./_6570_8BBA_57FA_7840note.md.tex:326: Preview: Snippet 318 ended.(491520+163840x1911773).
<-><->
      
l.326 $f(x,y)$
              
Not a real error.

[318]
./_6570_8BBA_57FA_7840note.md.tex:327: Preview: Snippet 319 started.
<-><->
      
l.327 $
       mx^{2}+Bxy+Cy^{2}$
Not a real error.

./_6570_8BBA_57FA_7840note.md.tex:327: Preview: Snippet 319 ended.(533465+127431x5249414).
<-><->
      
l.327 $mx^{2}+Bxy+Cy^{2}$
                         
Not a real error.

[319]
./_6570_8BBA_57FA_7840note.md.tex:328: Preview: Snippet 320 started.
<-><->
      
l.328 $
       D=B^{2}-4mC$
Not a real error.

./_6570_8BBA_57FA_7840note.md.tex:328: Preview: Snippet 320 ended.(533465+54613x4477936).
<-><->
      
l.328 $D=B^{2}-4mC$
                   
Not a real error.

[320]
./_6570_8BBA_57FA_7840note.md.tex:329: Preview: Snippet 321 started.
<-><->
      
l.329 $
       2|B$
Not a real error.

./_6570_8BBA_57FA_7840note.md.tex:329: Preview: Snippet 321 ended.(491520+163840x1039703).
<-><->
      
l.329 $2|B$
           
Not a real error.

[321]
./_6570_8BBA_57FA_7840note.md.tex:330: Preview: Snippet 322 started.
<-><->
      
l.330 $
       m$
Not a real error.

./_6570_8BBA_57FA_7840note.md.tex:330: Preview: Snippet 322 ended.(282168+0x575415).
<-><->
      
l.330 $m$
         
Not a real error.

[322]
./_6570_8BBA_57FA_7840note.md.tex:331: Preview: Snippet 323 started.
<-><->
      
l.331 $
       gcd(B,m)=1$
Not a real error.

./_6570_8BBA_57FA_7840note.md.tex:331: Preview: Snippet 323 ended.(491520+163840x4068690).
<-><->
      
l.331 $gcd(B,m)=1$
                  
Not a real error.

[323]
./_6570_8BBA_57FA_7840note.md.tex:332: Preview: Snippet 324 started.
<-><->
      
l.332 $
       \chi([m])=\left( \frac{D}{m} \right)=\left( \frac{B^{2}-4mC}{m} \righ...
Not a real error.

./_6570_8BBA_57FA_7840note.md.tex:332: Preview: Snippet 324 ended.(753669+425990x11677529).
<-><->
      
l.332 ...\right)=\left( \frac{B^{2}}{m} \right)=1$
                                                  
Not a real error.

[324]
./_6570_8BBA_57FA_7840note.md.tex:333: Preview: Snippet 325 started.
<-><->
      
l.333 $
       f_{0}(x,y)=x^{2}+ny^{2}$
Not a real error.

./_6570_8BBA_57FA_7840note.md.tex:333: Preview: Snippet 325 ended.(533465+163840x5510785).
<-><->
      
l.333 $f_{0}(x,y)=x^{2}+ny^{2}$
                               
Not a real error.

[325]
./_6570_8BBA_57FA_7840note.md.tex:334: Preview: Snippet 326 started.
<-><->
      
l.334 $
       D=-4n$
Not a real error.

./_6570_8BBA_57FA_7840note.md.tex:334: Preview: Snippet 326 ended.(447828+54613x2665371).
<-><->
      
l.334 $D=-4n$
             
Not a real error.

[326]
./_6570_8BBA_57FA_7840note.md.tex:335: Preview: Snippet 327 started.
<-><->
      
l.335 $
       (x,y)\in \mathbb{Z}-\{ (0,0) \}$
Not a real error.

./_6570_8BBA_57FA_7840note.md.tex:335: Preview: Snippet 327 ended.(491520+163840x5670980).
<-><->
      
l.335 $(x,y)\in \mathbb{Z}-\{ (0,0) \}$
                                       
Not a real error.

[327]
./_6570_8BBA_57FA_7840note.md.tex:336: Preview: Snippet 328 started.
<-><->
      
l.336 $
       (u,v)\in \mathbb{Z}-\{ (0,0) \}$
Not a real error.

./_6570_8BBA_57FA_7840note.md.tex:336: Preview: Snippet 328 ended.(491520+163840x5667947).
<-><->
      
l.336 $(u,v)\in \mathbb{Z}-\{ (0,0) \}$
                                       
Not a real error.

[328]
./_6570_8BBA_57FA_7840note.md.tex:337: Preview: Snippet 329 started.
<-><->
      
l.337 $
       gcd(f_{0}(x,y),D)=1$
Not a real error.

./_6570_8BBA_57FA_7840note.md.tex:337: Preview: Snippet 329 ended.(491520+163840x5659319).
<-><->
      
l.337 $gcd(f_{0}(x,y),D)=1$
                           
Not a real error.

[329]
./_6570_8BBA_57FA_7840note.md.tex:338: Preview: Snippet 330 started.
<-><->
      
l.338 $
       (x^{2}+ny^{2})(u^{2}+nv^{2})=(xu-nyv)^{2}+n(xv+yu)^{2}$
Not a real error.

./_6570_8BBA_57FA_7840note.md.tex:338: Preview: Snippet 330 ended.(533465+163840x14562339).
<-><->
      
l.338 ...(u^{2}+nv^{2})=(xu-nyv)^{2}+n(xv+yu)^{2}$
                                                  
Not a real error.

[330]
./_6570_8BBA_57FA_7840note.md.tex:339: Preview: Snippet 331 started.
<-><->
      
l.339 $
       H$
Not a real error.

./_6570_8BBA_57FA_7840note.md.tex:339: Preview: Snippet 331 ended.(447828+0x598014).
<-><->
      
l.339 $H$
         
Not a real error.

[331]
./_6570_8BBA_57FA_7840note.md.tex:340: Preview: Snippet 332 started.
<-><->
      
l.340 $
       a>0$
Not a real error.

./_6570_8BBA_57FA_7840note.md.tex:340: Preview: Snippet 332 ended.(422343+25623x1547903).
<-><->
      
l.340 $a>0$
           
Not a real error.

[332]
./_6570_8BBA_57FA_7840note.md.tex:341: Preview: Snippet 333 started.
<-><->
      
l.341 $
       f(x,y)$
Not a real error.

./_6570_8BBA_57FA_7840note.md.tex:341: Preview: Snippet 333 ended.(491520+163840x1911773).
<-><->
      
l.341 $f(x,y)$
              
Not a real error.

[333]
./_6570_8BBA_57FA_7840note.md.tex:342: Preview: Snippet 334 started.
<-><->
      
l.342 $
       gcd(a,D)=1$
Not a real error.

./_6570_8BBA_57FA_7840note.md.tex:342: Preview: Snippet 334 ended.(491520+163840x3870502).
<-><->
      
l.342 $gcd(a,D)=1$
                  
Not a real error.

[334]
./_6570_8BBA_57FA_7840note.md.tex:343: Preview: Snippet 335 started.
<-><->
      
l.343 $
       f(x,y)$
Not a real error.

./_6570_8BBA_57FA_7840note.md.tex:343: Preview: Snippet 335 ended.(491520+163840x1911773).
<-><->
      
l.343 $f(x,y)$
              
Not a real error.

[335]
./_6570_8BBA_57FA_7840note.md.tex:344: Preview: Snippet 336 started.
<-><->
      
l.344 $
       ax^{2}+bxy+cy^{2}$
Not a real error.

./_6570_8BBA_57FA_7840note.md.tex:344: Preview: Snippet 336 ended.(533465+127431x4540031).
<-><->
      
l.344 $ax^{2}+bxy+cy^{2}$
                         
Not a real error.

[336]
./_6570_8BBA_57FA_7840note.md.tex:345: Preview: Snippet 337 started.
<-><->
      
l.345 $
       x,y\in \mathbb{Z}$
Not a real error.

./_6570_8BBA_57FA_7840note.md.tex:345: Preview: Snippet 337 ended.(451470+127431x2248545).
<-><->
      
l.345 $x,y\in \mathbb{Z}$
                         
Not a real error.

[337]
./_6570_8BBA_57FA_7840note.md.tex:346: Preview: Snippet 338 started.
<-><->
      
l.346 $
       gcd(ax^{2}+bxy+cy^{2},D)=1$
Not a real error.

./_6570_8BBA_57FA_7840note.md.tex:346: Preview: Snippet 338 ended.(533465+163840x8064117).
<-><->
      
l.346 $gcd(ax^{2}+bxy+cy^{2},D)=1$
                                  
Not a real error.

[338]
./_6570_8BBA_57FA_7840note.md.tex:347: Preview: Snippet 339 started.
<-><->
      
l.347 $
       a(ax^{2}+bxy+cy^{2})=\left( a+\frac{b}{2}y \right)+ny^{2}$
Not a real error.

./_6570_8BBA_57FA_7840note.md.tex:347: Preview: Snippet 339 ended.(576613+229380x10614667).
<-><->
      
l.347 ...2})=\left( a+\frac{b}{2}y \right)+ny^{2}$
                                                  
Not a real error.

[339]
./_6570_8BBA_57FA_7840note.md.tex:348: Preview: Snippet 340 started.
<-><->
      
l.348 $
       [a]H_{f}\subset H$
Not a real error.

./_6570_8BBA_57FA_7840note.md.tex:348: Preview: Snippet 340 ended.(491520+187504x3066838).
<-><->
      
l.348 $[a]H_{f}\subset H$
                         
Not a real error.

[340]
./_6570_8BBA_57FA_7840note.md.tex:349: Preview: Snippet 341 started.
<-><->
      
l.349 $
       u,v\in \mathbb{Z}$
Not a real error.

./_6570_8BBA_57FA_7840note.md.tex:349: Preview: Snippet 341 ended.(451470+127431x2245512).
<-><->
      
l.349 $u,v\in \mathbb{Z}$
                         
Not a real error.

[341]
./_6570_8BBA_57FA_7840note.md.tex:350: Preview: Snippet 342 started.
<-><->
      
l.350 $
       gcd(u^{2}+nv^{2},D)=1$
Not a real error.

./_6570_8BBA_57FA_7840note.md.tex:350: Preview: Snippet 342 ended.(533465+163840x6022799).
<-><->
      
l.350 $gcd(u^{2}+nv^{2},D)=1$
                             
Not a real error.

[342]
./_6570_8BBA_57FA_7840note.md.tex:351: Preview: Snippet 343 started.
<-><->
      
l.351 $
       a(u^{2}+nv^{2})=a\left( u-\frac{b}{2}v \right)^{2}+b\left( u-\frac{b}...
Not a real error.

./_6570_8BBA_57FA_7840note.md.tex:351: Preview: Snippet 343 ended.(710235+229380x15125466).
<-><->
      
l.351 ...ft( u-\frac{b}{2}v \right)(av)+c(av)^{2}$
                                                  
Not a real error.

[343]
./_6570_8BBA_57FA_7840note.md.tex:352: Preview: Snippet 344 started.
<-><->
      
l.352 $
       [a]H\subset H_{f}$
Not a real error.

./_6570_8BBA_57FA_7840note.md.tex:352: Preview: Snippet 344 ended.(491520+187504x3066838).
<-><->
      
l.352 $[a]H\subset H_{f}$
                         
Not a real error.

[344]
./_6570_8BBA_57FA_7840note.md.tex:353: Preview: Snippet 345 started.
<-><->
      
l.353 $
       [a]H\subset H_{f}\subset[a]^{-1}H$
Not a real error.

./_6570_8BBA_57FA_7840note.md.tex:353: Preview: Snippet 345 ended.(533465+187504x5952768).
<-><->
      
l.353 $[a]H\subset H_{f}\subset[a]^{-1}H$
                                         
Not a real error.

[345]
./_6570_8BBA_57FA_7840note.md.tex:354: Preview: Snippet 346 started.
<-><->
      
l.354 $
       [a]^{2}\in H$
Not a real error.

./_6570_8BBA_57FA_7840note.md.tex:354: Preview: Snippet 346 ended.(533465+163840x2403511).
<-><->
      
l.354 $[a]^{2}\in H$
                    
Not a real error.

[346]
./_6570_8BBA_57FA_7840note.md.tex:355: Preview: Snippet 347 started.
<-><->
      
l.355 $
       [a]H=[a]^{-1}H$
Not a real error.

./_6570_8BBA_57FA_7840note.md.tex:355: Preview: Snippet 347 ended.(533465+163840x4194450).
<-><->
      
l.355 $[a]H=[a]^{-1}H$
                      
Not a real error.

[347]
./_6570_8BBA_57FA_7840note.md.tex:356: Preview: Snippet 348 started.
<-><->
      
l.356 $
       H$
Not a real error.

./_6570_8BBA_57FA_7840note.md.tex:356: Preview: Snippet 348 ended.(447828+0x598014).
<-><->
      
l.356 $H$
         
Not a real error.

[348]
./_6570_8BBA_57FA_7840note.md.tex:357: Preview: Snippet 349 started.
<-><->
      
l.357 $
       (\mathbb{Z} / D\mathbb{Z})^{*}$
Not a real error.

./_6570_8BBA_57FA_7840note.md.tex:357: Preview: Snippet 349 ended.(491520+163840x2573295).
<-><->
      
l.357 $(\mathbb{Z} / D\mathbb{Z})^{*}$
                                      
Not a real error.

[349]
./_6570_8BBA_57FA_7840note.md.tex:358: Preview: Snippet 350 started.
<-><->
      
l.358 $
       H'$
Not a real error.

./_6570_8BBA_57FA_7840note.md.tex:358: Preview: Snippet 350 ended.(492688+0x781879).
<-><->
      
l.358 $H'$
          
Not a real error.

[350]
./_6570_8BBA_57FA_7840note.md.tex:359: Preview: Snippet 351 started.
<-><->
      
l.359 $
       H$
Not a real error.

./_6570_8BBA_57FA_7840note.md.tex:359: Preview: Snippet 351 ended.(447828+0x598014).
<-><->
      
l.359 $H$
         
Not a real error.

[351]
./_6570_8BBA_57FA_7840note.md.tex:360: Preview: Snippet 352 started.
<-><->
      
l.360 $
       ker(\chi)$
Not a real error.

./_6570_8BBA_57FA_7840note.md.tex:360: Preview: Snippet 352 ended.(491520+163840x1900622).
<-><->
      
l.360 $ker(\chi)$
                 
Not a real error.

[352]
./_6570_8BBA_57FA_7840note.md.tex:361: Preview: Snippet 353 started.
<-><->
      
l.361 $
       H'$
Not a real error.

./_6570_8BBA_57FA_7840note.md.tex:361: Preview: Snippet 353 ended.(492688+0x781879).
<-><->
      
l.361 $H'$
          
Not a real error.

[353]
./_6570_8BBA_57FA_7840note.md.tex:362: Preview: Snippet 354 started.
<-><->
      
l.362 $
       D$
Not a real error.

./_6570_8BBA_57FA_7840note.md.tex:362: Preview: Snippet 354 ended.(447828+0x560788).
<-><->
      
l.362 $D$
         
Not a real error.

[354]
./_6570_8BBA_57FA_7840note.md.tex:363: Preview: Snippet 355 started.
<-><->
      
l.363 $
       H'$
Not a real error.

./_6570_8BBA_57FA_7840note.md.tex:363: Preview: Snippet 355 ended.(492688+0x781879).
<-><->
      
l.363 $H'$
          
Not a real error.

[355]
./_6570_8BBA_57FA_7840note.md.tex:364: Preview: Snippet 356 started.
<-><->
      
l.364 $
       D$
Not a real error.

./_6570_8BBA_57FA_7840note.md.tex:364: Preview: Snippet 356 ended.(447828+0x560788).
<-><->
      
l.364 $D$
         
Not a real error.

[356]
./_6570_8BBA_57FA_7840note.md.tex:365: Preview: Snippet 357 started.
<-><->
      
l.365 $
       D\equiv0,1\pmod{4}$
Not a real error.

./_6570_8BBA_57FA_7840note.md.tex:365: Preview: Snippet 357 ended.(491520+163840x4984455).
<-><->
      
l.365 $D\equiv0,1\pmod{4}$
                          
Not a real error.

[357]
./_6570_8BBA_57FA_7840note.md.tex:366: Preview: Snippet 358 started.
<-><->
      
l.366 $
       H\subset ker(\chi)$
Not a real error.

./_6570_8BBA_57FA_7840note.md.tex:366: Preview: Snippet 358 ended.(491520+163840x3372442).
<-><->
      
l.366 $H\subset ker(\chi)$
                          
Not a real error.

[358]
./_6570_8BBA_57FA_7840note.md.tex:367: Preview: Snippet 359 started.
<-><->
      
l.367 $
       (\mathbb{Z} / D\mathbb{Z})^{*}$
Not a real error.

./_6570_8BBA_57FA_7840note.md.tex:367: Preview: Snippet 359 ended.(491520+163840x2573295).
<-><->
      
l.367 $(\mathbb{Z} / D\mathbb{Z})^{*}$
                                      
Not a real error.

[359]
./_6570_8BBA_57FA_7840note.md.tex:368: Preview: Snippet 360 started.
<-><->
      
l.368 $
       D$
Not a real error.

./_6570_8BBA_57FA_7840note.md.tex:368: Preview: Snippet 360 ended.(447828+0x560788).
<-><->
      
l.368 $D$
         
Not a real error.

[360]
./_6570_8BBA_57FA_7840note.md.tex:369: Preview: Snippet 361 started.
<-><->
      
l.369 $
       H'$
Not a real error.

./_6570_8BBA_57FA_7840note.md.tex:369: Preview: Snippet 361 ended.(492688+0x781879).
<-><->
      
l.369 $H'$
          
Not a real error.

[361]
./_6570_8BBA_57FA_7840note.md.tex:370: Preview: Snippet 362 started.
<-><->
      
l.370 $
       H$
Not a real error.

./_6570_8BBA_57FA_7840note.md.tex:370: Preview: Snippet 362 ended.(447828+0x598014).
<-><->
      
l.370 $H$
         
Not a real error.

[362]
./_6570_8BBA_57FA_7840note.md.tex:371: Preview: Snippet 363 started.
<-><->
      
l.371 $
       ker(\chi)$
Not a real error.

./_6570_8BBA_57FA_7840note.md.tex:371: Preview: Snippet 363 ended.(491520+163840x1900622).
<-><->
      
l.371 $ker(\chi)$
                 
Not a real error.

[363]
./_6570_8BBA_57FA_7840note.md.tex:372: Preview: Snippet 364 started.
<-><->
      
l.372 $
       p$
Not a real error.

./_6570_8BBA_57FA_7840note.md.tex:372: Preview: Snippet 364 ended.(282168+127431x329728).
<-><->
      
l.372 $p$
         
Not a real error.

[364]
./_6570_8BBA_57FA_7840note.md.tex:373: Preview: Snippet 365 started.
<-><->
      
l.373 $
       D$
Not a real error.

./_6570_8BBA_57FA_7840note.md.tex:373: Preview: Snippet 365 ended.(447828+0x560788).
<-><->
      
l.373 $D$
         
Not a real error.

[365]
./_6570_8BBA_57FA_7840note.md.tex:374: Preview: Snippet 366 started.
<-><->
      
l.374 $
       [p]\in H'$
Not a real error.

./_6570_8BBA_57FA_7840note.md.tex:374: Preview: Snippet 366 ended.(492688+163840x2276685).
<-><->
      
l.374 $[p]\in H'$
                 
Not a real error.

[366]
./_6570_8BBA_57FA_7840note.md.tex:375: Preview: Snippet 367 started.
<-><->
      
l.375 $
       p$
Not a real error.

./_6570_8BBA_57FA_7840note.md.tex:375: Preview: Snippet 367 ended.(282168+127431x329728).
<-><->
      
l.375 $p$
         
Not a real error.

[367]
./_6570_8BBA_57FA_7840note.md.tex:376: Preview: Snippet 368 started.
<-><->
      
l.376 $
       D$
Not a real error.

./_6570_8BBA_57FA_7840note.md.tex:376: Preview: Snippet 368 ended.(447828+0x560788).
<-><->
      
l.376 $D$
         
Not a real error.

[368]
./_6570_8BBA_57FA_7840note.md.tex:377: Preview: Snippet 369 started.
<-><->
      
l.377 $
       H'$
Not a real error.

./_6570_8BBA_57FA_7840note.md.tex:377: Preview: Snippet 369 ended.(492688+0x781879).
<-><->
      
l.377 $H'$
          
Not a real error.

[369]
./_6570_8BBA_57FA_7840note.md.tex:378: Preview: Snippet 370 started.
<-><->
      
l.378 $
       D\equiv0,1\pmod{4}$
Not a real error.

./_6570_8BBA_57FA_7840note.md.tex:378: Preview: Snippet 370 ended.(491520+163840x4984455).
<-><->
      
l.378 $D\equiv0,1\pmod{4}$
                          
Not a real error.

[370]
./_6570_8BBA_57FA_7840note.md.tex:379: Preview: Snippet 371 started.
<-><->
      
l.379 $
       p$
Not a real error.

./_6570_8BBA_57FA_7840note.md.tex:379: Preview: Snippet 371 ended.(282168+127431x329728).
<-><->
      
l.379 $p$
         
Not a real error.

[371]
./_6570_8BBA_57FA_7840note.md.tex:380: Preview: Snippet 372 started.
<-><->
      
l.380 $
       gcd(p,D)=1$
Not a real error.

./_6570_8BBA_57FA_7840note.md.tex:380: Preview: Snippet 372 ended.(491520+163840x3853814).
<-><->
      
l.380 $gcd(p,D)=1$
                  
Not a real error.

[372]
./_6570_8BBA_57FA_7840note.md.tex:381: Preview: Snippet 373 started.
<-><->
      
l.381 $
       p \in Ker\chi$
Not a real error.

./_6570_8BBA_57FA_7840note.md.tex:381: Preview: Snippet 373 ended.(447828+127431x2763275).
<-><->
      
l.381 $p \in Ker\chi$
                     
Not a real error.

[373]
./_6570_8BBA_57FA_7840note.md.tex:382: Preview: Snippet 374 started.
<-><->
      
l.382 $
       [p]\in H'$
Not a real error.

./_6570_8BBA_57FA_7840note.md.tex:382: Preview: Snippet 374 ended.(492688+163840x2276685).
<-><->
      
l.382 $[p]\in H'$
                 
Not a real error.

[374]
./_6570_8BBA_57FA_7840note.md.tex:383: Preview: Snippet 375 started.
<-><->
      
l.383 $
       \exists f$
Not a real error.

./_6570_8BBA_57FA_7840note.md.tex:383: Preview: Snippet 375 ended.(455111+127431x755488).
<-><->
      
l.383 $\exists f$
                 
Not a real error.

[375]
./_6570_8BBA_57FA_7840note.md.tex:384: Preview: Snippet 376 started.
<-><->
      
l.384 $
       H'$
Not a real error.

./_6570_8BBA_57FA_7840note.md.tex:384: Preview: Snippet 376 ended.(492688+0x781879).
<-><->
      
l.384 $H'$
          
Not a real error.

[376]
./_6570_8BBA_57FA_7840note.md.tex:385: Preview: Snippet 377 started.
<-><->
      
l.385 $
       f$
Not a real error.

./_6570_8BBA_57FA_7840note.md.tex:385: Preview: Snippet 377 ended.(455111+127431x391398).
<-><->
      
l.385 $f$
         
Not a real error.

[377]
./_6570_8BBA_57FA_7840note.md.tex:386: Preview: Snippet 378 started.
<-><->
      
l.386 $
       p$
Not a real error.

./_6570_8BBA_57FA_7840note.md.tex:386: Preview: Snippet 378 ended.(282168+127431x329728).
<-><->
      
l.386 $p$
         
Not a real error.

[378]
./_6570_8BBA_57FA_7840note.md.tex:387: Preview: Snippet 379 started.
<-><->
      
l.387 $
       n$
Not a real error.

./_6570_8BBA_57FA_7840note.md.tex:387: Preview: Snippet 379 ended.(282168+0x393370).
<-><->
      
l.387 $n$
         
Not a real error.

[379]
./_6570_8BBA_57FA_7840note.md.tex:388: Preview: Snippet 380 started.
<-><->
      
l.388 $
       D=-4n$
Not a real error.

./_6570_8BBA_57FA_7840note.md.tex:388: Preview: Snippet 380 ended.(447828+54613x2665371).
<-><->
      
l.388 $D=-4n$
             
Not a real error.

[380]
./_6570_8BBA_57FA_7840note.md.tex:389: Preview: Snippet 381 started.
<-><->
      
l.389 $
       p$
Not a real error.

./_6570_8BBA_57FA_7840note.md.tex:389: Preview: Snippet 381 ended.(282168+127431x329728).
<-><->
      
l.389 $p$
         
Not a real error.

[381]
./_6570_8BBA_57FA_7840note.md.tex:390: Preview: Snippet 382 started.
<-><->
      
l.390 $
       gcd(p,n)=1$
Not a real error.

./_6570_8BBA_57FA_7840note.md.tex:390: Preview: Snippet 382 ended.(491520+163840x3686396).
<-><->
      
l.390 $gcd(p,n)=1$
                  
Not a real error.

[382]
./_6570_8BBA_57FA_7840note.md.tex:391: Preview: Snippet 383 started.
<-><->
      
l.391 $
       [p]\in H$
Not a real error.

./_6570_8BBA_57FA_7840note.md.tex:391: Preview: Snippet 383 ended.(491520+163840x2092820).
<-><->
      
l.391 $[p]\in H$
                
Not a real error.

[383]
./_6570_8BBA_57FA_7840note.md.tex:392: Preview: Snippet 384 started.
<-><->
      
l.392 $
       p\equiv\beta ^{2}$
Not a real error.

./_6570_8BBA_57FA_7840note.md.tex:392: Preview: Snippet 384 ended.(533465+127431x1902813).
<-><->
      
l.392 $p\equiv\beta ^{2}$
                         
Not a real error.

[384]
./_6570_8BBA_57FA_7840note.md.tex:393: Preview: Snippet 385 started.
<-><->
      
l.393 $
       \beta ^{2}+n\pmod{4n}$
Not a real error.

./_6570_8BBA_57FA_7840note.md.tex:393: Preview: Snippet 385 ended.(533465+163840x4890239).
<-><->
      
l.393 $\beta ^{2}+n\pmod{4n}$
                             
Not a real error.

[385]
./_6570_8BBA_57FA_7840note.md.tex:394: Preview: Snippet 386 started.
<-><->
      
l.394 $
       p_{1},q_{2},\dots,p_{r},q_{r},m \in \mathbb{Z}$
Not a real error.

./_6570_8BBA_57FA_7840note.md.tex:394: Preview: Snippet 386 ended.(451470+127431x6556467).
<-><->
      
l.394 ...q_{2},\dots,p_{r},q_{r},m \in \mathbb{Z}$
                                                  
Not a real error.

[386]
./_6570_8BBA_57FA_7840note.md.tex:395: Preview: Snippet 387 started.
<-><->
      
l.395 $
       gcd(p_{1},p_{2},\dots,p_{r},m)=1$
Not a real error.

./_6570_8BBA_57FA_7840note.md.tex:395: Preview: Snippet 387 ended.(491520+163840x7153727).
<-><->
      
l.395 $gcd(p_{1},p_{2},\dots,p_{r},m)=1$
                                        
Not a real error.

[387]
./_6570_8BBA_57FA_7840note.md.tex:396: Preview: Snippet 388 started.
<-><->
      
l.396 $
       p_{i}B\equiv q_{i}\pmod{m}$
Not a real error.

./_6570_8BBA_57FA_7840note.md.tex:396: Preview: Snippet 388 ended.(491520+163840x5313412).
<-><->
      
l.396 $p_{i}B\equiv q_{i}\pmod{m}$
                                  
Not a real error.

[388]
./_6570_8BBA_57FA_7840note.md.tex:397: Preview: Snippet 389 started.
<-><->
      
l.397 $
       m$
Not a real error.

./_6570_8BBA_57FA_7840note.md.tex:397: Preview: Snippet 389 ended.(282168+0x575415).
<-><->
      
l.397 $m$
         
Not a real error.

[389]
./_6570_8BBA_57FA_7840note.md.tex:398: Preview: Snippet 390 started.
<-><->
      
l.398 $
       \forall i,j$
Not a real error.

./_6570_8BBA_57FA_7840note.md.tex:398: Preview: Snippet 390 ended.(455111+127431x1188535).
<-><->
      
l.398 $\forall i,j$
                   
Not a real error.

[390]
./_6570_8BBA_57FA_7840note.md.tex:399: Preview: Snippet 391 started.
<-><->
      
l.399 $
       p_{i}q_{j}-p_{j}q_{i}\equiv0\pmod{m}$
Not a real error.

./_6570_8BBA_57FA_7840note.md.tex:399: Preview: Snippet 391 ended.(491520+187504x7086675).
<-><->
      
l.399 $p_{i}q_{j}-p_{j}q_{i}\equiv0\pmod{m}$
                                            
Not a real error.

[391]
./_6570_8BBA_57FA_7840note.md.tex:400: Preview: Snippet 392 started.
<-><->
      
l.400 $
       \sum_{i}a_{i}p_{i}\equiv1\pmod{m}$
Not a real error.

./_6570_8BBA_57FA_7840note.md.tex:400: Preview: Snippet 392 ended.(491524+196611x6184154).
<-><->
      
l.400 $\sum_{i}a_{i}p_{i}\equiv1\pmod{m}$
                                         
Not a real error.

[392]
./_6570_8BBA_57FA_7840note.md.tex:401: Preview: Snippet 393 started.
<-><->
      
l.401 $
       B\equiv \sum_{i}a_{i}q_{i}\pmod{m}$
Not a real error.

./_6570_8BBA_57FA_7840note.md.tex:401: Preview: Snippet 393 ended.(491524+196611x6349283).
<-><->
      
l.401 $B\equiv \sum_{i}a_{i}q_{i}\pmod{m}$
                                          
Not a real error.

[393]
./_6570_8BBA_57FA_7840note.md.tex:402: Preview: Snippet 394 started.
<-><->
      
l.402 $
       f(x,y)=ax^{2}+bxy+cy^{2}$
Not a real error.

./_6570_8BBA_57FA_7840note.md.tex:402: Preview: Snippet 394 ended.(533465+163840x7325610).
<-><->
      
l.402 $f(x,y)=ax^{2}+bxy+cy^{2}$
                                
Not a real error.

[394]
./_6570_8BBA_57FA_7840note.md.tex:403: Preview: Snippet 395 started.
<-><->
      
l.403 $
       g(x,y)=a'x^{2}+b'xy+c'y^{2}$
Not a real error.

./_6570_8BBA_57FA_7840note.md.tex:403: Preview: Snippet 395 ended.(533465+163840x7821906).
<-><->
      
l.403 $g(x,y)=a'x^{2}+b'xy+c'y^{2}$
                                   
Not a real error.

[395]
./_6570_8BBA_57FA_7840note.md.tex:404: Preview: Snippet 396 started.
<-><->
      
l.404 $
       D$
Not a real error.

./_6570_8BBA_57FA_7840note.md.tex:404: Preview: Snippet 396 ended.(447828+0x560788).
<-><->
      
l.404 $D$
         
Not a real error.

[396]
./_6570_8BBA_57FA_7840note.md.tex:405: Preview: Snippet 397 started.
<-><->
      
l.405 $
       gcd\left( a,a', \frac{b+b'}{2} \right)=1$
Not a real error.

./_6570_8BBA_57FA_7840note.md.tex:405: Preview: Snippet 397 ended.(753669+425990x5711363).
<-><->
      
l.405 $gcd\left( a,a', \frac{b+b'}{2} \right)=1$
                                                
Not a real error.

[397]
./_6570_8BBA_57FA_7840note.md.tex:406: Preview: Snippet 398 started.
<-><->
      
l.406 $
       B\pmod{2aa'}$
Not a real error.

./_6570_8BBA_57FA_7840note.md.tex:406: Preview: Snippet 398 ended.(492688+163840x4009904).
<-><->
      
l.406 $B\pmod{2aa'}$
                    
Not a real error.

[398]
./_6570_8BBA_57FA_7840note.md.tex:407: Preview: Snippet 399 started.
<-><->
      
l.407 $
       $
Not a real error.

./_6570_8BBA_57FA_7840note.md.tex:408: Extra alignment tab has been changed to \cr.
<template> $\hfil $$\endtemplate 
                                 
l.408 \begin{cases}B&\equiv b&
                              \pmod{2a} \\
You have given more \span or & marks than there were
in the preamble to the \halign or \valign now in progress.
So I'll assume that you meant to type \cr instead.

./_6570_8BBA_57FA_7840note.md.tex:409: Extra alignment tab has been changed to \cr.
<template> $\hfil $$\endtemplate 
                                 
l.409 B&\equiv b'&
                  \pmod{2a'} \\
You have given more \span or & marks than there were
in the preamble to the \halign or \valign now in progress.
So I'll assume that you meant to type \cr instead.

./_6570_8BBA_57FA_7840note.md.tex:410: Extra alignment tab has been changed to \cr.
<template> $\hfil $$\endtemplate 
                                 
l.410 B^{2}&\equiv D&
                     \pmod{4aa'}\end{cases}
You have given more \span or & marks than there were
in the preamble to the \halign or \valign now in progress.
So I'll assume that you meant to type \cr instead.

./_6570_8BBA_57FA_7840note.md.tex:411: Preview: Snippet 399 ended.(5727826+0x22609920).
<-><->
      
l.411 $$
        
Not a real error.

[399]
./_6570_8BBA_57FA_7840note.md.tex:412: Preview: Snippet 400 started.
<-><->
      
l.412 $
       4aa'|(B-b)(B-b')$
Not a real error.

./_6570_8BBA_57FA_7840note.md.tex:412: Preview: Snippet 400 ended.(492688+163840x5814190).
<-><->
      
l.412 $4aa'|(B-b)(B-b')$
                        
Not a real error.

[400]
./_6570_8BBA_57FA_7840note.md.tex:413: Preview: Snippet 401 started.
<-><->
      
l.413 $
       \frac{1}{2} (b+b')B\equiv bb'+D\pmod{2aa'}$
Not a real error.

./_6570_8BBA_57FA_7840note.md.tex:413: Preview: Snippet 401 ended.(553676+225995x9467487).
<-><->
      
l.413 $\frac{1}{2} (b+b')B\equiv bb'+D\pmod{2aa'}$
                                                  
Not a real error.

[401]
./_6570_8BBA_57FA_7840note.md.tex:414: Preview: Snippet 402 started.
<-><->
      
l.414 $
       B$
Not a real error.

./_6570_8BBA_57FA_7840note.md.tex:414: Preview: Snippet 402 ended.(447828+0x529977).
<-><->
      
l.414 $B$
         
Not a real error.

[402]
./_6570_8BBA_57FA_7840note.md.tex:415: Preview: Snippet 403 started.
<-><->
      
l.415 $
       f,g$
Not a real error.

./_6570_8BBA_57FA_7840note.md.tex:415: Preview: Snippet 403 ended.(455111+127431x982357).
<-><->
      
l.415 $f,g$
           
Not a real error.

[403]
./_6570_8BBA_57FA_7840note.md.tex:416: Preview: Snippet 404 started.
<-><->
      
l.416 $
       ax^{2}+Bxy+\frac{B^{2}-D}{4a}y^{2}$
Not a real error.

./_6570_8BBA_57FA_7840note.md.tex:416: Preview: Snippet 404 ended.(666981+225995x6188733).
<-><->
      
l.416 $ax^{2}+Bxy+\frac{B^{2}-D}{4a}y^{2}$
                                          
Not a real error.

[404]
./_6570_8BBA_57FA_7840note.md.tex:417: Preview: Snippet 405 started.
<-><->
      
l.417 $
       a'x^{2}+Bxy+\frac{B^{2}-D}{4a'}y^{2}$
Not a real error.

./_6570_8BBA_57FA_7840note.md.tex:417: Preview: Snippet 405 ended.(666981+225995x6372598).
<-><->
      
l.417 $a'x^{2}+Bxy+\frac{B^{2}-D}{4a'}y^{2}$
                                            
Not a real error.

[405]
./_6570_8BBA_57FA_7840note.md.tex:418: Preview: Snippet 406 started.
<-><->
      
l.418 $
       F(x,y)=aa'x^{2}+Bxy+\frac{B^{2}-D}{2aa'}y^{2}$
Not a real error.

./_6570_8BBA_57FA_7840note.md.tex:418: Preview: Snippet 406 ended.(666981+225995x9625651).
<-><->
      
l.418 ...)=aa'x^{2}+Bxy+\frac{B^{2}-D}{2aa'}y^{2}$
                                                  
Not a real error.

[406]
./_6570_8BBA_57FA_7840note.md.tex:419: Preview: Snippet 407 started.
<-><->
      
l.419 $
       D$
Not a real error.

./_6570_8BBA_57FA_7840note.md.tex:419: Preview: Snippet 407 ended.(447828+0x560788).
<-><->
      
l.419 $D$
         
Not a real error.

[407]
./_6570_8BBA_57FA_7840note.md.tex:420: Preview: Snippet 408 started.
<-><->
      
l.420 $
       f,g,F$
Not a real error.

./_6570_8BBA_57FA_7840note.md.tex:420: Preview: Snippet 408 ended.(455111+127431x1786082).
<-><->
      
l.420 $f,g,F$
             
Not a real error.

[408]
./_6570_8BBA_57FA_7840note.md.tex:421: Preview: Snippet 409 started.
<-><->
      
l.421 $
       D$
Not a real error.

./_6570_8BBA_57FA_7840note.md.tex:421: Preview: Snippet 409 ended.(447828+0x560788).
<-><->
      
l.421 $D$
         
Not a real error.

[409]
./_6570_8BBA_57FA_7840note.md.tex:422: Preview: Snippet 410 started.
<-><->
      
l.422 $
       F$
Not a real error.

./_6570_8BBA_57FA_7840note.md.tex:422: Preview: Snippet 410 ended.(447828+0x512456).
<-><->
      
l.422 $F$
         
Not a real error.

[410]
./_6570_8BBA_57FA_7840note.md.tex:423: Preview: Snippet 411 started.
<-><->
      
l.423 $
       f$
Not a real error.

./_6570_8BBA_57FA_7840note.md.tex:423: Preview: Snippet 411 ended.(455111+127431x391398).
<-><->
      
l.423 $f$
         
Not a real error.

[411]
./_6570_8BBA_57FA_7840note.md.tex:424: Preview: Snippet 412 started.
<-><->
      
l.424 $
       g$
Not a real error.

./_6570_8BBA_57FA_7840note.md.tex:424: Preview: Snippet 412 ended.(282168+127431x336099).
<-><->
      
l.424 $g$
         
Not a real error.

[412]
./_6570_8BBA_57FA_7840note.md.tex:425: Preview: Snippet 413 started.
<-><->
      
l.425 $
       u=B_{1}(x,t,z,w)=a_{1}xz+b_{1}xw+c_{1}yz+d_{1}yw$
Not a real error.

./_6570_8BBA_57FA_7840note.md.tex:425: Preview: Snippet 413 ended.(491520+163840x13640005).
<-><->
      
l.425 ...x,t,z,w)=a_{1}xz+b_{1}xw+c_{1}yz+d_{1}yw$
                                                  
Not a real error.

[413]
./_6570_8BBA_57FA_7840note.md.tex:426: Preview: Snippet 414 started.
<-><->
      
l.426 $
       v=B_{2}(x,y,z,w)=a_{2}xz+b_{2}xw+c_{2}yz+d_{2}yw$
Not a real error.

./_6570_8BBA_57FA_7840note.md.tex:426: Preview: Snippet 414 ended.(491520+163840x13714186).
<-><->
      
l.426 ...x,y,z,w)=a_{2}xz+b_{2}xw+c_{2}yz+d_{2}yw$
                                                  
Not a real error.

[414]
./_6570_8BBA_57FA_7840note.md.tex:427: Preview: Snippet 415 started.
<-><->
      
l.427 $
       f(x,y)g(z,w)=F(u,v)$
Not a real error.

./_6570_8BBA_57FA_7840note.md.tex:427: Preview: Snippet 415 ended.(491520+163840x6772887).
<-><->
      
l.427 $f(x,y)g(z,w)=F(u,v)$
                           
Not a real error.

[415]
./_6570_8BBA_57FA_7840note.md.tex:428: Preview: Snippet 416 started.
<-><->
      
l.428 $
       F$
Not a real error.

./_6570_8BBA_57FA_7840note.md.tex:428: Preview: Snippet 416 ended.(447828+0x512456).
<-><->
      
l.428 $F$
         
Not a real error.

[416]
./_6570_8BBA_57FA_7840note.md.tex:429: Preview: Snippet 417 started.
<-><->
      
l.429 $
       f$
Not a real error.

./_6570_8BBA_57FA_7840note.md.tex:429: Preview: Snippet 417 ended.(455111+127431x391398).
<-><->
      
l.429 $f$
         
Not a real error.

[417]
./_6570_8BBA_57FA_7840note.md.tex:430: Preview: Snippet 418 started.
<-><->
      
l.430 $
       g$
Not a real error.

./_6570_8BBA_57FA_7840note.md.tex:430: Preview: Snippet 418 ended.(282168+127431x336099).
<-><->
      
l.430 $g$
         
Not a real error.

[418]
./_6570_8BBA_57FA_7840note.md.tex:431: Preview: Snippet 419 started.
<-><->
      
l.431 $
       a_{1}b_{2}-a_{2}b_{1}=\pm f(1,0)=\pm a$
Not a real error.

./_6570_8BBA_57FA_7840note.md.tex:431: Preview: Snippet 419 ended.(491520+163840x8193585).
<-><->
      
l.431 $a_{1}b_{2}-a_{2}b_{1}=\pm f(1,0)=\pm a$
                                              
Not a real error.

[419]
./_6570_8BBA_57FA_7840note.md.tex:432: Preview: Snippet 420 started.
<-><->
      
l.432 $
       a_{1}c_{2}-a_{2}c_{1}=\pm g(1,0)=\pm a'$
Not a real error.

./_6570_8BBA_57FA_7840note.md.tex:432: Preview: Snippet 420 ended.(492688+163840x8326857).
<-><->
      
l.432 $a_{1}c_{2}-a_{2}c_{1}=\pm g(1,0)=\pm a'$
                                               
Not a real error.

[420]
./_6570_8BBA_57FA_7840note.md.tex:433: Preview: Snippet 421 started.
<-><->
      
l.433 $
       (x,y)=(1,0)$
Not a real error.

./_6570_8BBA_57FA_7840note.md.tex:433: Preview: Snippet 421 ended.(491520+163840x3850538).
<-><->
      
l.433 $(x,y)=(1,0)$
                   
Not a real error.

[421]
./_6570_8BBA_57FA_7840note.md.tex:434: Preview: Snippet 422 started.
<-><->
      
l.434 $
       (z,w)=(1,0)$
Not a real error.

./_6570_8BBA_57FA_7840note.md.tex:434: Preview: Snippet 422 ended.(491520+163840x3951574).
<-><->
      
l.434 $(z,w)=(1,0)$
                   
Not a real error.

[422]
./_6570_8BBA_57FA_7840note.md.tex:435: Preview: Snippet 423 started.
<-><->
      
l.435 $
       a_{1}b_{2}-a_{2}b_{1}=f(1,0)$
Not a real error.

./_6570_8BBA_57FA_7840note.md.tex:435: Preview: Snippet 423 ended.(491520+163840x5953911).
<-><->
      
l.435 $a_{1}b_{2}-a_{2}b_{1}=f(1,0)$
                                    
Not a real error.

[423]
./_6570_8BBA_57FA_7840note.md.tex:436: Preview: Snippet 424 started.
<-><->
      
l.436 $
       a_{1}c_{2}-a_{2}c_{1}=g(1,0)$
Not a real error.

./_6570_8BBA_57FA_7840note.md.tex:436: Preview: Snippet 424 ended.(491520+163840x5903318).
<-><->
      
l.436 $a_{1}c_{2}-a_{2}c_{1}=g(1,0)$
                                    
Not a real error.

[424]
./_6570_8BBA_57FA_7840note.md.tex:437: Preview: Snippet 425 started.
<-><->
      
l.437 $
       F$
Not a real error.

./_6570_8BBA_57FA_7840note.md.tex:437: Preview: Snippet 425 ended.(447828+0x512456).
<-><->
      
l.437 $F$
         
Not a real error.

[425]
./_6570_8BBA_57FA_7840note.md.tex:438: Preview: Snippet 426 started.
<-><->
      
l.438 $
       [f]*[g]=[F]$
Not a real error.

./_6570_8BBA_57FA_7840note.md.tex:438: Preview: Snippet 426 ended.(491520+163840x3824974).
<-><->
      
l.438 $[f]*[g]=[F]$
                   
Not a real error.

[426]
./_6570_8BBA_57FA_7840note.md.tex:439: Preview: Snippet 427 started.
<-><->
      
l.439 $
       C(D)=ker(\chi) / H$
Not a real error.

./_6570_8BBA_57FA_7840note.md.tex:439: Preview: Snippet 427 ended.(491520+163840x5285913).
<-><->
      
l.439 $C(D)=ker(\chi) / H$
                          
Not a real error.

[427]
./_6570_8BBA_57FA_7840note.md.tex:440: Preview: Snippet 428 started.
<-><->
      
l.440 $
       x^{2}-\frac{D}{4}y^{2}$
Not a real error.

./_6570_8BBA_57FA_7840note.md.tex:440: Preview: Snippet 428 ended.(571517+225995x2708277).
<-><->
      
l.440 $x^{2}-\frac{D}{4}y^{2}$
                              
Not a real error.

[428]
./_6570_8BBA_57FA_7840note.md.tex:441: Preview: Snippet 429 started.
<-><->
      
l.441 $
       4|D$
Not a real error.

./_6570_8BBA_57FA_7840note.md.tex:441: Preview: Snippet 429 ended.(491520+163840x1070514).
<-><->
      
l.441 $4|D$
           
Not a real error.

[429]
./_6570_8BBA_57FA_7840note.md.tex:442: Preview: Snippet 430 started.
<-><->
      
l.442 $
       x^{2}+xy+\frac{1-D}{4}y^{2}$
Not a real error.

./_6570_8BBA_57FA_7840note.md.tex:442: Preview: Snippet 430 ended.(571517+225995x4899483).
<-><->
      
l.442 $x^{2}+xy+\frac{1-D}{4}y^{2}$
                                   
Not a real error.

[430]
./_6570_8BBA_57FA_7840note.md.tex:443: Preview: Snippet 431 started.
<-><->
      
l.443 $
       D\equiv1\pmod{4}$
Not a real error.

./_6570_8BBA_57FA_7840note.md.tex:443: Preview: Snippet 431 ended.(491520+163840x4365505).
<-><->
      
l.443 $D\equiv1\pmod{4}$
                        
Not a real error.

[431]
./_6570_8BBA_57FA_7840note.md.tex:444: Preview: Snippet 432 started.
<-><->
      
l.444 $
       ax^{2}+bxy+cy^{2}$
Not a real error.

./_6570_8BBA_57FA_7840note.md.tex:444: Preview: Snippet 432 ended.(533465+127431x4540031).
<-><->
      
l.444 $ax^{2}+bxy+cy^{2}$
                         
Not a real error.

[432]
./_6570_8BBA_57FA_7840note.md.tex:445: Preview: Snippet 433 started.
<-><->
      
l.445 $
       cx^{2}+bxy+ay^{2}$
Not a real error.

./_6570_8BBA_57FA_7840note.md.tex:445: Preview: Snippet 433 ended.(533465+127431x4540031).
<-><->
      
l.445 $cx^{2}+bxy+ay^{2}$
                         
Not a real error.

[433]
./_6570_8BBA_57FA_7840note.md.tex:446: Preview: Snippet 434 started.
<-><->
      
l.446 $
       acx^{2}+bxy+y^{2}$
Not a real error.

./_6570_8BBA_57FA_7840note.md.tex:446: Preview: Snippet 434 ended.(533465+127431x4540031).
<-><->
      
l.446 $acx^{2}+bxy+y^{2}$
                         
Not a real error.

[434]
./_6570_8BBA_57FA_7840note.md.tex:447: Preview: Snippet 435 started.
<-><->
      
l.447 $
       x^{2}-bxt+acy^{2}$
Not a real error.

./_6570_8BBA_57FA_7840note.md.tex:447: Preview: Snippet 435 ended.(533465+127431x4431865).
<-><->
      
l.447 $x^{2}-bxt+acy^{2}$
                         
Not a real error.

[435]
./_6570_8BBA_57FA_7840note.md.tex:448: Preview: Snippet 436 started.
<-><->
      
l.448 $
       C(D)$
Not a real error.

./_6570_8BBA_57FA_7840note.md.tex:448: Preview: Snippet 436 ended.(491520+163840x1585790).
<-><->
      
l.448 $C(D)$
            
Not a real error.

[436]
./_6570_8BBA_57FA_7840note.md.tex:449: Preview: Snippet 437 started.
<-><->
      
l.449 $
       f(x,y)=ax^{2}+bxy+cy^{2}$
Not a real error.

./_6570_8BBA_57FA_7840note.md.tex:449: Preview: Snippet 437 ended.(533465+163840x7325610).
<-><->
      
l.449 $f(x,y)=ax^{2}+bxy+cy^{2}$
                                
Not a real error.

[437]
./_6570_8BBA_57FA_7840note.md.tex:450: Preview: Snippet 438 started.
<-><->
      
l.450 $
       D$
Not a real error.

./_6570_8BBA_57FA_7840note.md.tex:450: Preview: Snippet 438 ended.(447828+0x560788).
<-><->
      
l.450 $D$
         
Not a real error.

[438]
./_6570_8BBA_57FA_7840note.md.tex:451: Preview: Snippet 439 started.
<-><->
      
l.451 $
       \leq2$
Not a real error.

./_6570_8BBA_57FA_7840note.md.tex:451: Preview: Snippet 439 ended.(422343+89110x1019447).
<-><->
      
l.451 $\leq2$
             
Not a real error.

[439]
./_6570_8BBA_57FA_7840note.md.tex:452: Preview: Snippet 440 started.
<-><->
      
l.452 $
       C(D)$
Not a real error.

./_6570_8BBA_57FA_7840note.md.tex:452: Preview: Snippet 440 ended.(491520+163840x1585790).
<-><->
      
l.452 $C(D)$
            
Not a real error.

[440]
./_6570_8BBA_57FA_7840note.md.tex:453: Preview: Snippet 441 started.
<-><->
      
l.453 $
       b=0,a=b\text{ or } a=c$
Not a real error.

./_6570_8BBA_57FA_7840note.md.tex:453: Preview: Snippet 441 ended.(455111+127431x5800347).
<-><->
      
l.453 $b=0,a=b\text{ or } a=c$
                              
Not a real error.

[441]
./_6570_8BBA_57FA_7840note.md.tex:454: Preview: Snippet 442 started.
<-><->
      
l.454 $
       D<0$
Not a real error.

./_6570_8BBA_57FA_7840note.md.tex:454: Preview: Snippet 442 ended.(447828+25623x1762275).
<-><->
      
l.454 $D<0$
           
Not a real error.

[442]
./_6570_8BBA_57FA_7840note.md.tex:455: Preview: Snippet 443 started.
<-><->
      
l.455 $
       D\equiv0,1\pmod{4}$
Not a real error.

./_6570_8BBA_57FA_7840note.md.tex:455: Preview: Snippet 443 ended.(491520+163840x4984455).
<-><->
      
l.455 $D\equiv0,1\pmod{4}$
                          
Not a real error.

[443]
./_6570_8BBA_57FA_7840note.md.tex:456: Preview: Snippet 444 started.
<-><->
      
l.456 $
       r=$
Not a real error.

./_6570_8BBA_57FA_7840note.md.tex:456: Preview: Snippet 444 ended.(282168+0x1005642).
<-><->
      
l.456 $r=$
          
Not a real error.

[444]
./_6570_8BBA_57FA_7840note.md.tex:457: Preview: Snippet 445 started.
<-><->
      
l.457 $
       D$
Not a real error.

./_6570_8BBA_57FA_7840note.md.tex:457: Preview: Snippet 445 ended.(447828+0x560788).
<-><->
      
l.457 $D$
         
Not a real error.

[445]
./_6570_8BBA_57FA_7840note.md.tex:458: Preview: Snippet 446 started.
<-><->
      
l.458 $
       \mu\geq0$
Not a real error.

./_6570_8BBA_57FA_7840note.md.tex:458: Preview: Snippet 446 ended.(422343+127431x1596373).
<-><->
      
l.458 $\mu\geq0$
                
Not a real error.

[446]
./_6570_8BBA_57FA_7840note.md.tex:459: Preview: Snippet 447 started.
<-><->
      
l.459 $
       D\equiv1\pmod{4}$
Not a real error.

./_6570_8BBA_57FA_7840note.md.tex:459: Preview: Snippet 447 ended.(491520+163840x4365505).
<-><->
      
l.459 $D\equiv1\pmod{4}$
                        
Not a real error.

[447]
./_6570_8BBA_57FA_7840note.md.tex:460: Preview: Snippet 448 started.
<-><->
      
l.460 $
       \mu=r$
Not a real error.

./_6570_8BBA_57FA_7840note.md.tex:460: Preview: Snippet 448 ended.(282168+127431x1582568).
<-><->
      
l.460 $\mu=r$
             
Not a real error.

[448]
./_6570_8BBA_57FA_7840note.md.tex:461: Preview: Snippet 449 started.
<-><->
      
l.461 $
       D\equiv0\pmod{4}$
Not a real error.

./_6570_8BBA_57FA_7840note.md.tex:461: Preview: Snippet 449 ended.(491520+163840x4365505).
<-><->
      
l.461 $D\equiv0\pmod{4}$
                        
Not a real error.

[449]
./_6570_8BBA_57FA_7840note.md.tex:462: Preview: Snippet 450 started.
<-><->
      
l.462 $
       D=-4n$
Not a real error.

./_6570_8BBA_57FA_7840note.md.tex:462: Preview: Snippet 450 ended.(447828+54613x2665371).
<-><->
      
l.462 $D=-4n$
             
Not a real error.

[450]
./_6570_8BBA_57FA_7840note.md.tex:463: Preview: Snippet 451 started.
<-><->
      
l.463 $
       \mu$
Not a real error.

./_6570_8BBA_57FA_7840note.md.tex:463: Preview: Snippet 451 ended.(282168+127431x394886).
<-><->
      
l.463 $\mu$
           
Not a real error.

[451]
./_6570_8BBA_57FA_7840note.md.tex:464: Preview: Snippet 452 started.
<-><->
      
l.464 $
       n\equiv3\pmod{4}$
Not a real error.

./_6570_8BBA_57FA_7840note.md.tex:464: Preview: Snippet 452 ended.(491520+163840x4198087).
<-><->
      
l.464 $n\equiv3\pmod{4}$
                        
Not a real error.

[452]
./_6570_8BBA_57FA_7840note.md.tex:465: Preview: Snippet 453 started.
<-><->
      
l.465 $
       n\equiv1,2\pmod{4}$
Not a real error.

./_6570_8BBA_57FA_7840note.md.tex:465: Preview: Snippet 453 ended.(491520+163840x4817037).
<-><->
      
l.465 $n\equiv1,2\pmod{4}$
                          
Not a real error.

[453]
./_6570_8BBA_57FA_7840note.md.tex:466: Preview: Snippet 454 started.
<-><->
      
l.466 $
       r+1$
Not a real error.

./_6570_8BBA_57FA_7840note.md.tex:466: Preview: Snippet 454 ended.(422343+54613x1442547).
<-><->
      
l.466 $r+1$
           
Not a real error.

[454]
./_6570_8BBA_57FA_7840note.md.tex:467: Preview: Snippet 455 started.
<-><->
      
l.467 $
       n\equiv4\pmod{8}$
Not a real error.

./_6570_8BBA_57FA_7840note.md.tex:467: Preview: Snippet 455 ended.(491520+163840x4198087).
<-><->
      
l.467 $n\equiv4\pmod{8}$
                        
Not a real error.

[455]
./_6570_8BBA_57FA_7840note.md.tex:468: Preview: Snippet 456 started.
<-><->
      
l.468 $
       r+1$
Not a real error.

./_6570_8BBA_57FA_7840note.md.tex:468: Preview: Snippet 456 ended.(422343+54613x1442547).
<-><->
      
l.468 $r+1$
           
Not a real error.

[456]
./_6570_8BBA_57FA_7840note.md.tex:469: Preview: Snippet 457 started.
<-><->
      
l.469 $
       n\equiv0\pmod{8}$
Not a real error.

./_6570_8BBA_57FA_7840note.md.tex:469: Preview: Snippet 457 ended.(491520+163840x4198087).
<-><->
      
l.469 $n\equiv0\pmod{8}$
                        
Not a real error.

[457]
./_6570_8BBA_57FA_7840note.md.tex:470: Preview: Snippet 458 started.
<-><->
      
l.470 $
       r+2$
Not a real error.

./_6570_8BBA_57FA_7840note.md.tex:470: Preview: Snippet 458 ended.(422343+54613x1442547).
<-><->
      
l.470 $r+2$
           
Not a real error.

[458]
./_6570_8BBA_57FA_7840note.md.tex:471: Preview: Snippet 459 started.
<-><->
      
l.471 $
       C(D)$
Not a real error.

./_6570_8BBA_57FA_7840note.md.tex:471: Preview: Snippet 459 ended.(491520+163840x1585790).
<-><->
      
l.471 $C(D)$
            
Not a real error.

[459]
./_6570_8BBA_57FA_7840note.md.tex:472: Preview: Snippet 460 started.
<-><->
      
l.472 $
       2^{\mu-1}$
Not a real error.

./_6570_8BBA_57FA_7840note.md.tex:472: Preview: Snippet 460 ended.(533465+0x1349942).
<-><->
      
l.472 $2^{\mu-1}$
                 
Not a real error.

[460]
./_6570_8BBA_57FA_7840note.md.tex:473: Preview: Snippet 461 started.
<-><->
      
l.473 $
       \leq2$
Not a real error.

./_6570_8BBA_57FA_7840note.md.tex:473: Preview: Snippet 461 ended.(422343+89110x1019447).
<-><->
      
l.473 $\leq2$
             
Not a real error.

[461]
./_6570_8BBA_57FA_7840note.md.tex:474: Preview: Snippet 462 started.
<-><->
      
l.474 $
       b=0$
Not a real error.

./_6570_8BBA_57FA_7840note.md.tex:474: Preview: Snippet 462 ended.(455111+0x1482745).
<-><->
      
l.474 $b=0$
           
Not a real error.

[462]
./_6570_8BBA_57FA_7840note.md.tex:475: Preview: Snippet 463 started.
<-><->
      
l.475 $
       ac=n$
Not a real error.

./_6570_8BBA_57FA_7840note.md.tex:475: Preview: Snippet 463 ended.(282168+0x1897203).
<-><->
      
l.475 $ac=n$
            
Not a real error.

[463]
./_6570_8BBA_57FA_7840note.md.tex:476: Preview: Snippet 464 started.
<-><->
      
l.476 $
       a\leq c$
Not a real error.

./_6570_8BBA_57FA_7840note.md.tex:476: Preview: Snippet 464 ended.(416790+89110x1503833).
<-><->
      
l.476 $a\leq c$
               
Not a real error.

[464]
./_6570_8BBA_57FA_7840note.md.tex:477: Preview: Snippet 465 started.
<-><->
      
l.477 $
       n=1$
Not a real error.

./_6570_8BBA_57FA_7840note.md.tex:477: Preview: Snippet 465 ended.(422343+0x1594857).
<-><->
      
l.477 $n=1$
           
Not a real error.

[465]
./_6570_8BBA_57FA_7840note.md.tex:478: Preview: Snippet 466 started.
<-><->
      
l.478 $
       \#\{ (a,c) \}=1$
Not a real error.

./_6570_8BBA_57FA_7840note.md.tex:478: Preview: Snippet 466 ended.(491520+163840x3834006).
<-><->
      
l.478 $\#\{ (a,c) \}=1$
                       
Not a real error.

[466]
./_6570_8BBA_57FA_7840note.md.tex:479: Preview: Snippet 467 started.
<-><->
      
l.479 $
       n>1$
Not a real error.

./_6570_8BBA_57FA_7840note.md.tex:479: Preview: Snippet 467 ended.(422343+25623x1594857).
<-><->
      
l.479 $n>1$
           
Not a real error.

[467]
./_6570_8BBA_57FA_7840note.md.tex:480: Preview: Snippet 468 started.
<-><->
      
l.480 $
       \#\{ (a,c) \}=2^{r-1}$
Not a real error.

./_6570_8BBA_57FA_7840note.md.tex:480: Preview: Snippet 468 ended.(533465+163840x4795052).
<-><->
      
l.480 $\#\{ (a,c) \}=2^{r-1}$
                             
Not a real error.

[468]
./_6570_8BBA_57FA_7840note.md.tex:481: Preview: Snippet 469 started.
<-><->
      
l.481 $
       n$
Not a real error.

./_6570_8BBA_57FA_7840note.md.tex:481: Preview: Snippet 469 ended.(282168+0x393370).
<-><->
      
l.481 $n$
         
Not a real error.

[469]
./_6570_8BBA_57FA_7840note.md.tex:482: Preview: Snippet 470 started.
<-><->
      
l.482 $
       \#\{ (a,c) \}=2$
Not a real error.

./_6570_8BBA_57FA_7840note.md.tex:482: Preview: Snippet 470 ended.(491520+163840x3834006).
<-><->
      
l.482 $\#\{ (a,c) \}=2$
                       
Not a real error.

[470]
./_6570_8BBA_57FA_7840note.md.tex:483: Preview: Snippet 471 started.
<-><->
      
l.483 $
       a=b$
Not a real error.

./_6570_8BBA_57FA_7840note.md.tex:483: Preview: Snippet 471 ended.(455111+0x1501480).
<-><->
      
l.483 $a=b$
           
Not a real error.

[471]
./_6570_8BBA_57FA_7840note.md.tex:484: Preview: Snippet 472 started.
<-><->
      
l.484 $
       b(4-b)=-D$
Not a real error.

./_6570_8BBA_57FA_7840note.md.tex:484: Preview: Snippet 472 ended.(491520+163840x4145233).
<-><->
      
l.484 $b(4-b)=-D$
                 
Not a real error.

[472]
./_6570_8BBA_57FA_7840note.md.tex:485: Preview: Snippet 473 started.
<-><->
      
l.485 $
       a=c$
Not a real error.

./_6570_8BBA_57FA_7840note.md.tex:485: Preview: Snippet 473 ended.(282168+0x1503833).
<-><->
      
l.485 $a=c$
           
Not a real error.

[473]
./_6570_8BBA_57FA_7840note.md.tex:486: Preview: Snippet 474 started.
<-><->
      
l.486 $
       -D=(2c-b)(2c+b)$
Not a real error.

./_6570_8BBA_57FA_7840note.md.tex:486: Preview: Snippet 474 ended.(491520+163840x6350852).
<-><->
      
l.486 $-D=(2c-b)(2c+b)$
                       
Not a real error.

[474]
./_6570_8BBA_57FA_7840note.md.tex:487: Preview: Snippet 475 started.
<-><->
      
l.487 $
       -D=b'(4c-b')$
Not a real error.

./_6570_8BBA_57FA_7840note.md.tex:487: Preview: Snippet 475 ended.(492688+163840x4796574).
<-><->
      
l.487 $-D=b'(4c-b')$
                    
Not a real error.

[475]
./_6570_8BBA_57FA_7840note.md.tex:488: Preview: Snippet 476 started.
<-><->
      
l.488 $
       0<b'\leq2c$
Not a real error.

./_6570_8BBA_57FA_7840note.md.tex:488: Preview: Snippet 476 ended.(492688+89110x3151708).
<-><->
      
l.488 $0<b'\leq2c$
                  
Not a real error.

[476]
./_6570_8BBA_57FA_7840note.md.tex:489: Preview: Snippet 477 started.
<-><->
      
l.489 $
       gcd(b',c)=1$
Not a real error.

./_6570_8BBA_57FA_7840note.md.tex:489: Preview: Snippet 477 ended.(492688+163840x3712032).
<-><->
      
l.489 $gcd(b',c)=1$
                   
Not a real error.

[477]
./_6570_8BBA_57FA_7840note.md.tex:490: Preview: Snippet 478 started.
<-><->
      
l.490 $
       D<0$
Not a real error.

./_6570_8BBA_57FA_7840note.md.tex:490: Preview: Snippet 478 ended.(447828+25623x1762275).
<-><->
      
l.490 $D<0$
           
Not a real error.

[478]
./_6570_8BBA_57FA_7840note.md.tex:491: Preview: Snippet 479 started.
<-><->
      
l.491 $
       D\equiv0,1\pmod{4}$
Not a real error.

./_6570_8BBA_57FA_7840note.md.tex:491: Preview: Snippet 479 ended.(491520+163840x4984455).
<-><->
      
l.491 $D\equiv0,1\pmod{4}$
                          
Not a real error.

[479]
./_6570_8BBA_57FA_7840note.md.tex:492: Preview: Snippet 480 started.
<-><->
      
l.492 $
       \chi:(\mathbb{Z} / D\mathbb{Z})^{\times}\rightarrow \{ \pm1 \}$
Not a real error.

./_6570_8BBA_57FA_7840note.md.tex:492: Preview: Snippet 480 ended.(521815+163840x6182768).
<-><->
      
l.492 ...athbb{Z})^{\times}\rightarrow \{ \pm1 \}$
                                                  
Not a real error.

[480]
./_6570_8BBA_57FA_7840note.md.tex:493: Preview: Snippet 481 started.
<-><->
      
l.493 $
       H\subset Ker\chi \subset(\mathbb{Z} / D\mathbb{Z})^{\times}$
Not a real error.

./_6570_8BBA_57FA_7840note.md.tex:493: Preview: Snippet 481 ended.(521815+163840x6692565).
<-><->
      
l.493 ...ubset(\mathbb{Z} / D\mathbb{Z})^{\times}$
                                                  
Not a real error.

[481]
./_6570_8BBA_57FA_7840note.md.tex:494: Preview: Snippet 482 started.
<-><->
      
l.494 $
       \phi :C(D)\rightarrow Ker\chi / H$
Not a real error.

./_6570_8BBA_57FA_7840note.md.tex:494: Preview: Snippet 482 ended.(491520+163840x6100096).
<-><->
      
l.494 $\phi :C(D)\rightarrow Ker\chi / H$
                                         
Not a real error.

[482]
./_6570_8BBA_57FA_7840note.md.tex:495: Preview: Snippet 483 started.
<-><->
      
l.495 $
       ker\phi$
Not a real error.

./_6570_8BBA_57FA_7840note.md.tex:495: Preview: Snippet 483 ended.(455111+127431x1371329).
<-><->
      
l.495 $ker\phi$
               
Not a real error.

[483]
./_6570_8BBA_57FA_7840note.md.tex:496: Preview: Snippet 484 started.
<-><->
      
l.496 $
       \#genera=2^{\mu-1}$
Not a real error.

./_6570_8BBA_57FA_7840note.md.tex:496: Preview: Snippet 484 ended.(533465+127431x4769950).
<-><->
      
l.496 $\#genera=2^{\mu-1}$
                          
Not a real error.

[484]
./_6570_8BBA_57FA_7840note.md.tex:497: Preview: Snippet 485 started.
<-><->
      
l.497 $
       C(D)^{2}$
Not a real error.

./_6570_8BBA_57FA_7840note.md.tex:497: Preview: Snippet 485 ended.(533465+163840x1879793).
<-><->
      
l.497 $C(D)^{2}$
                
Not a real error.

[485]
./_6570_8BBA_57FA_7840note.md.tex:498: Preview: Snippet 486 started.
<-><->
      
l.498 $
       \{ x^{2}: x \in C(D) \}$
Not a real error.

./_6570_8BBA_57FA_7840note.md.tex:498: Preview: Snippet 486 ended.(533465+163840x4631380).
<-><->
      
l.498 $\{ x^{2}: x \in C(D) \}$
                               
Not a real error.

[486]
./_6570_8BBA_57FA_7840note.md.tex:499: Preview: Snippet 487 started.
<-><->
      
l.499 $
       p_{1}<p_{2}<\dots<p_{r}$
Not a real error.

./_6570_8BBA_57FA_7840note.md.tex:499: Preview: Snippet 487 ended.(353303+127431x5253401).
<-><->
      
l.499 $p_{1}<p_{2}<\dots<p_{r}$
                               
Not a real error.

[487]
./_6570_8BBA_57FA_7840note.md.tex:500: Preview: Snippet 488 started.
<-><->
      
l.500 $
       D$
Not a real error.

./_6570_8BBA_57FA_7840note.md.tex:500: Preview: Snippet 488 ended.(447828+0x560788).
<-><->
      
l.500 $D$
         
Not a real error.

[488]
./_6570_8BBA_57FA_7840note.md.tex:501: Preview: Snippet 489 started.
<-><->
      
l.501 $
       \chi_{i}(a)=\left( \frac{a}{p_{i}} \right)$
Not a real error.

./_6570_8BBA_57FA_7840note.md.tex:501: Preview: Snippet 489 ended.(753669+425990x3776037).
<-><->
      
l.501 $\chi_{i}(a)=\left( \frac{a}{p_{i}} \right)$
                                                  
Not a real error.

[489]
./_6570_8BBA_57FA_7840note.md.tex:502: Preview: Snippet 490 started.
<-><->
      
l.502 $
       1\leq i\leq r$
Not a real error.

./_6570_8BBA_57FA_7840note.md.tex:502: Preview: Snippet 490 ended.(432226+89110x2614949).
<-><->
      
l.502 $1\leq i\leq r$
                     
Not a real error.

[490]
./_6570_8BBA_57FA_7840note.md.tex:503: Preview: Snippet 491 started.
<-><->
      
l.503 $
       a \in (\mathbb{Z} / p \mathbb{Z})^{\times}$
Not a real error.

./_6570_8BBA_57FA_7840note.md.tex:503: Preview: Snippet 491 ended.(521815+163840x3630724).
<-><->
      
l.503 $a \in (\mathbb{Z} / p \mathbb{Z})^{\times}$
                                                  
Not a real error.

[491]
./_6570_8BBA_57FA_7840note.md.tex:504: Preview: Snippet 492 started.
<-><->
      
l.504 $
       \delta(a)=(-1)^{\frac{a-1}{2}}$
Not a real error.

./_6570_8BBA_57FA_7840note.md.tex:504: Preview: Snippet 492 ended.(659005+163840x4414973).
<-><->
      
l.504 $\delta(a)=(-1)^{\frac{a-1}{2}}$
                                      
Not a real error.

[492]
./_6570_8BBA_57FA_7840note.md.tex:505: Preview: Snippet 493 started.
<-><->
      
l.505 $
       a \in (\mathbb{Z} / 4 \mathbb{Z})^{\times}$
Not a real error.

./_6570_8BBA_57FA_7840note.md.tex:505: Preview: Snippet 493 ended.(521815+163840x3628677).
<-><->
      
l.505 $a \in (\mathbb{Z} / 4 \mathbb{Z})^{\times}$
                                                  
Not a real error.

[493]
./_6570_8BBA_57FA_7840note.md.tex:506: Preview: Snippet 494 started.
<-><->
      
l.506 $
       \epsilon(a)=(-1)^{\frac{a^{2}-1}{8}}$
Not a real error.

./_6570_8BBA_57FA_7840note.md.tex:506: Preview: Snippet 494 ended.(783957+163840x4620688).
<-><->
      
l.506 $\epsilon(a)=(-1)^{\frac{a^{2}-1}{8}}$
                                            
Not a real error.

[494]
./_6570_8BBA_57FA_7840note.md.tex:507: Preview: Snippet 495 started.
<-><->
      
l.507 $
       a \in(\mathbb{Z} / 8\mathbb{Z})^{\times}$
Not a real error.

./_6570_8BBA_57FA_7840note.md.tex:507: Preview: Snippet 495 ended.(521815+163840x3628677).
<-><->
      
l.507 $a \in(\mathbb{Z} / 8\mathbb{Z})^{\times}$
                                                
Not a real error.

[495]
./_6570_8BBA_57FA_7840note.md.tex:508: Preview: Snippet 496 started.
<-><->
      
l.508 $
       $
Not a real error.

./_6570_8BBA_57FA_7840note.md.tex:510: Preview: Snippet 496 ended.(950272+0x22609920).
<-><->
      
l.510 $$
        
Not a real error.

[496]
./_6570_8BBA_57FA_7840note.md.tex:511: Preview: Snippet 497 started.
<-><->
      
l.511 $
       C(D)\rightarrow C(D)$
Not a real error.

./_6570_8BBA_57FA_7840note.md.tex:511: Preview: Snippet 497 ended.(491520+163840x4191021).
<-><->
      
l.511 $C(D)\rightarrow C(D)$
                            
Not a real error.

[497]
./_6570_8BBA_57FA_7840note.md.tex:512: Preview: Snippet 498 started.
<-><->
      
l.512 $
       x \mapsto x^{2}$
Not a real error.

./_6570_8BBA_57FA_7840note.md.tex:512: Preview: Snippet 498 ended.(533465+0x2062556).
<-><->
      
l.512 $x \mapsto x^{2}$
                       
Not a real error.

[498]
./_6570_8BBA_57FA_7840note.md.tex:513: Preview: Snippet 499 started.
<-><->
      
l.513 $
       \mathbb{Z}$
Not a real error.

./_6570_8BBA_57FA_7840note.md.tex:513: Preview: Snippet 499 ended.(451470+0x436908).
<-><->
      
l.513 $\mathbb{Z}$
                  
Not a real error.

[499]
./_6570_8BBA_57FA_7840note.md.tex:514: Preview: Snippet 500 started.
<-><->
      
l.514 $
       \mathbb{Z}[\omega]$
Not a real error.

./_6570_8BBA_57FA_7840note.md.tex:514: Preview: Snippet 500 ended.(491520+163840x1232442).
<-><->
      
l.514 $\mathbb{Z}[\omega]$
                          
Not a real error.

[500]
./_6570_8BBA_57FA_7840note.md.tex:515: Preview: Snippet 501 started.
<-><->
      
l.515 $
       \omega=-\frac{1}{2}+\frac{\sqrt{ 3 }}{2}i$
Not a real error.

./_6570_8BBA_57FA_7840note.md.tex:515: Preview: Snippet 501 ended.(684192+225995x4109325).
<-><->
      
l.515 $\omega=-\frac{1}{2}+\frac{\sqrt{ 3 }}{2}i$
                                                 
Not a real error.

[501]
./_6570_8BBA_57FA_7840note.md.tex:516: Preview: Snippet 502 started.
<-><->
      
l.516 $
       R=\mathbb{Z}[\omega]$
Not a real error.

./_6570_8BBA_57FA_7840note.md.tex:516: Preview: Snippet 502 ended.(491520+163840x2608919).
<-><->
      
l.516 $R=\mathbb{Z}[\omega]$
                            
Not a real error.

[502]
./_6570_8BBA_57FA_7840note.md.tex:517: Preview: Snippet 503 started.
<-><->
      
l.517 $
       0\neq\alpha \in R$
Not a real error.

./_6570_8BBA_57FA_7840note.md.tex:517: Preview: Snippet 503 ended.(455111+127430x2926807).
<-><->
      
l.517 $0\neq\alpha \in R$
                         
Not a real error.

[503]
./_6570_8BBA_57FA_7840note.md.tex:518: Preview: Snippet 504 started.
<-><->
      
l.518 $
       \lvert \alpha \rvert=1$
Not a real error.

./_6570_8BBA_57FA_7840note.md.tex:518: Preview: Snippet 504 ended.(491520+163840x1987238).
<-><->
      
l.518 $\lvert \alpha \rvert=1$
                              
Not a real error.

[504]
./_6570_8BBA_57FA_7840note.md.tex:519: Preview: Snippet 505 started.
<-><->
      
l.519 $
       (\alpha)=R$
Not a real error.

./_6570_8BBA_57FA_7840note.md.tex:519: Preview: Snippet 505 ended.(491520+163840x2307864).
<-><->
      
l.519 $(\alpha)=R$
                  
Not a real error.

[505]
./_6570_8BBA_57FA_7840note.md.tex:520: Preview: Snippet 506 started.
<-><->
      
l.520 $
       \alpha,\beta \in R$
Not a real error.

./_6570_8BBA_57FA_7840note.md.tex:520: Preview: Snippet 506 ended.(455111+127431x2421865).
<-><->
      
l.520 $\alpha,\beta \in R$
                          
Not a real error.

[506]
./_6570_8BBA_57FA_7840note.md.tex:521: Preview: Snippet 507 started.
<-><->
      
l.521 $
       \alpha=\beta r$
Not a real error.

./_6570_8BBA_57FA_7840note.md.tex:521: Preview: Snippet 507 ended.(455111+127431x2014619).
<-><->
      
l.521 $\alpha=\beta r$
                      
Not a real error.

[507]
./_6570_8BBA_57FA_7840note.md.tex:522: Preview: Snippet 508 started.
<-><->
      
l.522 $
       r$
Not a real error.

./_6570_8BBA_57FA_7840note.md.tex:522: Preview: Snippet 508 ended.(282168+0x313876).
<-><->
      
l.522 $r$
         
Not a real error.

[508]
./_6570_8BBA_57FA_7840note.md.tex:523: Preview: Snippet 509 started.
<-><->
      
l.523 $
       (\alpha)=(\beta)$
Not a real error.

./_6570_8BBA_57FA_7840note.md.tex:523: Preview: Snippet 509 ended.(491520+163840x2720195).
<-><->
      
l.523 $(\alpha)=(\beta)$
                        
Not a real error.

[509]
./_6570_8BBA_57FA_7840note.md.tex:524: Preview: Snippet 510 started.
<-><->
      
l.524 $
       \alpha\neq0$
Not a real error.

./_6570_8BBA_57FA_7840note.md.tex:524: Preview: Snippet 510 ended.(455111+127430x1623148).
<-><->
      
l.524 $\alpha\neq0$
                   
Not a real error.

[510]
./_6570_8BBA_57FA_7840note.md.tex:525: Preview: Snippet 511 started.
<-><->
      
l.525 $
       \alpha=\beta r$
Not a real error.

./_6570_8BBA_57FA_7840note.md.tex:525: Preview: Snippet 511 ended.(455111+127431x2014619).
<-><->
      
l.525 $\alpha=\beta r$
                      
Not a real error.

[511]
./_6570_8BBA_57FA_7840note.md.tex:526: Preview: Snippet 512 started.
<-><->
      
l.526 $
       \beta,r \in R$
Not a real error.

./_6570_8BBA_57FA_7840note.md.tex:526: Preview: Snippet 512 ended.(455111+127431x2314080).
<-><->
      
l.526 $\beta,r \in R$
                     
Not a real error.

[512]
./_6570_8BBA_57FA_7840note.md.tex:527: Preview: Snippet 513 started.
<-><->
      
l.527 $
       \beta,r$
Not a real error.

./_6570_8BBA_57FA_7840note.md.tex:527: Preview: Snippet 513 ended.(455111+127431x1010421).
<-><->
      
l.527 $\beta,r$
               
Not a real error.

[513]
./_6570_8BBA_57FA_7840note.md.tex:528: Preview: Snippet 514 started.
<-><->
      
l.528 $
       (\alpha)$
Not a real error.

./_6570_8BBA_57FA_7840note.md.tex:528: Preview: Snippet 514 ended.(491520+163840x931387).
<-><->
      
l.528 $(\alpha)$
                
Not a real error.

[514]
./_6570_8BBA_57FA_7840note.md.tex:529: Preview: Snippet 515 started.
<-><->
      
l.529 $
       N(\alpha)$
Not a real error.

./_6570_8BBA_57FA_7840note.md.tex:529: Preview: Snippet 515 ended.(491520+163840x1529401).
<-><->
      
l.529 $N(\alpha)$
                 
Not a real error.

[515]
./_6570_8BBA_57FA_7840note.md.tex:530: Preview: Snippet 516 started.
<-><->
      
l.530 $
       \alpha \in R$
Not a real error.

./_6570_8BBA_57FA_7840note.md.tex:530: Preview: Snippet 516 ended.(447828+25623x1725320).
<-><->
      
l.530 $\alpha \in R$
                    
Not a real error.

[516]
./_6570_8BBA_57FA_7840note.md.tex:531: Preview: Snippet 517 started.
<-><->
      
l.531 $
       \alpha$
Not a real error.

./_6570_8BBA_57FA_7840note.md.tex:531: Preview: Snippet 517 ended.(282168+0x421661).
<-><->
      
l.531 $\alpha$
              
Not a real error.

[517]
./_6570_8BBA_57FA_7840note.md.tex:532: Preview: Snippet 518 started.
<-><->
      
l.532 $
       p$
Not a real error.

./_6570_8BBA_57FA_7840note.md.tex:532: Preview: Snippet 518 ended.(282168+127431x329728).
<-><->
      
l.532 $p$
         
Not a real error.

[518]
./_6570_8BBA_57FA_7840note.md.tex:533: Preview: Snippet 519 started.
<-><->
      
l.533 $
       \mathbb{Z}$
Not a real error.

./_6570_8BBA_57FA_7840note.md.tex:533: Preview: Snippet 519 ended.(451470+0x436908).
<-><->
      
l.533 $\mathbb{Z}$
                  
Not a real error.

[519]
./_6570_8BBA_57FA_7840note.md.tex:534: Preview: Snippet 520 started.
<-><->
      
l.534 $
       p=3$
Not a real error.

./_6570_8BBA_57FA_7840note.md.tex:534: Preview: Snippet 520 ended.(422343+127431x1531215).
<-><->
      
l.534 $p=3$
           
Not a real error.

[520]
./_6570_8BBA_57FA_7840note.md.tex:535: Preview: Snippet 521 started.
<-><->
      
l.535 $
       1-\omega$
Not a real error.

./_6570_8BBA_57FA_7840note.md.tex:535: Preview: Snippet 521 ended.(422343+54613x1560115).
<-><->
      
l.535 $1-\omega$
                
Not a real error.

[521]
./_6570_8BBA_57FA_7840note.md.tex:536: Preview: Snippet 522 started.
<-><->
      
l.536 $
       \mathbb{Z}[\omega]$
Not a real error.

./_6570_8BBA_57FA_7840note.md.tex:536: Preview: Snippet 522 ended.(491520+163840x1232442).
<-><->
      
l.536 $\mathbb{Z}[\omega]$
                          
Not a real error.

[522]
./_6570_8BBA_57FA_7840note.md.tex:537: Preview: Snippet 523 started.
<-><->
      
l.537 $
       3=-\omega ^{2}(1-\omega)^{2}$
Not a real error.

./_6570_8BBA_57FA_7840note.md.tex:537: Preview: Snippet 523 ended.(533465+163840x4800504).
<-><->
      
l.537 $3=-\omega ^{2}(1-\omega)^{2}$
                                    
Not a real error.

[523]
./_6570_8BBA_57FA_7840note.md.tex:538: Preview: Snippet 524 started.
<-><->
      
l.538 $
       p\equiv1\pmod{3}$
Not a real error.

./_6570_8BBA_57FA_7840note.md.tex:538: Preview: Snippet 524 ended.(491520+163840x4134445).
<-><->
      
l.538 $p\equiv1\pmod{3}$
                        
Not a real error.

[524]
./_6570_8BBA_57FA_7840note.md.tex:539: Preview: Snippet 525 started.
<-><->
      
l.539 $
       \pi \in \mathbb{Z}[\omega]$
Not a real error.

./_6570_8BBA_57FA_7840note.md.tex:539: Preview: Snippet 525 ended.(491520+163840x2430516).
<-><->
      
l.539 $\pi \in \mathbb{Z}[\omega]$
                                  
Not a real error.

[525]
./_6570_8BBA_57FA_7840note.md.tex:540: Preview: Snippet 526 started.
<-><->
      
l.540 $
       p=\pi \cdot \overline{\pi}$
Not a real error.

./_6570_8BBA_57FA_7840note.md.tex:540: Preview: Snippet 526 ended.(413233+127431x2471015).
<-><->
      
l.540 $p=\pi \cdot \overline{\pi}$
                                  
Not a real error.

[526]
./_6570_8BBA_57FA_7840note.md.tex:541: Preview: Snippet 527 started.
<-><->
      
l.541 $
       \pi \& \overline{\pi}$
Not a real error.

./_6570_8BBA_57FA_7840note.md.tex:541: Preview: Snippet 527 ended.(455111+0x1303898).
<-><->
      
l.541 $\pi \& \overline{\pi}$
                             
Not a real error.

[527]
./_6570_8BBA_57FA_7840note.md.tex:542: Preview: Snippet 528 started.
<-><->
      
l.542 $
       N(\pi)=N(\overline{\pi})=p$
Not a real error.

./_6570_8BBA_57FA_7840note.md.tex:542: Preview: Snippet 528 ended.(491520+163840x5086992).
<-><->
      
l.542 $N(\pi)=N(\overline{\pi})=p$
                                  
Not a real error.

[528]
./_6570_8BBA_57FA_7840note.md.tex:543: Preview: Snippet 529 started.
<-><->
      
l.543 $
       p\equiv2\pmod{3}$
Not a real error.

./_6570_8BBA_57FA_7840note.md.tex:543: Preview: Snippet 529 ended.(491520+163840x4134445).
<-><->
      
l.543 $p\equiv2\pmod{3}$
                        
Not a real error.

[529]
./_6570_8BBA_57FA_7840note.md.tex:544: Preview: Snippet 530 started.
<-><->
      
l.544 $
       \pi=p$
Not a real error.

./_6570_8BBA_57FA_7840note.md.tex:544: Preview: Snippet 530 ended.(282168+127431x1600620).
<-><->
      
l.544 $\pi=p$
             
Not a real error.

[530]
./_6570_8BBA_57FA_7840note.md.tex:545: Preview: Snippet 531 started.
<-><->
      
l.545 $
       \mathbb{Z}[\omega]$
Not a real error.

./_6570_8BBA_57FA_7840note.md.tex:545: Preview: Snippet 531 ended.(491520+163840x1232442).
<-><->
      
l.545 $\mathbb{Z}[\omega]$
                          
Not a real error.

[531]
./_6570_8BBA_57FA_7840note.md.tex:546: Preview: Snippet 532 started.
<-><->
      
l.546 $
       N(\pi)=p^{2}$
Not a real error.

./_6570_8BBA_57FA_7840note.md.tex:546: Preview: Snippet 532 ended.(533465+163840x3002363).
<-><->
      
l.546 $N(\pi)=p^{2}$
                    
Not a real error.

[532]
./_6570_8BBA_57FA_7840note.md.tex:547: Preview: Snippet 533 started.
<-><->
      
l.547 $
       R$
Not a real error.

./_6570_8BBA_57FA_7840note.md.tex:547: Preview: Snippet 533 ended.(447828+0x502671).
<-><->
      
l.547 $R$
         
Not a real error.

[533]
./_6570_8BBA_57FA_7840note.md.tex:548: Preview: Snippet 534 started.
<-><->
      
l.548 $
       \mathbb{Z}[\omega]$
Not a real error.

./_6570_8BBA_57FA_7840note.md.tex:548: Preview: Snippet 534 ended.(491520+163840x1232442).
<-><->
      
l.548 $\mathbb{Z}[\omega]$
                          
Not a real error.

[534]
./_6570_8BBA_57FA_7840note.md.tex:549: Preview: Snippet 535 started.
<-><->
      
l.549 $
       N(\pi)$
Not a real error.

./_6570_8BBA_57FA_7840note.md.tex:549: Preview: Snippet 535 ended.(491520+163840x1504826).
<-><->
      
l.549 $N(\pi)$
              
Not a real error.

[535]
./_6570_8BBA_57FA_7840note.md.tex:550: Preview: Snippet 536 started.
<-><->
      
l.550 $
       N(1-\omega)=3$
Not a real error.

./_6570_8BBA_57FA_7840note.md.tex:550: Preview: Snippet 536 ended.(491520+163840x3869342).
<-><->
      
l.550 $N(1-\omega)=3$
                     
Not a real error.

[536]
./_6570_8BBA_57FA_7840note.md.tex:551: Preview: Snippet 537 started.
<-><->
      
l.551 $
       h(-3)=1$
Not a real error.

./_6570_8BBA_57FA_7840note.md.tex:551: Preview: Snippet 537 ended.(491520+163840x2926211).
<-><->
      
l.551 $h(-3)=1$
               
Not a real error.

[537]
./_6570_8BBA_57FA_7840note.md.tex:552: Preview: Snippet 538 started.
<-><->
      
l.552 $
       p=x^{2}+xy+y^{2}$
Not a real error.

./_6570_8BBA_57FA_7840note.md.tex:552: Preview: Snippet 538 ended.(533465+127431x4832280).
<-><->
      
l.552 $p=x^{2}+xy+y^{2}$
                        
Not a real error.

[538]
./_6570_8BBA_57FA_7840note.md.tex:553: Preview: Snippet 539 started.
<-><->
      
l.553 $
       x,y$
Not a real error.

./_6570_8BBA_57FA_7840note.md.tex:553: Preview: Snippet 539 ended.(282168+127431x1010649).
<-><->
      
l.553 $x,y$
           
Not a real error.

[539]
./_6570_8BBA_57FA_7840note.md.tex:554: Preview: Snippet 540 started.
<-><->
      
l.554 $
       p=(x+\omega y)(x-\omega y)$
Not a real error.

./_6570_8BBA_57FA_7840note.md.tex:554: Preview: Snippet 540 ended.(491520+163840x6126614).
<-><->
      
l.554 $p=(x+\omega y)(x-\omega y)$
                                  
Not a real error.

[540]
./_6570_8BBA_57FA_7840note.md.tex:555: Preview: Snippet 541 started.
<-><->
      
l.555 $
       x-\omega y$
Not a real error.

./_6570_8BBA_57FA_7840note.md.tex:555: Preview: Snippet 541 ended.(382293+127431x1951814).
<-><->
      
l.555 $x-\omega y$
                  
Not a real error.

[541]
./_6570_8BBA_57FA_7840note.md.tex:556: Preview: Snippet 542 started.
<-><->
      
l.556 $
       x+\omega y$
Not a real error.

./_6570_8BBA_57FA_7840note.md.tex:556: Preview: Snippet 542 ended.(382293+127431x1951814).
<-><->
      
l.556 $x+\omega y$
                  
Not a real error.

[542]
./_6570_8BBA_57FA_7840note.md.tex:557: Preview: Snippet 543 started.
<-><->
      
l.557 $
       (p)\subseteq \mathfrak{p}=(\alpha)$
Not a real error.

LaTeX Font Info:    Trying to load font information for U+euf on input line 557.
(/usr/share/texmf-dist/tex/latex/amsfonts/ueuf.fd
File: ueuf.fd 2013/01/14 v3.01 Euler Fraktur
)
./_6570_8BBA_57FA_7840note.md.tex:557: Preview: Snippet 543 ended.(491520+163840x3846434).
<-><->
      
l.557 $(p)\subseteq \mathfrak{p}=(\alpha)$
                                          
Not a real error.

[543]
./_6570_8BBA_57FA_7840note.md.tex:558: Preview: Snippet 544 started.
<-><->
      
l.558 $
       \alpha$
Not a real error.

./_6570_8BBA_57FA_7840note.md.tex:558: Preview: Snippet 544 ended.(282168+0x421661).
<-><->
      
l.558 $\alpha$
              
Not a real error.

[544]
./_6570_8BBA_57FA_7840note.md.tex:559: Preview: Snippet 545 started.
<-><->
      
l.559 $
       N(\alpha)|N(p)=p^{2}$
Not a real error.

./_6570_8BBA_57FA_7840note.md.tex:559: Preview: Snippet 545 ended.(533465+163840x4646451).
<-><->
      
l.559 $N(\alpha)|N(p)=p^{2}$
                            
Not a real error.

[545]
./_6570_8BBA_57FA_7840note.md.tex:560: Preview: Snippet 546 started.
<-><->
      
l.560 $
       p$
Not a real error.

./_6570_8BBA_57FA_7840note.md.tex:560: Preview: Snippet 546 ended.(282168+127431x329728).
<-><->
      
l.560 $p$
         
Not a real error.

[546]
./_6570_8BBA_57FA_7840note.md.tex:561: Preview: Snippet 547 started.
<-><->
      
l.561 $
       \mathbb{Z}[\omega]$
Not a real error.

./_6570_8BBA_57FA_7840note.md.tex:561: Preview: Snippet 547 ended.(491520+163840x1232442).
<-><->
      
l.561 $\mathbb{Z}[\omega]$
                          
Not a real error.

[547]
./_6570_8BBA_57FA_7840note.md.tex:562: Preview: Snippet 548 started.
<-><->
      
l.562 $
       N(a)<N(p)$
Not a real error.

./_6570_8BBA_57FA_7840note.md.tex:562: Preview: Snippet 548 ended.(491520+163840x3765430).
<-><->
      
l.562 $N(a)<N(p)$
                 
Not a real error.

[548]
./_6570_8BBA_57FA_7840note.md.tex:563: Preview: Snippet 549 started.
<-><->
      
l.563 $
       N(\alpha)=p$
Not a real error.

./_6570_8BBA_57FA_7840note.md.tex:563: Preview: Snippet 549 ended.(491520+163840x2732935).
<-><->
      
l.563 $N(\alpha)=p$
                   
Not a real error.

[549]
./_6570_8BBA_57FA_7840note.md.tex:564: Preview: Snippet 550 started.
<-><->
      
l.564 $
       \alpha=a+b\omega$
Not a real error.

./_6570_8BBA_57FA_7840note.md.tex:564: Preview: Snippet 550 ended.(455111+54613x3155575).
<-><->
      
l.564 $\alpha=a+b\omega$
                        
Not a real error.

[550]
./_6570_8BBA_57FA_7840note.md.tex:565: Preview: Snippet 551 started.
<-><->
      
l.565 $
       p=a^{2}+ab+b^{2}$
Not a real error.

./_6570_8BBA_57FA_7840note.md.tex:565: Preview: Snippet 551 ended.(533465+127431x4648868).
<-><->
      
l.565 $p=a^{2}+ab+b^{2}$
                        
Not a real error.

[551]
./_6570_8BBA_57FA_7840note.md.tex:566: Preview: Snippet 552 started.
<-><->
      
l.566 $
       \alpha \in \mathbb{Z}[\omega]$
Not a real error.

./_6570_8BBA_57FA_7840note.md.tex:566: Preview: Snippet 552 ended.(491520+163840x2455091).
<-><->
      
l.566 $\alpha \in \mathbb{Z}[\omega]$
                                     
Not a real error.

[552]
./_6570_8BBA_57FA_7840note.md.tex:567: Preview: Snippet 553 started.
<-><->
      
l.567 $
       \pi \mathbb{Z}[\omega]$
Not a real error.

./_6570_8BBA_57FA_7840note.md.tex:567: Preview: Snippet 553 ended.(491520+163840x1629528).
<-><->
      
l.567 $\pi \mathbb{Z}[\omega]$
                              
Not a real error.

[553]
./_6570_8BBA_57FA_7840note.md.tex:568: Preview: Snippet 554 started.
<-><->
      
l.568 $
       \pi$
Not a real error.

./_6570_8BBA_57FA_7840note.md.tex:568: Preview: Snippet 554 ended.(282168+0x397086).
<-><->
      
l.568 $\pi$
           
Not a real error.

[554]
./_6570_8BBA_57FA_7840note.md.tex:569: Preview: Snippet 555 started.
<-><->
      
l.569 $
       \mathbb{Z}[\omega]$
Not a real error.

./_6570_8BBA_57FA_7840note.md.tex:569: Preview: Snippet 555 ended.(491520+163840x1232442).
<-><->
      
l.569 $\mathbb{Z}[\omega]$
                          
Not a real error.

[555]
./_6570_8BBA_57FA_7840note.md.tex:570: Preview: Snippet 556 started.
<-><->
      
l.570 $
       $
Not a real error.

./_6570_8BBA_57FA_7840note.md.tex:572: Preview: Snippet 556 ended.(1268744+0x22609920).
<-><->
      
l.572 $$
        
Not a real error.

[556]
./_6570_8BBA_57FA_7840note.md.tex:573: Preview: Snippet 557 started.
<-><->
      
l.573 $
       \left( \frac{\alpha\beta}{\pi} \right)_{3}= \left( \frac{\alpha}{\pi}...
Not a real error.

./_6570_8BBA_57FA_7840note.md.tex:573: Preview: Snippet 557 ended.(753669+458757x6192397).
<-><->
      
l.573 ...cdot\left( \frac{\beta}{\pi} \right)_{3}$
                                                  
Not a real error.

[557]
./_6570_8BBA_57FA_7840note.md.tex:574: Preview: Snippet 558 started.
<-><->
      
l.574 $
       \pi$
Not a real error.

./_6570_8BBA_57FA_7840note.md.tex:574: Preview: Snippet 558 ended.(282168+0x397086).
<-><->
      
l.574 $\pi$
           
Not a real error.

[558]
./_6570_8BBA_57FA_7840note.md.tex:575: Preview: Snippet 559 started.
<-><->
      
l.575 $
       \theta$
Not a real error.

./_6570_8BBA_57FA_7840note.md.tex:575: Preview: Snippet 559 ended.(455111+0x325860).
<-><->
      
l.575 $\theta$
              
Not a real error.

[559]
./_6570_8BBA_57FA_7840note.md.tex:576: Preview: Snippet 560 started.
<-><->
      
l.576 $
       \mathbb{Z}[\omega]$
Not a real error.

./_6570_8BBA_57FA_7840note.md.tex:576: Preview: Snippet 560 ended.(491520+163840x1232442).
<-><->
      
l.576 $\mathbb{Z}[\omega]$
                          
Not a real error.

[560]
./_6570_8BBA_57FA_7840note.md.tex:577: Preview: Snippet 561 started.
<-><->
      
l.577 $
       $
Not a real error.

./_6570_8BBA_57FA_7840note.md.tex:579: Preview: Snippet 561 ended.(1671182+0x22609920).
<-><->
      
l.579 $$
        
Not a real error.

[561]
./_6570_8BBA_57FA_7840note.md.tex:580: Preview: Snippet 562 started.
<-><->
      
l.580 $
       \left( \frac{-1}{\pi} \right)_{3}=1$
Not a real error.

./_6570_8BBA_57FA_7840note.md.tex:580: Preview: Snippet 562 ended.(557059+262147x2924362).
<-><->
      
l.580 $\left( \frac{-1}{\pi} \right)_{3}=1$
                                           
Not a real error.

[562]
./_6570_8BBA_57FA_7840note.md.tex:581: Preview: Snippet 563 started.
<-><->
      
l.581 $
       \pi=-1+3m+3n\omega$
Not a real error.

./_6570_8BBA_57FA_7840note.md.tex:581: Preview: Snippet 563 ended.(422343+54613x5765870).
<-><->
      
l.581 $\pi=-1+3m+3n\omega$
                          
Not a real error.

[563]
./_6570_8BBA_57FA_7840note.md.tex:582: Preview: Snippet 564 started.
<-><->
      
l.582 $
       m,n \in \mathbb{Z}$
Not a real error.

./_6570_8BBA_57FA_7840note.md.tex:582: Preview: Snippet 564 ended.(451470+127431x2497950).
<-><->
      
l.582 $m,n \in \mathbb{Z}$
                          
Not a real error.

[564]
./_6570_8BBA_57FA_7840note.md.tex:583: Preview: Snippet 565 started.
<-><->
      
l.583 $
       \left( \frac{\omega}{\pi} \right)_{3}=\omega ^{m+n}$
Not a real error.

./_6570_8BBA_57FA_7840note.md.tex:583: Preview: Snippet 565 ended.(557059+262147x3928009).
<-><->
      
l.583 ...c{\omega}{\pi} \right)_{3}=\omega ^{m+n}$
                                                  
Not a real error.

[565]
./_6570_8BBA_57FA_7840note.md.tex:584: Preview: Snippet 566 started.
<-><->
      
l.584 $
       \left( \frac{1-\omega}{\pi} \right)_{3}=\omega ^{2m}$
Not a real error.

./_6570_8BBA_57FA_7840note.md.tex:584: Preview: Snippet 566 ended.(557059+262147x4133794).
<-><->
      
l.584 ...{1-\omega}{\pi} \right)_{3}=\omega ^{2m}$
                                                  
Not a real error.

[566]
./_6570_8BBA_57FA_7840note.md.tex:585: Preview: Snippet 567 started.
<-><->
      
l.585 $
       p$
Not a real error.

./_6570_8BBA_57FA_7840note.md.tex:585: Preview: Snippet 567 ended.(282168+127431x329728).
<-><->
      
l.585 $p$
         
Not a real error.

[567]
./_6570_8BBA_57FA_7840note.md.tex:586: Preview: Snippet 568 started.
<-><->
      
l.586 $
       x,y \in \mathbb{Z}$
Not a real error.

./_6570_8BBA_57FA_7840note.md.tex:586: Preview: Snippet 568 ended.(451470+127431x2248545).
<-><->
      
l.586 $x,y \in \mathbb{Z}$
                          
Not a real error.

[568]
./_6570_8BBA_57FA_7840note.md.tex:587: Preview: Snippet 569 started.
<-><->
      
l.587 $
       p=x^{2}+27y^{2}$
Not a real error.

./_6570_8BBA_57FA_7840note.md.tex:587: Preview: Snippet 569 ended.(533465+127431x3967272).
<-><->
      
l.587 $p=x^{2}+27y^{2}$
                       
Not a real error.

[569]
./_6570_8BBA_57FA_7840note.md.tex:588: Preview: Snippet 570 started.
<-><->
      
l.588 $
       p\equiv1\pmod{3}$
Not a real error.

./_6570_8BBA_57FA_7840note.md.tex:588: Preview: Snippet 570 ended.(491520+163840x4134445).
<-><->
      
l.588 $p\equiv1\pmod{3}$
                        
Not a real error.

[570]
./_6570_8BBA_57FA_7840note.md.tex:589: Preview: Snippet 571 started.
<-><->
      
l.589 $
       p$
Not a real error.

./_6570_8BBA_57FA_7840note.md.tex:589: Preview: Snippet 571 ended.(282168+127431x329728).
<-><->
      
l.589 $p$
         
Not a real error.

[571]
./_6570_8BBA_57FA_7840note.md.tex:590: Preview: Snippet 572 started.
<-><->
      
l.590 $
       p\equiv x^{2}\equiv1\pmod{3}$
Not a real error.

./_6570_8BBA_57FA_7840note.md.tex:590: Preview: Snippet 572 ended.(533465+163840x5676810).
<-><->
      
l.590 $p\equiv x^{2}\equiv1\pmod{3}$
                                    
Not a real error.

[572]
./_6570_8BBA_57FA_7840note.md.tex:591: Preview: Snippet 573 started.
<-><->
      
l.591 $
       p=x^{2}+27y^{2}=\pi \cdot \overline{\pi}$
Not a real error.

./_6570_8BBA_57FA_7840note.md.tex:591: Preview: Snippet 573 ended.(533465+127431x6108559).
<-><->
      
l.591 $p=x^{2}+27y^{2}=\pi \cdot \overline{\pi}$
                                                
Not a real error.

[573]
./_6570_8BBA_57FA_7840note.md.tex:592: Preview: Snippet 574 started.
<-><->
      
l.592 $
       \pi=(x+3y)+6y\omega$
Not a real error.

./_6570_8BBA_57FA_7840note.md.tex:592: Preview: Snippet 574 ended.(491520+163840x5533608).
<-><->
      
l.592 $\pi=(x+3y)+6y\omega$
                           
Not a real error.

[574]
./_6570_8BBA_57FA_7840note.md.tex:593: Preview: Snippet 575 started.
<-><->
      
l.593 $
       1=\left( \frac{2}{\pi} \right)_{3}=\left( \frac{\pi}{2} \right)_{3}$
Not a real error.

./_6570_8BBA_57FA_7840note.md.tex:593: Preview: Snippet 575 ended.(557059+262147x4825225).
<-><->
      
l.593 ...ht)_{3}=\left( \frac{\pi}{2} \right)_{3}$
                                                  
Not a real error.

[575]
./_6570_8BBA_57FA_7840note.md.tex:594: Preview: Snippet 576 started.
<-><->
      
l.594 $
       \pi\equiv1\pmod{2}$
Not a real error.

./_6570_8BBA_57FA_7840note.md.tex:594: Preview: Snippet 576 ended.(491520+163840x4201803).
<-><->
      
l.594 $\pi\equiv1\pmod{2}$
                          
Not a real error.

[576]
./_6570_8BBA_57FA_7840note.md.tex:595: Preview: Snippet 577 started.
<-><->
      
l.595 $
       p\equiv1\pmod{3}$
Not a real error.

./_6570_8BBA_57FA_7840note.md.tex:595: Preview: Snippet 577 ended.(491520+163840x4134445).
<-><->
      
l.595 $p\equiv1\pmod{3}$
                        
Not a real error.

[577]
./_6570_8BBA_57FA_7840note.md.tex:596: Preview: Snippet 578 started.
<-><->
      
l.596 $
       p=a+3b\omega$
Not a real error.

./_6570_8BBA_57FA_7840note.md.tex:596: Preview: Snippet 578 ended.(455111+127431x3391323).
<-><->
      
l.596 $p=a+3b\omega$
                    
Not a real error.

[578]
./_6570_8BBA_57FA_7840note.md.tex:597: Preview: Snippet 579 started.
<-><->
      
l.597 $
       p=\pi \cdot \overline{\pi}$
Not a real error.

./_6570_8BBA_57FA_7840note.md.tex:597: Preview: Snippet 579 ended.(413233+127431x2471015).
<-><->
      
l.597 $p=\pi \cdot \overline{\pi}$
                                  
Not a real error.

[579]
./_6570_8BBA_57FA_7840note.md.tex:598: Preview: Snippet 580 started.
<-><->
      
l.598 $
       \pi\equiv-1\pmod{3}$
Not a real error.

./_6570_8BBA_57FA_7840note.md.tex:598: Preview: Snippet 580 ended.(491520+163840x4711529).
<-><->
      
l.598 $\pi\equiv-1\pmod{3}$
                           
Not a real error.

[580]
./_6570_8BBA_57FA_7840note.md.tex:599: Preview: Snippet 581 started.
<-><->
      
l.599 $
       4p=4(a^{2}-3ab+9b^{2})=(2a-3b)^{2}+27b^{2}$
Not a real error.

./_6570_8BBA_57FA_7840note.md.tex:599: Preview: Snippet 581 ended.(533465+163840x12262492).
<-><->
      
l.599 $4p=4(a^{2}-3ab+9b^{2})=(2a-3b)^{2}+27b^{2}$
                                                  
Not a real error.

[581]
./_6570_8BBA_57FA_7840note.md.tex:600: Preview: Snippet 582 started.
<-><->
      
l.600 $
       a\equiv1\pmod{2}$
Not a real error.

./_6570_8BBA_57FA_7840note.md.tex:600: Preview: Snippet 582 ended.(491520+163840x4151133).
<-><->
      
l.600 $a\equiv1\pmod{2}$
                        
Not a real error.

[582]
./_6570_8BBA_57FA_7840note.md.tex:601: Preview: Snippet 583 started.
<-><->
      
l.601 $
       2|b$
Not a real error.

./_6570_8BBA_57FA_7840note.md.tex:601: Preview: Snippet 583 ended.(491520+163840x790984).
<-><->
      
l.601 $2|b$
           
Not a real error.

[583]
./_6570_8BBA_57FA_7840note.md.tex:602: Preview: Snippet 584 started.
<-><->
      
l.602 $
       \mathbb{Z}[i]$
Not a real error.

./_6570_8BBA_57FA_7840note.md.tex:602: Preview: Snippet 584 ended.(491520+163840x1026778).
<-><->
      
l.602 $\mathbb{Z}[i]$
                     
Not a real error.

[584]
./_6570_8BBA_57FA_7840note.md.tex:603: Preview: Snippet 585 started.
<-><->
      
l.603 $
       R:=\mathbb{Z}[i]$
Not a real error.

./_6570_8BBA_57FA_7840note.md.tex:603: Preview: Snippet 585 ended.(491520+163840x2585300).
<-><->
      
l.603 $R:=\mathbb{Z}[i]$
                        
Not a real error.

[585]
./_6570_8BBA_57FA_7840note.md.tex:604: Preview: Snippet 586 started.
<-><->
      
l.604 $
       i=\sqrt{ -1 }$
Not a real error.

./_6570_8BBA_57FA_7840note.md.tex:604: Preview: Snippet 586 ended.(567247+114325x2483128).
<-><->
      
l.604 $i=\sqrt{ -1 }$
                     
Not a real error.

[586]
./_6570_8BBA_57FA_7840note.md.tex:605: Preview: Snippet 587 started.
<-><->
      
l.605 $
       R$
Not a real error.

./_6570_8BBA_57FA_7840note.md.tex:605: Preview: Snippet 587 ended.(447828+0x502671).
<-><->
      
l.605 $R$
         
Not a real error.

[587]
./_6570_8BBA_57FA_7840note.md.tex:606: Preview: Snippet 588 started.
<-><->
      
l.606 $
       p$
Not a real error.

./_6570_8BBA_57FA_7840note.md.tex:606: Preview: Snippet 588 ended.(282168+127431x329728).
<-><->
      
l.606 $p$
         
Not a real error.

[588]
./_6570_8BBA_57FA_7840note.md.tex:607: Preview: Snippet 589 started.
<-><->
      
l.607 $
       p=2$
Not a real error.

./_6570_8BBA_57FA_7840note.md.tex:607: Preview: Snippet 589 ended.(422343+127431x1531215).
<-><->
      
l.607 $p=2$
           
Not a real error.

[589]
./_6570_8BBA_57FA_7840note.md.tex:608: Preview: Snippet 590 started.
<-><->
      
l.608 $
       1+i$
Not a real error.

./_6570_8BBA_57FA_7840note.md.tex:608: Preview: Snippet 590 ended.(432226+54613x1354451).
<-><->
      
l.608 $1+i$
           
Not a real error.

[590]
./_6570_8BBA_57FA_7840note.md.tex:609: Preview: Snippet 591 started.
<-><->
      
l.609 $
       2=(-1)(1+i)^{2}$
Not a real error.

./_6570_8BBA_57FA_7840note.md.tex:609: Preview: Snippet 591 ended.(533465+163840x4706800).
<-><->
      
l.609 $2=(-1)(1+i)^{2}$
                       
Not a real error.

[591]
./_6570_8BBA_57FA_7840note.md.tex:610: Preview: Snippet 592 started.
<-><->
      
l.610 $
       p\equiv1\pmod{4}$
Not a real error.

./_6570_8BBA_57FA_7840note.md.tex:610: Preview: Snippet 592 ended.(491520+163840x4134445).
<-><->
      
l.610 $p\equiv1\pmod{4}$
                        
Not a real error.

[592]
./_6570_8BBA_57FA_7840note.md.tex:611: Preview: Snippet 593 started.
<-><->
      
l.611 $
       \pi=x+yi \in \mathbb{Z}[i]$
Not a real error.

./_6570_8BBA_57FA_7840note.md.tex:611: Preview: Snippet 593 ended.(491520+163840x4844808).
<-><->
      
l.611 $\pi=x+yi \in \mathbb{Z}[i]$
                                  
Not a real error.

[593]
./_6570_8BBA_57FA_7840note.md.tex:612: Preview: Snippet 594 started.
<-><->
      
l.612 $
       p=\pi \cdot \overline{\pi}$
Not a real error.

./_6570_8BBA_57FA_7840note.md.tex:612: Preview: Snippet 594 ended.(413233+127431x2471015).
<-><->
      
l.612 $p=\pi \cdot \overline{\pi}$
                                  
Not a real error.

[594]
./_6570_8BBA_57FA_7840note.md.tex:613: Preview: Snippet 595 started.
<-><->
      
l.613 $
       p\equiv3\pmod{4}$
Not a real error.

./_6570_8BBA_57FA_7840note.md.tex:613: Preview: Snippet 595 ended.(491520+163840x4134445).
<-><->
      
l.613 $p\equiv3\pmod{4}$
                        
Not a real error.

[595]
./_6570_8BBA_57FA_7840note.md.tex:614: Preview: Snippet 596 started.
<-><->
      
l.614 $
       p$
Not a real error.

./_6570_8BBA_57FA_7840note.md.tex:614: Preview: Snippet 596 ended.(282168+127431x329728).
<-><->
      
l.614 $p$
         
Not a real error.

[596]
./_6570_8BBA_57FA_7840note.md.tex:615: Preview: Snippet 597 started.
<-><->
      
l.615 $
       \mathbb{Z}[i]$
Not a real error.

./_6570_8BBA_57FA_7840note.md.tex:615: Preview: Snippet 597 ended.(491520+163840x1026778).
<-><->
      
l.615 $\mathbb{Z}[i]$
                     
Not a real error.

[597]
./_6570_8BBA_57FA_7840note.md.tex:616: Preview: Snippet 598 started.
<-><->
      
l.616 $
       \mathbb{Z}[i]$
Not a real error.

./_6570_8BBA_57FA_7840note.md.tex:616: Preview: Snippet 598 ended.(491520+163840x1026778).
<-><->
      
l.616 $\mathbb{Z}[i]$
                     
Not a real error.

[598]
./_6570_8BBA_57FA_7840note.md.tex:617: Preview: Snippet 599 started.
<-><->
      
l.617 $
       \mathbb{Z}[i] / (1+i)\simeq \mathbb{Z} / \mathbb{Z}\cap(1+i)=\mathbb{...
Not a real error.

./_6570_8BBA_57FA_7840note.md.tex:617: Preview: Snippet 599 ended.(491520+163840x10289272).
<-><->
      
l.617 ...hbb{Z}\cap(1+i)=\mathbb{Z} / 2\mathbb{Z}$
                                                  
Not a real error.

[599]
./_6570_8BBA_57FA_7840note.md.tex:618: Preview: Snippet 600 started.
<-><->
      
l.618 $
       p=x^{2}+y^{2}$
Not a real error.

./_6570_8BBA_57FA_7840note.md.tex:618: Preview: Snippet 600 ended.(533465+127431x3311910).
<-><->
      
l.618 $p=x^{2}+y^{2}$
                     
Not a real error.

[600]
./_6570_8BBA_57FA_7840note.md.tex:619: Preview: Snippet 601 started.
<-><->
      
l.619 $
       gcd(x,y)=1$
Not a real error.

./_6570_8BBA_57FA_7840note.md.tex:619: Preview: Snippet 601 ended.(491520+163840x3682678).
<-><->
      
l.619 $gcd(x,y)=1$
                  
Not a real error.

[601]
./_6570_8BBA_57FA_7840note.md.tex:620: Preview: Snippet 602 started.
<-><->
      
l.620 $
       u,v \in \mathbb{Z}$
Not a real error.

./_6570_8BBA_57FA_7840note.md.tex:620: Preview: Snippet 602 ended.(451470+127431x2245512).
<-><->
      
l.620 $u,v \in \mathbb{Z}$
                          
Not a real error.

[602]
./_6570_8BBA_57FA_7840note.md.tex:621: Preview: Snippet 603 started.
<-><->
      
l.621 $
       ux+vy=1$
Not a real error.

./_6570_8BBA_57FA_7840note.md.tex:621: Preview: Snippet 603 ended.(422343+127431x3438204).
<-><->
      
l.621 $ux+vy=1$
               
Not a real error.

[603]
./_6570_8BBA_57FA_7840note.md.tex:622: Preview: Snippet 604 started.
<-><->
      
l.622 $
       a+bi-(x+yi)(u+vi)\in \mathbb{Z}$
Not a real error.

./_6570_8BBA_57FA_7840note.md.tex:622: Preview: Snippet 604 ended.(491520+163840x8202049).
<-><->
      
l.622 $a+bi-(x+yi)(u+vi)\in \mathbb{Z}$
                                       
Not a real error.

[604]
./_6570_8BBA_57FA_7840note.md.tex:623: Preview: Snippet 605 started.
<-><->
      
l.623 $
       \mathbb{Z}[i] / (x+yi)\simeq \mathbb{Z} / p\mathbb{Z}$
Not a real error.

./_6570_8BBA_57FA_7840note.md.tex:623: Preview: Snippet 605 ended.(491520+163840x6015366).
<-><->
      
l.623 ... / (x+yi)\simeq \mathbb{Z} / p\mathbb{Z}$
                                                  
Not a real error.

[605]
./_6570_8BBA_57FA_7840note.md.tex:624: Preview: Snippet 606 started.
<-><->
      
l.624 $
       \pi=x+yi$
Not a real error.

./_6570_8BBA_57FA_7840note.md.tex:624: Preview: Snippet 606 ended.(432226+127431x3017042).
<-><->
      
l.624 $\pi=x+yi$
                
Not a real error.

[606]
./_6570_8BBA_57FA_7840note.md.tex:625: Preview: Snippet 607 started.
<-><->
      
l.625 $
       \mathbb{Z}[i]$
Not a real error.

./_6570_8BBA_57FA_7840note.md.tex:625: Preview: Snippet 607 ended.(491520+163840x1026778).
<-><->
      
l.625 $\mathbb{Z}[i]$
                     
Not a real error.

[607]
./_6570_8BBA_57FA_7840note.md.tex:626: Preview: Snippet 608 started.
<-><->
      
l.626 $
       x^{2}+1$
Not a real error.

./_6570_8BBA_57FA_7840note.md.tex:626: Preview: Snippet 608 ended.(533465+54613x1797230).
<-><->
      
l.626 $x^{2}+1$
               
Not a real error.

[608]
./_6570_8BBA_57FA_7840note.md.tex:627: Preview: Snippet 609 started.
<-><->
      
l.627 $
       \mathbb{F}_{p}[x]$
Not a real error.

./_6570_8BBA_57FA_7840note.md.tex:627: Preview: Snippet 609 ended.(491520+187504x1442074).
<-><->
      
l.627 $\mathbb{F}_{p}[x]$
                         
Not a real error.

[609]
./_6570_8BBA_57FA_7840note.md.tex:628: Preview: Snippet 610 started.
<-><->
      
l.628 $
       \mathbb{Z}[i] / (p)$
Not a real error.

./_6570_8BBA_57FA_7840note.md.tex:628: Preview: Snippet 610 ended.(491520+163840x2193913).
<-><->
      
l.628 $\mathbb{Z}[i] / (p)$
                           
Not a real error.

[610]
./_6570_8BBA_57FA_7840note.md.tex:629: Preview: Snippet 611 started.
<-><->
      
l.629 $
       \pi$
Not a real error.

./_6570_8BBA_57FA_7840note.md.tex:629: Preview: Snippet 611 ended.(282168+0x397086).
<-><->
      
l.629 $\pi$
           
Not a real error.

[611]
./_6570_8BBA_57FA_7840note.md.tex:630: Preview: Snippet 612 started.
<-><->
      
l.630 $
       \mathbb{Z}[i]$
Not a real error.

./_6570_8BBA_57FA_7840note.md.tex:630: Preview: Snippet 612 ended.(491520+163840x1026778).
<-><->
      
l.630 $\mathbb{Z}[i]$
                     
Not a real error.

[612]
./_6570_8BBA_57FA_7840note.md.tex:631: Preview: Snippet 613 started.
<-><->
      
l.631 $
       \pi$
Not a real error.

./_6570_8BBA_57FA_7840note.md.tex:631: Preview: Snippet 613 ended.(282168+0x397086).
<-><->
      
l.631 $\pi$
           
Not a real error.

[613]
./_6570_8BBA_57FA_7840note.md.tex:632: Preview: Snippet 614 started.
<-><->
      
l.632 $
       1+i$
Not a real error.

./_6570_8BBA_57FA_7840note.md.tex:632: Preview: Snippet 614 ended.(432226+54613x1354451).
<-><->
      
l.632 $1+i$
           
Not a real error.

[614]
./_6570_8BBA_57FA_7840note.md.tex:633: Preview: Snippet 615 started.
<-><->
      
l.633 $
       4|N(\pi)-1$
Not a real error.

./_6570_8BBA_57FA_7840note.md.tex:633: Preview: Snippet 615 ended.(491520+163840x3143223).
<-><->
      
l.633 $4|N(\pi)-1$
                  
Not a real error.

[615]
./_6570_8BBA_57FA_7840note.md.tex:634: Preview: Snippet 616 started.
<-><->
      
l.634 $
       \alpha ^{\frac{N(\pi)-1}{4}}\equiv \eta \pmod{\pi}$
Not a real error.

./_6570_8BBA_57FA_7840note.md.tex:634: Preview: Snippet 616 ended.(713615+163840x6112383).
<-><->
      
l.634 ...frac{N(\pi)-1}{4}}\equiv \eta \pmod{\pi}$
                                                  
Not a real error.

[616]
./_6570_8BBA_57FA_7840note.md.tex:635: Preview: Snippet 617 started.
<-><->
      
l.635 $
       \eta \in \{ \pm1,\pm i \}$
Not a real error.

./_6570_8BBA_57FA_7840note.md.tex:635: Preview: Snippet 617 ended.(491520+163840x3669451).
<-><->
      
l.635 $\eta \in \{ \pm1,\pm i \}$
                                 
Not a real error.

[617]
./_6570_8BBA_57FA_7840note.md.tex:636: Preview: Snippet 618 started.
<-><->
      
l.636 $
       \left( \frac{\alpha}{\pi} \right)_{4} \in \{ \pm1,\ \pm i \}$
Not a real error.

./_6570_8BBA_57FA_7840note.md.tex:636: Preview: Snippet 618 ended.(557059+262147x4931677).
<-><->
      
l.636 ...{\pi} \right)_{4} \in \{ \pm1,\ \pm i \}$
                                                  
Not a real error.

[618]
./_6570_8BBA_57FA_7840note.md.tex:637: Preview: Snippet 619 started.
<-><->
      
l.637 $
       \pi$
Not a real error.

./_6570_8BBA_57FA_7840note.md.tex:637: Preview: Snippet 619 ended.(282168+0x397086).
<-><->
      
l.637 $\pi$
           
Not a real error.

[619]
./_6570_8BBA_57FA_7840note.md.tex:638: Preview: Snippet 620 started.
<-><->
      
l.638 $
       \mathbb{Z}[i]$
Not a real error.

./_6570_8BBA_57FA_7840note.md.tex:638: Preview: Snippet 620 ended.(491520+163840x1026778).
<-><->
      
l.638 $\mathbb{Z}[i]$
                     
Not a real error.

[620]
./_6570_8BBA_57FA_7840note.md.tex:639: Preview: Snippet 621 started.
<-><->
      
l.639 $
       \pi\equiv1\pmod{(1+i)^{3}}$
Not a real error.

./_6570_8BBA_57FA_7840note.md.tex:639: Preview: Snippet 621 ended.(533465+163840x6032302).
<-><->
      
l.639 $\pi\equiv1\pmod{(1+i)^{3}}$
                                  
Not a real error.

[621]
./_6570_8BBA_57FA_7840note.md.tex:640: Preview: Snippet 622 started.
<-><->
      
l.640 $
       \pi$
Not a real error.

./_6570_8BBA_57FA_7840note.md.tex:640: Preview: Snippet 622 ended.(282168+0x397086).
<-><->
      
l.640 $\pi$
           
Not a real error.

[622]
./_6570_8BBA_57FA_7840note.md.tex:641: Preview: Snippet 623 started.
<-><->
      
l.641 $
       \pi \not\sim1+i$
Not a real error.

./_6570_8BBA_57FA_7840note.md.tex:641: Preview: Snippet 623 ended.(455111+127430x2625343).
<-><->
      
l.641 $\pi \not\sim1+i$
                       
Not a real error.

[623]
./_6570_8BBA_57FA_7840note.md.tex:642: Preview: Snippet 624 started.
<-><->
      
l.642 $
       \pi \&\theta$
Not a real error.

./_6570_8BBA_57FA_7840note.md.tex:642: Preview: Snippet 624 ended.(455111+0x1232672).
<-><->
      
l.642 $\pi \&\theta$
                    
Not a real error.

[624]
./_6570_8BBA_57FA_7840note.md.tex:643: Preview: Snippet 625 started.
<-><->
      
l.643 $
       \pi \not\sim\theta$
Not a real error.

./_6570_8BBA_57FA_7840note.md.tex:643: Preview: Snippet 625 ended.(455111+127430x1596752).
<-><->
      
l.643 $\pi \not\sim\theta$
                          
Not a real error.

[625]
./_6570_8BBA_57FA_7840note.md.tex:644: Preview: Snippet 626 started.
<-><->
      
l.644 $
       \left( \frac{\theta}{\pi} \right)_{4}= \left( \frac{\pi}{\theta} \rig...
Not a real error.

./_6570_8BBA_57FA_7840note.md.tex:644: Preview: Snippet 626 ended.(713615+262147x9904467).
<-><->
      
l.644 ...-1)^{\frac{(N(\pi)-1)(N(\theta)-1)}{16}}$
                                                  
Not a real error.

[626]
./_6570_8BBA_57FA_7840note.md.tex:645: Preview: Snippet 627 started.
<-><->
      
l.645 $
       \left( \frac{1}{\pi} \right)_{4}=1^{- \frac{a-1}{2}}$
Not a real error.

./_6570_8BBA_57FA_7840note.md.tex:645: Preview: Snippet 627 ended.(659005+262147x4007872).
<-><->
      
l.645 ...{1}{\pi} \right)_{4}=1^{- \frac{a-1}{2}}$
                                                  
Not a real error.

[627]
./_6570_8BBA_57FA_7840note.md.tex:646: Preview: Snippet 628 started.
<-><->
      
l.646 $
       \left( \frac{1+i}{\pi} \right)_{4}=i^{\frac{a-b-1+b^{2}}{4}}$
Not a real error.

./_6570_8BBA_57FA_7840note.md.tex:646: Preview: Snippet 628 ended.(783957+262147x5385035).
<-><->
      
l.646 ...i} \right)_{4}=i^{\frac{a-b-1+b^{2}}{4}}$
                                                  
Not a real error.

[628]
./_6570_8BBA_57FA_7840note.md.tex:647: Preview: Snippet 629 started.
<-><->
      
l.647 $
       \pi=a+bi$
Not a real error.

./_6570_8BBA_57FA_7840note.md.tex:647: Preview: Snippet 629 ended.(455111+54613x2925336).
<-><->
      
l.647 $\pi=a+bi$
                
Not a real error.

[629]
./_6570_8BBA_57FA_7840note.md.tex:648: Preview: Snippet 630 started.
<-><->
      
l.648 $
       \pi$
Not a real error.

./_6570_8BBA_57FA_7840note.md.tex:648: Preview: Snippet 630 ended.(282168+0x397086).
<-><->
      
l.648 $\pi$
           
Not a real error.

[630]
./_6570_8BBA_57FA_7840note.md.tex:649: Preview: Snippet 631 started.
<-><->
      
l.649 $
       \mathbb{Z}[i]$
Not a real error.

./_6570_8BBA_57FA_7840note.md.tex:649: Preview: Snippet 631 ended.(491520+163840x1026778).
<-><->
      
l.649 $\mathbb{Z}[i]$
                     
Not a real error.

[631]
./_6570_8BBA_57FA_7840note.md.tex:650: Preview: Snippet 632 started.
<-><->
      
l.650 $
       \pi=a+bi$
Not a real error.

./_6570_8BBA_57FA_7840note.md.tex:650: Preview: Snippet 632 ended.(455111+54613x2925336).
<-><->
      
l.650 $\pi=a+bi$
                
Not a real error.

[632]
./_6570_8BBA_57FA_7840note.md.tex:651: Preview: Snippet 633 started.
<-><->
      
l.651 $
       \left( \frac{2}{\pi} \right)_{4}=i^{\frac{ab}{2}}$
Not a real error.

./_6570_8BBA_57FA_7840note.md.tex:651: Preview: Snippet 633 ended.(641496+262147x3125902).
<-><->
      
l.651 ...rac{2}{\pi} \right)_{4}=i^{\frac{ab}{2}}$
                                                  
Not a real error.

[633]
./_6570_8BBA_57FA_7840note.md.tex:652: Preview: Snippet 634 started.
<-><->
      
l.652 $
       p$
Not a real error.

./_6570_8BBA_57FA_7840note.md.tex:652: Preview: Snippet 634 ended.(282168+127431x329728).
<-><->
      
l.652 $p$
         
Not a real error.

[634]
./_6570_8BBA_57FA_7840note.md.tex:653: Preview: Snippet 635 started.
<-><->
      
l.653 $
       x,y \in \mathbb{Z}$
Not a real error.

./_6570_8BBA_57FA_7840note.md.tex:653: Preview: Snippet 635 ended.(451470+127431x2248545).
<-><->
      
l.653 $x,y \in \mathbb{Z}$
                          
Not a real error.

[635]
./_6570_8BBA_57FA_7840note.md.tex:654: Preview: Snippet 636 started.
<-><->
      
l.654 $
       p=x^{2}+64y^{2}$
Not a real error.

./_6570_8BBA_57FA_7840note.md.tex:654: Preview: Snippet 636 ended.(533465+127431x3967272).
<-><->
      
l.654 $p=x^{2}+64y^{2}$
                       
Not a real error.

[636]
./_6570_8BBA_57FA_7840note.md.tex:655: Preview: Snippet 637 started.
<-><->
      
l.655 $
       p\equiv1\pmod{4}$
Not a real error.

./_6570_8BBA_57FA_7840note.md.tex:655: Preview: Snippet 637 ended.(491520+163840x4134445).
<-><->
      
l.655 $p\equiv1\pmod{4}$
                        
Not a real error.

[637]
./_6570_8BBA_57FA_7840note.md.tex:656: Preview: Snippet 638 started.
<-><->
      
l.656 $
       2$
Not a real error.

./_6570_8BBA_57FA_7840note.md.tex:656: Preview: Snippet 638 ended.(422343+0x327681).
<-><->
      
l.656 $2$
         
Not a real error.

[638]
./_6570_8BBA_57FA_7840note.md.tex:657: Preview: Snippet 639 started.
<-><->
      
l.657 $
       p$
Not a real error.

./_6570_8BBA_57FA_7840note.md.tex:657: Preview: Snippet 639 ended.(282168+127431x329728).
<-><->
      
l.657 $p$
         
Not a real error.

[639]
./_6570_8BBA_57FA_7840note.md.tex:658: Preview: Snippet 640 started.
<-><->
      
l.658 $
       i^{ab/2}=i^{(a-b-1-b^{2})/2}\cdot i^{(a-1)/2}$
Not a real error.

./_6570_8BBA_57FA_7840note.md.tex:658: Preview: Snippet 640 ended.(646770+0x8492086).
<-><->
      
l.658 .../2}=i^{(a-b-1-b^{2})/2}\cdot i^{(a-1)/2}$
                                                  
Not a real error.

[640]
./_6570_8BBA_57FA_7840note.md.tex:659: Preview: Snippet 641 started.
<-><->
      
l.659 $
       8|2(a-1)-(b+b^{2})-ab$
Not a real error.

./_6570_8BBA_57FA_7840note.md.tex:659: Preview: Snippet 641 ended.(533465+163840x7219109).
<-><->
      
l.659 $8|2(a-1)-(b+b^{2})-ab$
                             
Not a real error.

[641]
./_6570_8BBA_57FA_7840note.md.tex:660: Preview: Snippet 642 started.
<-><->
      
l.660 $
       \pi$
Not a real error.

./_6570_8BBA_57FA_7840note.md.tex:660: Preview: Snippet 642 ended.(282168+0x397086).
<-><->
      
l.660 $\pi$
           
Not a real error.

[642]
./_6570_8BBA_57FA_7840note.md.tex:661: Preview: Snippet 643 started.
<-><->
      
l.661 $
       a=1+2u,\ b=2v,\ 2|u+v$
Not a real error.

./_6570_8BBA_57FA_7840note.md.tex:661: Preview: Snippet 643 ended.(491520+163840x7922067).
<-><->
      
l.661 $a=1+2u,\ b=2v,\ 2|u+v$
                             
Not a real error.

[643]
./_6570_8BBA_57FA_7840note.md.tex:662: Preview: Snippet 644 started.
<-><->
      
l.662 $
       p=x^{2}+64y^{2}$
Not a real error.

./_6570_8BBA_57FA_7840note.md.tex:662: Preview: Snippet 644 ended.(533465+127431x3967272).
<-><->
      
l.662 $p=x^{2}+64y^{2}$
                       
Not a real error.

[644]
./_6570_8BBA_57FA_7840note.md.tex:663: Preview: Snippet 645 started.
<-><->
      
l.663 $
       8|b$
Not a real error.

./_6570_8BBA_57FA_7840note.md.tex:663: Preview: Snippet 645 ended.(491520+163840x790984).
<-><->
      
l.663 $8|b$
           
Not a real error.

[645]
./_6570_8BBA_57FA_7840note.md.tex:664: Preview: Snippet 646 started.
<-><->
      
l.664 $
       \left( \frac{2}{\pi} \right)_{4}=1$
Not a real error.

./_6570_8BBA_57FA_7840note.md.tex:664: Preview: Snippet 646 ended.(557059+262147x2576453).
<-><->
      
l.664 $\left( \frac{2}{\pi} \right)_{4}=1$
                                          
Not a real error.

[646]
./_6570_8BBA_57FA_7840note.md.tex:665: Preview: Snippet 647 started.
<-><->
      
l.665 $
       t^{4}-2$
Not a real error.

./_6570_8BBA_57FA_7840note.md.tex:665: Preview: Snippet 647 ended.(533465+54613x1659332).
<-><->
      
l.665 $t^{4}-2$
               
Not a real error.

[647]
./_6570_8BBA_57FA_7840note.md.tex:666: Preview: Snippet 648 started.
<-><->
      
l.666 $
       \mathbb{F}_{p}$
Not a real error.

./_6570_8BBA_57FA_7840note.md.tex:666: Preview: Snippet 648 ended.(451470+187504x703428).
<-><->
      
l.666 $\mathbb{F}_{p}$
                      
Not a real error.

[648]
./_6570_8BBA_57FA_7840note.md.tex:667: Preview: Snippet 649 started.
<-><->
      
l.667 $
       p=x^{2}+ny^{2}$
Not a real error.

./_6570_8BBA_57FA_7840note.md.tex:667: Preview: Snippet 649 ended.(533465+127431x3705280).
<-><->
      
l.667 $p=x^{2}+ny^{2}$
                      
Not a real error.

[649]
./_6570_8BBA_57FA_7840note.md.tex:668: Preview: Snippet 650 started.
<-><->
      
l.668 $
       n>0$
Not a real error.

./_6570_8BBA_57FA_7840note.md.tex:668: Preview: Snippet 650 ended.(422343+25623x1594857).
<-><->
      
l.668 $n>0$
           
Not a real error.

[650]
./_6570_8BBA_57FA_7840note.md.tex:669: Preview: Snippet 651 started.
<-><->
      
l.669 $
       n\not\equiv3\pmod{4}$
Not a real error.

./_6570_8BBA_57FA_7840note.md.tex:669: Preview: Snippet 651 ended.(491520+163840x4198087).
<-><->
      
l.669 $n\not\equiv3\pmod{4}$
                            
Not a real error.

[651]
./_6570_8BBA_57FA_7840note.md.tex:670: Preview: Snippet 652 started.
<-><->
      
l.670 $
       f_{n}(x)\in \mathbb{Z}[x]$
Not a real error.

./_6570_8BBA_57FA_7840note.md.tex:670: Preview: Snippet 652 ended.(491520+163840x3538413).
<-><->
      
l.670 $f_{n}(x)\in \mathbb{Z}[x]$
                                 
Not a real error.

[652]
./_6570_8BBA_57FA_7840note.md.tex:671: Preview: Snippet 653 started.
<-><->
      
l.671 $
       h(-4n)$
Not a real error.

./_6570_8BBA_57FA_7840note.md.tex:671: Preview: Snippet 653 ended.(491520+163840x2118094).
<-><->
      
l.671 $h(-4n)$
              
Not a real error.

[653]
./_6570_8BBA_57FA_7840note.md.tex:672: Preview: Snippet 654 started.
<-><->
      
l.672 $
       p$
Not a real error.

./_6570_8BBA_57FA_7840note.md.tex:672: Preview: Snippet 654 ended.(282168+127431x329728).
<-><->
      
l.672 $p$
         
Not a real error.

[654]
./_6570_8BBA_57FA_7840note.md.tex:673: Preview: Snippet 655 started.
<-><->
      
l.673 $
       n$
Not a real error.

./_6570_8BBA_57FA_7840note.md.tex:673: Preview: Snippet 655 ended.(282168+0x393370).
<-><->
      
l.673 $n$
         
Not a real error.

[655]
./_6570_8BBA_57FA_7840note.md.tex:674: Preview: Snippet 656 started.
<-><->
      
l.674 $
       f_{n}(x)$
Not a real error.

./_6570_8BBA_57FA_7840note.md.tex:674: Preview: Snippet 656 ended.(491520+163840x1561871).
<-><->
      
l.674 $f_{n}(x)$
                
Not a real error.

[656]
./_6570_8BBA_57FA_7840note.md.tex:675: Preview: Snippet 657 started.
<-><->
      
l.675 $
       \exists x,y \in \mathbb{Z}$
Not a real error.

./_6570_8BBA_57FA_7840note.md.tex:675: Preview: Snippet 657 ended.(455111+127431x2612635).
<-><->
      
l.675 $\exists x,y \in \mathbb{Z}$
                                  
Not a real error.

[657]
./_6570_8BBA_57FA_7840note.md.tex:676: Preview: Snippet 658 started.
<-><->
      
l.676 $
       p=x^{2}+ny^{2}$
Not a real error.

./_6570_8BBA_57FA_7840note.md.tex:676: Preview: Snippet 658 ended.(533465+127431x3705280).
<-><->
      
l.676 $p=x^{2}+ny^{2}$
                      
Not a real error.

[658]
./_6570_8BBA_57FA_7840note.md.tex:677: Preview: Snippet 659 started.
<-><->
      
l.677 $
       \Longleftrightarrow$
Not a real error.

./_6570_8BBA_57FA_7840note.md.tex:677: Preview: Snippet 659 ended.(240435+0x1201498).
<-><->
      
l.677 $\Longleftrightarrow$
                           
Not a real error.

[659]
./_6570_8BBA_57FA_7840note.md.tex:678: Preview: Snippet 660 started.
<-><->
      
l.678 $
       \left( \frac{-n}{p} \right)=1$
Not a real error.

./_6570_8BBA_57FA_7840note.md.tex:678: Preview: Snippet 660 ended.(753669+425990x2875132).
<-><->
      
l.678 $\left( \frac{-n}{p} \right)=1$
                                     
Not a real error.

[660]
./_6570_8BBA_57FA_7840note.md.tex:679: Preview: Snippet 661 started.
<-><->
      
l.679 $
       f_{n}(x)\equiv0\pmod{p}$
Not a real error.

./_6570_8BBA_57FA_7840note.md.tex:679: Preview: Snippet 661 ended.(491520+163840x5368635).
<-><->
      
l.679 $f_{n}(x)\equiv0\pmod{p}$
                               
Not a real error.

[661]
./_6570_8BBA_57FA_7840note.md.tex:680: Preview: Snippet 662 started.
<-><->
      
l.680 $
       f_{n}(x)$
Not a real error.

./_6570_8BBA_57FA_7840note.md.tex:680: Preview: Snippet 662 ended.(491520+163840x1561871).
<-><->
      
l.680 $f_{n}(x)$
                
Not a real error.

[662]
./_6570_8BBA_57FA_7840note.md.tex:681: Preview: Snippet 663 started.
<-><->
      
l.681 $
       \alpha$
Not a real error.

./_6570_8BBA_57FA_7840note.md.tex:681: Preview: Snippet 663 ended.(282168+0x421661).
<-><->
      
l.681 $\alpha$
              
Not a real error.

[663]
./_6570_8BBA_57FA_7840note.md.tex:682: Preview: Snippet 664 started.
<-><->
      
l.682 $
       L=K(\alpha)$
Not a real error.

./_6570_8BBA_57FA_7840note.md.tex:682: Preview: Snippet 664 ended.(491520+163840x2854680).
<-><->
      
l.682 $L=K(\alpha)$
                   
Not a real error.

[664]
./_6570_8BBA_57FA_7840note.md.tex:683: Preview: Snippet 665 started.
<-><->
      
l.683 $
       K=\mathbb{Q}(\sqrt{ -n })$
Not a real error.

./_6570_8BBA_57FA_7840note.md.tex:683: Preview: Snippet 665 ended.(547222+163840x3945966).
<-><->
      
l.683 $K=\mathbb{Q}(\sqrt{ -n })$
                                 
Not a real error.

[665]
 ***********
LaTeX2e <2024-11-01> patch level 2
L3 programming layer <2025-01-18>
 ***********
 ) 
Here is how much of TeX's memory you used:
 12580 strings out of 473834
 273103 string characters out of 5750454
 648257 words of memory out of 5000000
 36646 multiletter control sequences out of 15000+600000
 568306 words of font info for 57 fonts, out of 8000000 for 9000
 14 hyphenation exceptions out of 8191
 125i,11n,127p,536b,156s stack positions out of 10000i,1000n,20000p,200000b,200000s
</usr/share/texmf-dist/fonts/type1/public/amsfonts/cm/cmex10.pfb></usr/share/texmf-dist/fonts/type1/public/amsfonts/cm/cmmi10.pfb></usr/share/texmf-dist/fonts/type1/public/amsfonts/cm/cmmi5.pfb></usr/share/texmf-dist/fonts/type1/public/amsfonts/cm/cmmi7.pfb></usr/share/texmf-dist/fonts/type1/public/amsfonts/cm/cmr10.pfb></usr/share/texmf-dist/fonts/type1/public/amsfonts/cm/cmr5.pfb></usr/share/texmf-dist/fonts/type1/public/amsfonts/cm/cmr7.pfb></usr/share/texmf-dist/fonts/type1/public/amsfonts/cm/cmsy10.pfb></usr/share/texmf-dist/fonts/type1/public/amsfonts/cm/cmsy5.pfb></usr/share/texmf-dist/fonts/type1/public/amsfonts/cm/cmsy7.pfb></usr/share/texmf-dist/fonts/type1/public/amsfonts/euler/eufm10.pfb></usr/share/texmf-dist/fonts/type1/public/amsfonts/symbols/msam10.pfb></usr/share/texmf-dist/fonts/type1/public/amsfonts/symbols/msbm10.pfb></usr/share/texmf-dist/fonts/type1/public/cm-super/sfrm1000.pfb>
Output written on _6570_8BBA_57FA_7840note.md.pdf (665 pages, 302720 bytes).
PDF statistics:
 2223 PDF objects out of 2487 (max. 8388607)
 1512 compressed objects within 16 object streams
 0 named destinations out of 1000 (max. 500000)
 13 words of extra memory for PDF output out of 10000 (max. 10000000)

