This is pdfTeX, Version 3.141592653-2.6-1.40.27 (TeX Live 2026/dev/Arch Linux) (preloaded format=prv__9AD8_7B49_4EE3_65702_20note.md 2025.10.26)  26 OCT 2025 17:00
entering extended mode
 restricted \write18 enabled.
 file:line:error style messages enabled.
 %&-line parsing enabled.
**&prv__9AD8_7B49_4EE3_65702_20note.md /AUCTEXINPUT{ _9AD8_7B49_4EE3_65702_20note.md.tex }
(./_9AD8_7B49_4EE3_65702_20note.md.tex (/usr/share/texmf-dist/tex/latex/l3backend/l3backend-pdftex.def
File: l3backend-pdftex.def 2024-05-08 L3 backend support: PDF output (pdfTeX)
\l__color_backend_stack_int=\count282
\l__pdf_internal_box=\box54
)
No file _9AD8_7B49_4EE3_65702_20note.md.aux.
LaTeX Font Info:    Checking defaults for OML/cmm/m/it on input line 5.
LaTeX Font Info:    ... okay on input line 5.
LaTeX Font Info:    Checking defaults for OMS/cmsy/m/n on input line 5.
LaTeX Font Info:    ... okay on input line 5.
LaTeX Font Info:    Checking defaults for OT1/cmr/m/n on input line 5.
LaTeX Font Info:    ... okay on input line 5.
LaTeX Font Info:    Checking defaults for T1/cmr/m/n on input line 5.
LaTeX Font Info:    ... okay on input line 5.
LaTeX Font Info:    Checking defaults for TS1/cmr/m/n on input line 5.
LaTeX Font Info:    ... okay on input line 5.
LaTeX Font Info:    Checking defaults for OMX/cmex/m/n on input line 5.
LaTeX Font Info:    ... okay on input line 5.
LaTeX Font Info:    Checking defaults for U/cmr/m/n on input line 5.
LaTeX Font Info:    ... okay on input line 5.
(/home/galoistom/.emacs.d/elpa/auctex-14.1.0/latex/preview.sty
Package: preview 2024/06/30 14.0.6 (AUCTeX/preview-latex)
 (/usr/share/texmf-dist/tex/generic/luatex85/luatex85.sty
Package: luatex85 2016/06/15 v1.4 pdftex aliases for luatex
) (/home/galoistom/.emacs.d/elpa/auctex-14.1.0/latex/prtightpage.def
\PreviewBorder=\dimen151
) (/home/galoistom/.emacs.d/elpa/auctex-14.1.0/latex/prauctex.def
No auxiliary output files.


\hbadness=\count283
\hfuzz=\dimen152
(/home/galoistom/.emacs.d/elpa/auctex-14.1.0/latex/prauctex.cfg)) (/home/galoistom/.emacs.d/elpa/auctex-14.1.0/latex/prfootnotes.def)
\pr@snippet=\count284
\pr@box=\box55
\pr@output=\toks24

Preview: Fontsize 10pt
Preview: PDFoutput 1
) (/usr/share/texmf-dist/tex/latex/tikz-cd/tikz-cd.sty
Package: tikz-cd 2021/05/04 v1.0 Commutative diagrams with TikZ
 (/usr/share/texmf-dist/tex/latex/pgf/frontendlayer/tikz.sty (/usr/share/texmf-dist/tex/latex/pgf/basiclayer/pgf.sty (/usr/share/texmf-dist/tex/latex/pgf/utilities/pgfrcs.sty (/usr/share/texmf-dist/tex/generic/pgf/utilities/pgfutil-common.tex
\pgfutil@everybye=\toks25
\pgfutil@tempdima=\dimen153
\pgfutil@tempdimb=\dimen154
) (/usr/share/texmf-dist/tex/generic/pgf/utilities/pgfutil-latex.def
\pgfutil@abb=\box56
) (/usr/share/texmf-dist/tex/generic/pgf/utilities/pgfrcs.code.tex (/usr/share/texmf-dist/tex/generic/pgf/pgf.revision.tex)
Package: pgfrcs 2023-01-15 v3.1.10 (3.1.10)
))
Package: pgf 2023-01-15 v3.1.10 (3.1.10)
 (/usr/share/texmf-dist/tex/latex/pgf/basiclayer/pgfcore.sty (/usr/share/texmf-dist/tex/latex/graphics/graphicx.sty
Package: graphicx 2021/09/16 v1.2d Enhanced LaTeX Graphics (DPC,SPQR)
 (/usr/share/texmf-dist/tex/latex/graphics/keyval.sty
Package: keyval 2022/05/29 v1.15 key=value parser (DPC)
\KV@toks@=\toks26
) (/usr/share/texmf-dist/tex/latex/graphics/graphics.sty
Package: graphics 2024/08/06 v1.4g Standard LaTeX Graphics (DPC,SPQR)
 (/usr/share/texmf-dist/tex/latex/graphics/trig.sty
Package: trig 2023/12/02 v1.11 sin cos tan (DPC)
) (/usr/share/texmf-dist/tex/latex/graphics-cfg/graphics.cfg
File: graphics.cfg 2016/06/04 v1.11 sample graphics configuration
)
Package graphics Info: Driver file: pdftex.def on input line 106.
 (/usr/share/texmf-dist/tex/latex/graphics-def/pdftex.def
File: pdftex.def 2024/04/13 v1.2c Graphics/color driver for pdftex
 (/usr/share/texmf-dist/tex/context/base/mkii/supp-pdf.mkii
[Loading MPS to PDF converter (version 2006.09.02).]
\scratchcounter=\count285
\scratchdimen=\dimen155
\scratchbox=\box57
\nofMPsegments=\count286
\nofMParguments=\count287
\everyMPshowfont=\toks27
\MPscratchCnt=\count288
\MPscratchDim=\dimen156
\MPnumerator=\count289
\makeMPintoPDFobject=\count290
\everyMPtoPDFconversion=\toks28
))) (/usr/share/texmf-dist/tex/latex/epstopdf-pkg/epstopdf-base.sty
Package: epstopdf-base 2020-01-24 v2.11 Base part for package epstopdf
Package epstopdf-base Info: Redefining graphics rule for `.eps' on input line 485.
 (/usr/share/texmf-dist/tex/latex/latexconfig/epstopdf-sys.cfg
File: epstopdf-sys.cfg 2010/07/13 v1.3 Configuration of (r)epstopdf for TeX Live
))
\Gin@req@height=\dimen157
\Gin@req@width=\dimen158
) (/usr/share/texmf-dist/tex/latex/pgf/systemlayer/pgfsys.sty (/usr/share/texmf-dist/tex/generic/pgf/systemlayer/pgfsys.code.tex
Package: pgfsys 2023-01-15 v3.1.10 (3.1.10)
 (/usr/share/texmf-dist/tex/generic/pgf/utilities/pgfkeys.code.tex
\pgfkeys@pathtoks=\toks29
\pgfkeys@temptoks=\toks30
 (/usr/share/texmf-dist/tex/generic/pgf/utilities/pgfkeyslibraryfiltered.code.tex
\pgfkeys@tmptoks=\toks31
))
\pgf@x=\dimen159
\pgf@y=\dimen160
\pgf@xa=\dimen161
\pgf@ya=\dimen162
\pgf@xb=\dimen163
\pgf@yb=\dimen164
\pgf@xc=\dimen165
\pgf@yc=\dimen166
\pgf@xd=\dimen167
\pgf@yd=\dimen168
\w@pgf@writea=\write3
\r@pgf@reada=\read2
\c@pgf@counta=\count291
\c@pgf@countb=\count292
\c@pgf@countc=\count293
\c@pgf@countd=\count294
\t@pgf@toka=\toks32
\t@pgf@tokb=\toks33
\t@pgf@tokc=\toks34
\pgf@sys@id@count=\count295
 (/usr/share/texmf-dist/tex/generic/pgf/systemlayer/pgf.cfg
File: pgf.cfg 2023-01-15 v3.1.10 (3.1.10)
)
Driver file for pgf: pgfsys-pdftex.def
 (/usr/share/texmf-dist/tex/generic/pgf/systemlayer/pgfsys-pdftex.def
File: pgfsys-pdftex.def 2023-01-15 v3.1.10 (3.1.10)
 (/usr/share/texmf-dist/tex/generic/pgf/systemlayer/pgfsys-common-pdf.def
File: pgfsys-common-pdf.def 2023-01-15 v3.1.10 (3.1.10)
))) (/usr/share/texmf-dist/tex/generic/pgf/systemlayer/pgfsyssoftpath.code.tex
File: pgfsyssoftpath.code.tex 2023-01-15 v3.1.10 (3.1.10)
\pgfsyssoftpath@smallbuffer@items=\count296
\pgfsyssoftpath@bigbuffer@items=\count297
) (/usr/share/texmf-dist/tex/generic/pgf/systemlayer/pgfsysprotocol.code.tex
File: pgfsysprotocol.code.tex 2023-01-15 v3.1.10 (3.1.10)
)) (/usr/share/texmf-dist/tex/latex/xcolor/xcolor.sty
Package: xcolor 2024/09/29 v3.02 LaTeX color extensions (UK)
 (/usr/share/texmf-dist/tex/latex/graphics-cfg/color.cfg
File: color.cfg 2016/01/02 v1.6 sample color configuration
)
Package xcolor Info: Driver file: pdftex.def on input line 274.
 (/usr/share/texmf-dist/tex/latex/graphics/mathcolor.ltx)
Package xcolor Info: Model `cmy' substituted by `cmy0' on input line 1349.
Package xcolor Info: Model `hsb' substituted by `rgb' on input line 1353.
Package xcolor Info: Model `RGB' extended on input line 1365.
Package xcolor Info: Model `HTML' substituted by `rgb' on input line 1367.
Package xcolor Info: Model `Hsb' substituted by `hsb' on input line 1368.
Package xcolor Info: Model `tHsb' substituted by `hsb' on input line 1369.
Package xcolor Info: Model `HSB' substituted by `hsb' on input line 1370.
Package xcolor Info: Model `Gray' substituted by `gray' on input line 1371.
Package xcolor Info: Model `wave' substituted by `hsb' on input line 1372.
) (/usr/share/texmf-dist/tex/generic/pgf/basiclayer/pgfcore.code.tex
Package: pgfcore 2023-01-15 v3.1.10 (3.1.10)

(/usr/share/texmf-dist/tex/generic/pgf/math/pgfmath.code.tex (/usr/share/texmf-dist/tex/generic/pgf/math/pgfmathutil.code.tex) (/usr/share/texmf-dist/tex/generic/pgf/math/pgfmathparser.code.tex
\pgfmath@dimen=\dimen169
\pgfmath@count=\count298
\pgfmath@box=\box58
\pgfmath@toks=\toks35
\pgfmath@stack@operand=\toks36
\pgfmath@stack@operation=\toks37
) (/usr/share/texmf-dist/tex/generic/pgf/math/pgfmathfunctions.code.tex) (/usr/share/texmf-dist/tex/generic/pgf/math/pgfmathfunctions.basic.code.tex) (/usr/share/texmf-dist/tex/generic/pgf/math/pgfmathfunctions.trigonometric.code.tex) (/usr/share/texmf-dist/tex/generic/pgf/math/pgfmathfunctions.random.code.tex) (/usr/share/texmf-dist/tex/generic/pgf/math/pgfmathfunctions.comparison.code.tex) (/usr/share/texmf-dist/tex/generic/pgf/math/pgfmathfunctions.base.code.tex) (/usr/share/texmf-dist/tex/generic/pgf/math/pgfmathfunctions.round.code.tex) (/usr/share/texmf-dist/tex/generic/pgf/math/pgfmathfunctions.misc.code.tex) (/usr/share/texmf-dist/tex/generic/pgf/math/pgfmathfunctions.integerarithmetics.code.tex) (/usr/share/texmf-dist/tex/generic/pgf/math/pgfmathcalc.code.tex)
(/usr/share/texmf-dist/tex/generic/pgf/math/pgfmathfloat.code.tex
\c@pgfmathroundto@lastzeros=\count299
)) (/usr/share/texmf-dist/tex/generic/pgf/math/pgfint.code.tex) (/usr/share/texmf-dist/tex/generic/pgf/basiclayer/pgfcorepoints.code.tex
File: pgfcorepoints.code.tex 2023-01-15 v3.1.10 (3.1.10)
\pgf@picminx=\dimen170
\pgf@picmaxx=\dimen171
\pgf@picminy=\dimen172
\pgf@picmaxy=\dimen173
\pgf@pathminx=\dimen174
\pgf@pathmaxx=\dimen175
\pgf@pathminy=\dimen176
\pgf@pathmaxy=\dimen177
\pgf@xx=\dimen178
\pgf@xy=\dimen179
\pgf@yx=\dimen180
\pgf@yy=\dimen181
\pgf@zx=\dimen182
\pgf@zy=\dimen183
) (/usr/share/texmf-dist/tex/generic/pgf/basiclayer/pgfcorepathconstruct.code.tex
File: pgfcorepathconstruct.code.tex 2023-01-15 v3.1.10 (3.1.10)
\pgf@path@lastx=\dimen184
\pgf@path@lasty=\dimen185
) (/usr/share/texmf-dist/tex/generic/pgf/basiclayer/pgfcorepathusage.code.tex
File: pgfcorepathusage.code.tex 2023-01-15 v3.1.10 (3.1.10)
\pgf@shorten@end@additional=\dimen186
\pgf@shorten@start@additional=\dimen187
) (/usr/share/texmf-dist/tex/generic/pgf/basiclayer/pgfcorescopes.code.tex
File: pgfcorescopes.code.tex 2023-01-15 v3.1.10 (3.1.10)
\pgfpic=\box59
\pgf@hbox=\box60
\pgf@layerbox@main=\box61
\pgf@picture@serial@count=\count300
) (/usr/share/texmf-dist/tex/generic/pgf/basiclayer/pgfcoregraphicstate.code.tex
File: pgfcoregraphicstate.code.tex 2023-01-15 v3.1.10 (3.1.10)
\pgflinewidth=\dimen188
) (/usr/share/texmf-dist/tex/generic/pgf/basiclayer/pgfcoretransformations.code.tex
File: pgfcoretransformations.code.tex 2023-01-15 v3.1.10 (3.1.10)
\pgf@pt@x=\dimen189
\pgf@pt@y=\dimen190
\pgf@pt@temp=\dimen191
) (/usr/share/texmf-dist/tex/generic/pgf/basiclayer/pgfcorequick.code.tex
File: pgfcorequick.code.tex 2023-01-15 v3.1.10 (3.1.10)
) (/usr/share/texmf-dist/tex/generic/pgf/basiclayer/pgfcoreobjects.code.tex
File: pgfcoreobjects.code.tex 2023-01-15 v3.1.10 (3.1.10)
) (/usr/share/texmf-dist/tex/generic/pgf/basiclayer/pgfcorepathprocessing.code.tex
File: pgfcorepathprocessing.code.tex 2023-01-15 v3.1.10 (3.1.10)
) (/usr/share/texmf-dist/tex/generic/pgf/basiclayer/pgfcorearrows.code.tex
File: pgfcorearrows.code.tex 2023-01-15 v3.1.10 (3.1.10)
\pgfarrowsep=\dimen192
) (/usr/share/texmf-dist/tex/generic/pgf/basiclayer/pgfcoreshade.code.tex
File: pgfcoreshade.code.tex 2023-01-15 v3.1.10 (3.1.10)
\pgf@max=\dimen193
\pgf@sys@shading@range@num=\count301
\pgf@shadingcount=\count302
)
(/usr/share/texmf-dist/tex/generic/pgf/basiclayer/pgfcoreimage.code.tex
File: pgfcoreimage.code.tex 2023-01-15 v3.1.10 (3.1.10)
) (/usr/share/texmf-dist/tex/generic/pgf/basiclayer/pgfcoreexternal.code.tex
File: pgfcoreexternal.code.tex 2023-01-15 v3.1.10 (3.1.10)
\pgfexternal@startupbox=\box62
) (/usr/share/texmf-dist/tex/generic/pgf/basiclayer/pgfcorelayers.code.tex
File: pgfcorelayers.code.tex 2023-01-15 v3.1.10 (3.1.10)
) (/usr/share/texmf-dist/tex/generic/pgf/basiclayer/pgfcoretransparency.code.tex
File: pgfcoretransparency.code.tex 2023-01-15 v3.1.10 (3.1.10)
) (/usr/share/texmf-dist/tex/generic/pgf/basiclayer/pgfcorepatterns.code.tex
File: pgfcorepatterns.code.tex 2023-01-15 v3.1.10 (3.1.10)
) (/usr/share/texmf-dist/tex/generic/pgf/basiclayer/pgfcorerdf.code.tex
File: pgfcorerdf.code.tex 2023-01-15 v3.1.10 (3.1.10)
))) (/usr/share/texmf-dist/tex/generic/pgf/modules/pgfmoduleshapes.code.tex
File: pgfmoduleshapes.code.tex 2023-01-15 v3.1.10 (3.1.10)
\pgfnodeparttextbox=\box63
) (/usr/share/texmf-dist/tex/generic/pgf/modules/pgfmoduleplot.code.tex
File: pgfmoduleplot.code.tex 2023-01-15 v3.1.10 (3.1.10)
) (/usr/share/texmf-dist/tex/latex/pgf/compatibility/pgfcomp-version-0-65.sty
Package: pgfcomp-version-0-65 2023-01-15 v3.1.10 (3.1.10)
\pgf@nodesepstart=\dimen194
\pgf@nodesepend=\dimen195
) (/usr/share/texmf-dist/tex/latex/pgf/compatibility/pgfcomp-version-1-18.sty
Package: pgfcomp-version-1-18 2023-01-15 v3.1.10 (3.1.10)
)) (/usr/share/texmf-dist/tex/latex/pgf/utilities/pgffor.sty (/usr/share/texmf-dist/tex/latex/pgf/utilities/pgfkeys.sty (/usr/share/texmf-dist/tex/generic/pgf/utilities/pgfkeys.code.tex)) (/usr/share/texmf-dist/tex/latex/pgf/math/pgfmath.sty
(/usr/share/texmf-dist/tex/generic/pgf/math/pgfmath.code.tex)) (/usr/share/texmf-dist/tex/generic/pgf/utilities/pgffor.code.tex
Package: pgffor 2023-01-15 v3.1.10 (3.1.10)
\pgffor@iter=\dimen196
\pgffor@skip=\dimen197
\pgffor@stack=\toks38
\pgffor@toks=\toks39
)) (/usr/share/texmf-dist/tex/generic/pgf/frontendlayer/tikz/tikz.code.tex
Package: tikz 2023-01-15 v3.1.10 (3.1.10)
 (/usr/share/texmf-dist/tex/generic/pgf/libraries/pgflibraryplothandlers.code.tex
File: pgflibraryplothandlers.code.tex 2023-01-15 v3.1.10 (3.1.10)
\pgf@plot@mark@count=\count303
\pgfplotmarksize=\dimen198
)
\tikz@lastx=\dimen199
\tikz@lasty=\dimen256
\tikz@lastxsaved=\dimen257
\tikz@lastysaved=\dimen258
\tikz@lastmovetox=\dimen259
\tikz@lastmovetoy=\dimen260
\tikzleveldistance=\dimen261
\tikzsiblingdistance=\dimen262
\tikz@figbox=\box64
\tikz@figbox@bg=\box65
\tikz@tempbox=\box66
\tikz@tempbox@bg=\box67
\tikztreelevel=\count304
\tikznumberofchildren=\count305
\tikznumberofcurrentchild=\count306
\tikz@fig@count=\count307
 (/usr/share/texmf-dist/tex/generic/pgf/modules/pgfmodulematrix.code.tex
File: pgfmodulematrix.code.tex 2023-01-15 v3.1.10 (3.1.10)
\pgfmatrixcurrentrow=\count308
\pgfmatrixcurrentcolumn=\count309
\pgf@matrix@numberofcolumns=\count310
)
\tikz@expandcount=\count311
 (/usr/share/texmf-dist/tex/generic/pgf/frontendlayer/tikz/libraries/tikzlibrarytopaths.code.tex
File: tikzlibrarytopaths.code.tex 2023-01-15 v3.1.10 (3.1.10)
))) (/usr/share/texmf-dist/tex/generic/tikz-cd/tikzlibrarycd.code.tex (/usr/share/texmf-dist/tex/generic/pgf/frontendlayer/tikz/libraries/tikzlibrarymatrix.code.tex
File: tikzlibrarymatrix.code.tex 2023-01-15 v3.1.10 (3.1.10)
) (/usr/share/texmf-dist/tex/generic/pgf/frontendlayer/tikz/libraries/tikzlibraryquotes.code.tex
File: tikzlibraryquotes.code.tex 2023-01-15 v3.1.10 (3.1.10)
) (/usr/share/texmf-dist/tex/generic/pgf/libraries/pgflibraryarrows.meta.code.tex
File: pgflibraryarrows.meta.code.tex 2023-01-15 v3.1.10 (3.1.10)
\pgfarrowinset=\dimen263
\pgfarrowlength=\dimen264
\pgfarrowwidth=\dimen265
\pgfarrowlinewidth=\dimen266
)))
./_9AD8_7B49_4EE3_65702_20note.md.tex:6: Preview: Snippet 1 started.
<-><->
      
l.6 $
     T:V \rightarrow W$
Not a real error.

Preview: Tightpage -32891 -32891 32891 32891
./_9AD8_7B49_4EE3_65702_20note.md.tex:6: Preview: Snippet 1 ended.(447828+0x3277468).
<-><->
      
l.6 $T:V \rightarrow W$
                       
Not a real error.

[1{/var/lib/texmf/fonts/map/pdftex/updmap/pdftex.map}]
./_9AD8_7B49_4EE3_65702_20note.md.tex:7: Preview: Snippet 2 started.
<-><->
      
l.7 $
     V$
Not a real error.

./_9AD8_7B49_4EE3_65702_20note.md.tex:7: Preview: Snippet 2 ended.(447828+0x527929).
<-><->
      
l.7 $V$
       
Not a real error.

[2]
./_9AD8_7B49_4EE3_65702_20note.md.tex:8: Preview: Snippet 3 started.
<-><->
      
l.8 $
     T^*:W \rightarrow V$
Not a real error.

./_9AD8_7B49_4EE3_65702_20note.md.tex:8: Preview: Snippet 3 ended.(451272+0x3578752).
<-><->
      
l.8 $T^*:W \rightarrow V$
                         
Not a real error.

[3]
./_9AD8_7B49_4EE3_65702_20note.md.tex:9: Preview: Snippet 4 started.
<-><->
      
l.9 $
     (Tv_1|v_2)=(v_1|T^*v_2)$
Not a real error.

./_9AD8_7B49_4EE3_65702_20note.md.tex:9: Preview: Snippet 4 ended.(491520+163840x5953314).
<-><->
      
l.9 $(Tv_1|v_2)=(v_1|T^*v_2)$
                             
Not a real error.

[4]
./_9AD8_7B49_4EE3_65702_20note.md.tex:10: Preview: Snippet 5 started.
<-><->
      
l.10 $
      v_1,v_2 \in V$
Not a real error.

./_9AD8_7B49_4EE3_65702_20note.md.tex:10: Preview: Snippet 5 ended.(447828+127431x2843528).
<-><->
      
l.10 $v_1,v_2 \in V$
                    
Not a real error.

[5]
./_9AD8_7B49_4EE3_65702_20note.md.tex:11: Preview: Snippet 6 started.
<-><->
      
l.11 $
      ker(T)=ker(T^*T:V \rightarrow V)$
Not a real error.

./_9AD8_7B49_4EE3_65702_20note.md.tex:11: Preview: Snippet 6 ended.(491520+163840x8199649).
<-><->
      
l.11 $ker(T)=ker(T^*T:V \rightarrow V)$
                                       
Not a real error.

[6]
./_9AD8_7B49_4EE3_65702_20note.md.tex:12: Preview: Snippet 7 started.
<-><->
      
l.12 $
      T^*T \in End(V),TT^* \in End(W)$
Not a real error.

./_9AD8_7B49_4EE3_65702_20note.md.tex:12: Preview: Snippet 7 ended.(491520+163840x9161228).
<-><->
      
l.12 $T^*T \in End(V),TT^* \in End(W)$
                                      
Not a real error.

[7]
./_9AD8_7B49_4EE3_65702_20note.md.tex:13: Preview: Snippet 8 started.
<-><->
      
l.13 $
      T:V \rightarrow W$
Not a real error.

./_9AD8_7B49_4EE3_65702_20note.md.tex:13: Preview: Snippet 8 ended.(447828+0x3277468).
<-><->
      
l.13 $T:V \rightarrow W$
                        
Not a real error.

[8]
./_9AD8_7B49_4EE3_65702_20note.md.tex:14: Preview: Snippet 9 started.
<-><->
      
l.14 $
      n=dim(V),m=dim(W)$
Not a real error.

./_9AD8_7B49_4EE3_65702_20note.md.tex:14: Preview: Snippet 9 ended.(491520+163840x7549623).
<-><->
      
l.14 $n=dim(V),m=dim(W)$
                        
Not a real error.

[9]
./_9AD8_7B49_4EE3_65702_20note.md.tex:15: Preview: Snippet 10 started.
<-><->
      
l.15 $
      v_1,v_2, \cdots,v_n$
Not a real error.

./_9AD8_7B49_4EE3_65702_20note.md.tex:15: Preview: Snippet 10 ended.(291271+127431x3754582).
<-><->
      
l.15 $v_1,v_2, \cdots,v_n$
                          
Not a real error.

[10]
./_9AD8_7B49_4EE3_65702_20note.md.tex:16: Preview: Snippet 11 started.
<-><->
      
l.16 $
      w_1,w_2,\cdots,w_m$
Not a real error.

./_9AD8_7B49_4EE3_65702_20note.md.tex:16: Preview: Snippet 11 ended.(291271+127431x4350212).
<-><->
      
l.16 $w_1,w_2,\cdots,w_m$
                         
Not a real error.

[11]
./_9AD8_7B49_4EE3_65702_20note.md.tex:17: Preview: Snippet 12 started.
<-><->
      
l.17 $
      \sigma_1\geq\sigma_2\geq\cdots\geq\sigma_q$
Not a real error.

./_9AD8_7B49_4EE3_65702_20note.md.tex:17: Preview: Snippet 12 ended.(416790+187504x5386879).
<-><->
      
l.17 $\sigma_1\geq\sigma_2\geq\cdots\geq\sigma_q$
                                                 
Not a real error.

[12]
./_9AD8_7B49_4EE3_65702_20note.md.tex:18: Preview: Snippet 13 started.
<-><->
      
l.18 $
      q=\min\{m,n\}$
Not a real error.

./_9AD8_7B49_4EE3_65702_20note.md.tex:18: Preview: Snippet 13 ended.(491520+163840x4197566).
<-><->
      
l.18 $q=\min\{m,n\}$
                    
Not a real error.

[13]
./_9AD8_7B49_4EE3_65702_20note.md.tex:19: Preview: Snippet 14 started.
<-><->
      
l.19 $
      Tv_i=\sigma_i w_i$
Not a real error.

./_9AD8_7B49_4EE3_65702_20note.md.tex:19: Preview: Snippet 14 ended.(447828+98303x3163701).
<-><->
      
l.19 $Tv_i=\sigma_i w_i$
                        
Not a real error.

[14]
./_9AD8_7B49_4EE3_65702_20note.md.tex:20: Preview: Snippet 15 started.
<-><->
      
l.20 $
      1 \leq i \leq p$
Not a real error.

./_9AD8_7B49_4EE3_65702_20note.md.tex:20: Preview: Snippet 15 ended.(432226+127431x2630801).
<-><->
      
l.20 $1 \leq i \leq p$
                      
Not a real error.

[15]
./_9AD8_7B49_4EE3_65702_20note.md.tex:21: Preview: Snippet 16 started.
<-><->
      
l.21 $
      Tv_i=0$
Not a real error.

./_9AD8_7B49_4EE3_65702_20note.md.tex:21: Preview: Snippet 16 ended.(447828+98303x2211342).
<-><->
      
l.21 $Tv_i=0$
             
Not a real error.

[16]
./_9AD8_7B49_4EE3_65702_20note.md.tex:22: Preview: Snippet 17 started.
<-><->
      
l.22 $
      (\sigma_i)$
Not a real error.

./_9AD8_7B49_4EE3_65702_20note.md.tex:22: Preview: Snippet 17 ended.(491520+163840x1102395).
<-><->
      
l.22 $(\sigma_i)$
                 
Not a real error.

[17]
./_9AD8_7B49_4EE3_65702_20note.md.tex:23: Preview: Snippet 18 started.
<-><->
      
l.23 $
      T$
Not a real error.

./_9AD8_7B49_4EE3_65702_20note.md.tex:23: Preview: Snippet 18 ended.(447828+0x473999).
<-><->
      
l.23 $T$
        
Not a real error.

[18]
./_9AD8_7B49_4EE3_65702_20note.md.tex:24: Preview: Snippet 19 started.
<-><->
      
l.24 $
      T$
Not a real error.

./_9AD8_7B49_4EE3_65702_20note.md.tex:24: Preview: Snippet 19 ended.(447828+0x473999).
<-><->
      
l.24 $T$
        
Not a real error.

[19]
./_9AD8_7B49_4EE3_65702_20note.md.tex:25: Preview: Snippet 20 started.
<-><->
      
l.25 $
      A \in M_{n \times m}(\mathbb{R})$
Not a real error.

./_9AD8_7B49_4EE3_65702_20note.md.tex:25: Preview: Snippet 20 ended.(491520+163840x4142728).
<-><->
      
l.25 $A \in M_{n \times m}(\mathbb{R})$
                                       
Not a real error.

[20]
./_9AD8_7B49_4EE3_65702_20note.md.tex:26: Preview: Snippet 21 started.
<-><->
      
l.26 $
      P \in SO(m),Q\in SO(n)$
Not a real error.

./_9AD8_7B49_4EE3_65702_20note.md.tex:26: Preview: Snippet 21 ended.(491520+163840x6826821).
<-><->
      
l.26 $P \in SO(m),Q\in SO(n)$
                             
Not a real error.

[21]
./_9AD8_7B49_4EE3_65702_20note.md.tex:27: Preview: Snippet 22 started.
<-><->
      
l.27 $
      Q^{-1}AP$
Not a real error.

./_9AD8_7B49_4EE3_65702_20note.md.tex:27: Preview: Snippet 22 ended.(533465+127431x2224996).
<-><->
      
l.27 $Q^{-1}AP$
               
Not a real error.

[22]
./_9AD8_7B49_4EE3_65702_20note.md.tex:28: Preview: Snippet 23 started.
<-><->
      
l.28 $
      T^*w_j=\sigma_jv_j$
Not a real error.

./_9AD8_7B49_4EE3_65702_20note.md.tex:28: Preview: Snippet 23 ended.(451272+187504x3638841).
<-><->
      
l.28 $T^*w_j=\sigma_jv_j$
                         
Not a real error.

[23]
./_9AD8_7B49_4EE3_65702_20note.md.tex:29: Preview: Snippet 24 started.
<-><->
      
l.29 $
      j \leq p$
Not a real error.

./_9AD8_7B49_4EE3_65702_20note.md.tex:29: Preview: Snippet 24 ended.(432226+127431x1510930).
<-><->
      
l.29 $j \leq p$
               
Not a real error.

[24]
./_9AD8_7B49_4EE3_65702_20note.md.tex:30: Preview: Snippet 25 started.
<-><->
      
l.30 $
      S$
Not a real error.

./_9AD8_7B49_4EE3_65702_20note.md.tex:30: Preview: Snippet 25 ended.(447828+0x439636).
<-><->
      
l.30 $S$
        
Not a real error.

[25]
./_9AD8_7B49_4EE3_65702_20note.md.tex:31: Preview: Snippet 26 started.
<-><->
      
l.31 $
      (v_i|Sv_j)=\sigma_j \delta_{ij}$
Not a real error.

./_9AD8_7B49_4EE3_65702_20note.md.tex:31: Preview: Snippet 26 ended.(491520+187504x4538329).
<-><->
      
l.31 $(v_i|Sv_j)=\sigma_j \delta_{ij}$
                                      
Not a real error.

[26]
./_9AD8_7B49_4EE3_65702_20note.md.tex:32: Preview: Snippet 27 started.
<-><->
      
l.32 $
      (Tv_i|v_j)=\sigma_i\delta_{ij}$
Not a real error.

./_9AD8_7B49_4EE3_65702_20note.md.tex:32: Preview: Snippet 27 ended.(491520+187504x4514740).
<-><->
      
l.32 $(Tv_i|v_j)=\sigma_i\delta_{ij}$
                                     
Not a real error.

[27]
./_9AD8_7B49_4EE3_65702_20note.md.tex:33: Preview: Snippet 28 started.
<-><->
      
l.33 $
      (T|\cdot)=(\cdot|S)$
Not a real error.

./_9AD8_7B49_4EE3_65702_20note.md.tex:33: Preview: Snippet 28 ended.(491520+163840x3535073).
<-><->
      
l.33 $(T|\cdot)=(\cdot|S)$
                          
Not a real error.

[28]
./_9AD8_7B49_4EE3_65702_20note.md.tex:34: Preview: Snippet 29 started.
<-><->
      
l.34 $
      S=T^*$
Not a real error.

./_9AD8_7B49_4EE3_65702_20note.md.tex:34: Preview: Snippet 29 ended.(451272+0x2088725).
<-><->
      
l.34 $S=T^*$
            
Not a real error.

[29]
./_9AD8_7B49_4EE3_65702_20note.md.tex:35: Preview: Snippet 30 started.
<-><->
      
l.35 $
      \sigma_i^3$
Not a real error.

./_9AD8_7B49_4EE3_65702_20note.md.tex:35: Preview: Snippet 30 ended.(533465+170585x691997).
<-><->
      
l.35 $\sigma_i^3$
                 
Not a real error.

[30]
./_9AD8_7B49_4EE3_65702_20note.md.tex:36: Preview: Snippet 31 started.
<-><->
      
l.36 $
      T^*T$
Not a real error.

./_9AD8_7B49_4EE3_65702_20note.md.tex:36: Preview: Snippet 31 ended.(451272+0x1249282).
<-><->
      
l.36 $T^*T$
           
Not a real error.

[31]
./_9AD8_7B49_4EE3_65702_20note.md.tex:37: Preview: Snippet 32 started.
<-><->
      
l.37 $
      \sigma_i$
Not a real error.

./_9AD8_7B49_4EE3_65702_20note.md.tex:37: Preview: Snippet 32 ended.(282168+98303x592669).
<-><->
      
l.37 $\sigma_i$
               
Not a real error.

[32]
./_9AD8_7B49_4EE3_65702_20note.md.tex:38: Preview: Snippet 33 started.
<-><->
      
l.38 $
      P,Q$
Not a real error.

./_9AD8_7B49_4EE3_65702_20note.md.tex:38: Preview: Snippet 33 ended.(447828+127431x1248321).
<-><->
      
l.38 $P,Q$
          
Not a real error.

[33]
./_9AD8_7B49_4EE3_65702_20note.md.tex:39: Preview: Snippet 34 started.
<-><->
      
l.39 $
      T^*T$
Not a real error.

./_9AD8_7B49_4EE3_65702_20note.md.tex:39: Preview: Snippet 34 ended.(451272+0x1249282).
<-><->
      
l.39 $T^*T$
           
Not a real error.

[34]
./_9AD8_7B49_4EE3_65702_20note.md.tex:40: Preview: Snippet 35 started.
<-><->
      
l.40 $
      \lambda_1,\cdots,\lambda_p$
Not a real error.

./_9AD8_7B49_4EE3_65702_20note.md.tex:40: Preview: Snippet 35 ended.(455111+187504x2927092).
<-><->
      
l.40 $\lambda_1,\cdots,\lambda_p$
                                 
Not a real error.

[35]
./_9AD8_7B49_4EE3_65702_20note.md.tex:41: Preview: Snippet 36 started.
<-><->
      
l.41 $
      \sigma_i=\sqrt{\lambda_i}$
Not a real error.

./_9AD8_7B49_4EE3_65702_20note.md.tex:41: Preview: Snippet 36 ended.(561786+119786x2613093).
<-><->
      
l.41 $\sigma_i=\sqrt{\lambda_i}$
                                
Not a real error.

[36]
./_9AD8_7B49_4EE3_65702_20note.md.tex:42: Preview: Snippet 37 started.
<-><->
      
l.42 $
      T:V \rightarrow W$
Not a real error.

./_9AD8_7B49_4EE3_65702_20note.md.tex:42: Preview: Snippet 37 ended.(447828+0x3277468).
<-><->
      
l.42 $T:V \rightarrow W$
                        
Not a real error.

[37]
./_9AD8_7B49_4EE3_65702_20note.md.tex:43: Preview: Snippet 38 started.
<-><->
      
l.43 $
      S:W \rightarrow V$
Not a real error.

./_9AD8_7B49_4EE3_65702_20note.md.tex:43: Preview: Snippet 38 ended.(447828+0x3243105).
<-><->
      
l.43 $S:W \rightarrow V$
                        
Not a real error.

[38]
./_9AD8_7B49_4EE3_65702_20note.md.tex:44: Preview: Snippet 39 started.
<-><->
      
l.44 $
      S$
Not a real error.

./_9AD8_7B49_4EE3_65702_20note.md.tex:44: Preview: Snippet 39 ended.(447828+0x439636).
<-><->
      
l.44 $S$
        
Not a real error.

[39]
./_9AD8_7B49_4EE3_65702_20note.md.tex:45: Preview: Snippet 40 started.
<-><->
      
l.45 $
      T$
Not a real error.

./_9AD8_7B49_4EE3_65702_20note.md.tex:45: Preview: Snippet 40 ended.(447828+0x473999).
<-><->
      
l.45 $T$
        
Not a real error.

[40]
./_9AD8_7B49_4EE3_65702_20note.md.tex:46: Preview: Snippet 41 started.
<-><->
      
l.46 $
      STS=S$
Not a real error.

./_9AD8_7B49_4EE3_65702_20note.md.tex:46: Preview: Snippet 41 ended.(447828+0x2666713).
<-><->
      
l.46 $STS=S$
            
Not a real error.

[41]
./_9AD8_7B49_4EE3_65702_20note.md.tex:47: Preview: Snippet 42 started.
<-><->
      
l.47 $
      TST=T$
Not a real error.

./_9AD8_7B49_4EE3_65702_20note.md.tex:47: Preview: Snippet 42 ended.(447828+0x2735439).
<-><->
      
l.47 $TST=T$
            
Not a real error.

[42]
./_9AD8_7B49_4EE3_65702_20note.md.tex:48: Preview: Snippet 43 started.
<-><->
      
l.48 $
      (ST)^*=ST$
Not a real error.

./_9AD8_7B49_4EE3_65702_20note.md.tex:48: Preview: Snippet 43 ended.(491520+163840x3512086).
<-><->
      
l.48 $(ST)^*=ST$
                
Not a real error.

[43]
./_9AD8_7B49_4EE3_65702_20note.md.tex:49: Preview: Snippet 44 started.
<-><->
      
l.49 $
      (TS)^*=TS$
Not a real error.

./_9AD8_7B49_4EE3_65702_20note.md.tex:49: Preview: Snippet 44 ended.(491520+163840x3512086).
<-><->
      
l.49 $(TS)^*=TS$
                
Not a real error.

[44]
./_9AD8_7B49_4EE3_65702_20note.md.tex:50: Preview: Snippet 45 started.
<-><->
      
l.50 $
      v \in V, w \in W, v' \in ker(T), v'' \in ker(T)^{\perp}, w' \in im(T),...
Not a real error.

./_9AD8_7B49_4EE3_65702_20note.md.tex:50: Preview: Snippet 45 ended.(556402+163840x19410243).
<-><->
      
l.50 ...\perp}, w' \in im(T), W'' \in im(T)^\perp$
                                                  
Not a real error.

[45]
./_9AD8_7B49_4EE3_65702_20note.md.tex:51: Preview: Snippet 46 started.
<-><->
      
l.51 $
      v=v'+v'',w=w'+w''$
Not a real error.

./_9AD8_7B49_4EE3_65702_20note.md.tex:51: Preview: Snippet 46 ended.(492688+127431x7162512).
<-><->
      
l.51 $v=v'+v'',w=w'+w''$
                        
Not a real error.

[46]
./_9AD8_7B49_4EE3_65702_20note.md.tex:52: Preview: Snippet 47 started.
<-><->
      
l.52 $
      Tv=w'$
Not a real error.

./_9AD8_7B49_4EE3_65702_20note.md.tex:52: Preview: Snippet 47 ended.(492688+0x2359669).
<-><->
      
l.52 $Tv=w'$
            
Not a real error.

[47]
./_9AD8_7B49_4EE3_65702_20note.md.tex:53: Preview: Snippet 48 started.
<-><->
      
l.53 $
      Sw:=v''$
Not a real error.

./_9AD8_7B49_4EE3_65702_20note.md.tex:53: Preview: Snippet 48 ended.(492688+0x2658448).
<-><->
      
l.53 $Sw:=v''$
              
Not a real error.

[48]
./_9AD8_7B49_4EE3_65702_20note.md.tex:54: Preview: Snippet 49 started.
<-><->
      
l.54 $
      S$
Not a real error.

./_9AD8_7B49_4EE3_65702_20note.md.tex:54: Preview: Snippet 49 ended.(447828+0x439636).
<-><->
      
l.54 $S$
        
Not a real error.

[49]
./_9AD8_7B49_4EE3_65702_20note.md.tex:55: Preview: Snippet 50 started.
<-><->
      
l.55 $
      S,R$
Not a real error.

./_9AD8_7B49_4EE3_65702_20note.md.tex:55: Preview: Snippet 50 ended.(447828+127431x1197167).
<-><->
      
l.55 $S,R$
          
Not a real error.

[50]
./_9AD8_7B49_4EE3_65702_20note.md.tex:56: Preview: Snippet 51 started.
<-><->
      
l.56 $
      T$
Not a real error.

./_9AD8_7B49_4EE3_65702_20note.md.tex:56: Preview: Snippet 51 ended.(447828+0x473999).
<-><->
      
l.56 $T$
        
Not a real error.

[51]
./_9AD8_7B49_4EE3_65702_20note.md.tex:57: Preview: Snippet 52 started.
<-><->
      
l.57 $
      $
Not a real error.

./_9AD8_7B49_4EE3_65702_20note.md.tex:59: Preview: Snippet 52 ended.(1605632+0x22609920).
<-><->
      
l.59 $$
       
Not a real error.

[52]
./_9AD8_7B49_4EE3_65702_20note.md.tex:60: Preview: Snippet 53 started.
<-><->
      
l.60 $
      S=STR=R$
Not a real error.

./_9AD8_7B49_4EE3_65702_20note.md.tex:60: Preview: Snippet 53 ended.(447828+0x4106225).
<-><->
      
l.60 $S=STR=R$
              
Not a real error.

[53]
./_9AD8_7B49_4EE3_65702_20note.md.tex:61: Preview: Snippet 54 started.
<-><->
      
l.61 $
      T:V \rightarrow W$
Not a real error.

./_9AD8_7B49_4EE3_65702_20note.md.tex:61: Preview: Snippet 54 ended.(447828+0x3277468).
<-><->
      
l.61 $T:V \rightarrow W$
                        
Not a real error.

[54]
./_9AD8_7B49_4EE3_65702_20note.md.tex:62: Preview: Snippet 55 started.
<-><->
      
l.62 $
      r:=rank(T)$
Not a real error.

./_9AD8_7B49_4EE3_65702_20note.md.tex:62: Preview: Snippet 55 ended.(491520+163840x3768928).
<-><->
      
l.62 $r:=rank(T)$
                 
Not a real error.

[55]
./_9AD8_7B49_4EE3_65702_20note.md.tex:63: Preview: Snippet 56 started.
<-><->
      
l.63 $
      v_1,v_2, \cdots, v_m$
Not a real error.

./_9AD8_7B49_4EE3_65702_20note.md.tex:63: Preview: Snippet 56 ended.(291271+127431x3895667).
<-><->
      
l.63 $v_1,v_2, \cdots, v_m$
                           
Not a real error.

[56]
./_9AD8_7B49_4EE3_65702_20note.md.tex:64: Preview: Snippet 57 started.
<-><->
      
l.64 $
      w_1,w_2, \cdots, w_n$
Not a real error.

./_9AD8_7B49_4EE3_65702_20note.md.tex:64: Preview: Snippet 57 ended.(291271+127431x4209127).
<-><->
      
l.64 $w_1,w_2, \cdots, w_n$
                           
Not a real error.

[57]
./_9AD8_7B49_4EE3_65702_20note.md.tex:65: Preview: Snippet 58 started.
<-><->
      
l.65 $
      \sigma_1\geq\sigma_2\geq\cdots$
Not a real error.

./_9AD8_7B49_4EE3_65702_20note.md.tex:65: Preview: Snippet 58 ended.(416790+98303x3958387).
<-><->
      
l.65 $\sigma_1\geq\sigma_2\geq\cdots$
                                     
Not a real error.

[58]
./_9AD8_7B49_4EE3_65702_20note.md.tex:66: Preview: Snippet 59 started.
<-><->
      
l.66 $
      S:W \rightarrow V$
Not a real error.

./_9AD8_7B49_4EE3_65702_20note.md.tex:66: Preview: Snippet 59 ended.(447828+0x3243105).
<-><->
      
l.66 $S:W \rightarrow V$
                        
Not a real error.

[59]
./_9AD8_7B49_4EE3_65702_20note.md.tex:67: Preview: Snippet 60 started.
<-><->
      
l.67 $
      Sw_j=\frac{1}{\sigma_J}v_i$
Not a real error.

./_9AD8_7B49_4EE3_65702_20note.md.tex:67: Preview: Snippet 60 ended.(553676+291896x3372811).
<-><->
      
l.67 $Sw_j=\frac{1}{\sigma_J}v_i$
                                 
Not a real error.

[60]
./_9AD8_7B49_4EE3_65702_20note.md.tex:68: Preview: Snippet 61 started.
<-><->
      
l.68 $
      1 \leq j \leq r$
Not a real error.

./_9AD8_7B49_4EE3_65702_20note.md.tex:68: Preview: Snippet 61 ended.(432226+127431x2696565).
<-><->
      
l.68 $1 \leq j \leq r$
                      
Not a real error.

[61]
./_9AD8_7B49_4EE3_65702_20note.md.tex:69: Preview: Snippet 62 started.
<-><->
      
l.69 $
      S$
Not a real error.

./_9AD8_7B49_4EE3_65702_20note.md.tex:69: Preview: Snippet 62 ended.(447828+0x439636).
<-><->
      
l.69 $S$
        
Not a real error.

[62]
./_9AD8_7B49_4EE3_65702_20note.md.tex:70: Preview: Snippet 63 started.
<-><->
      
l.70 $
      T$
Not a real error.

./_9AD8_7B49_4EE3_65702_20note.md.tex:70: Preview: Snippet 63 ended.(447828+0x473999).
<-><->
      
l.70 $T$
        
Not a real error.

[63]
./_9AD8_7B49_4EE3_65702_20note.md.tex:71: Preview: Snippet 64 started.
<-><->
      
l.71 $
      w \in W$
Not a real error.

./_9AD8_7B49_4EE3_65702_20note.md.tex:71: Preview: Snippet 64 ended.(447828+25623x1997780).
<-><->
      
l.71 $w \in W$
              
Not a real error.

[64]
./_9AD8_7B49_4EE3_65702_20note.md.tex:72: Preview: Snippet 65 started.
<-><->
      
l.72 $
      w=\sum\limits_{j=1}^{n}a_jw_j$
Not a real error.

./_9AD8_7B49_4EE3_65702_20note.md.tex:72: Preview: Snippet 65 ended.(885649+731365x3744654).
<-><->
      
l.72 $w=\sum\limits_{j=1}^{n}a_jw_j$
                                    
Not a real error.

[65]
./_9AD8_7B49_4EE3_65702_20note.md.tex:73: Preview: Snippet 66 started.
<-><->
      
l.73 $
      imT=<w_1,w_2, \cdots, w_r>$
Not a real error.

./_9AD8_7B49_4EE3_65702_20note.md.tex:73: Preview: Snippet 66 ended.(447828+127431x7493095).
<-><->
      
l.73 $imT=<w_1,w_2, \cdots, w_r>$
                                 
Not a real error.

[66]
./_9AD8_7B49_4EE3_65702_20note.md.tex:74: Preview: Snippet 67 started.
<-><->
      
l.74 $
      w'=\sum\limits_{j=1}^{r}a_jw_j$
Not a real error.

./_9AD8_7B49_4EE3_65702_20note.md.tex:74: Preview: Snippet 67 ended.(885649+731365x3928519).
<-><->
      
l.74 $w'=\sum\limits_{j=1}^{r}a_jw_j$
                                     
Not a real error.

[67]
./_9AD8_7B49_4EE3_65702_20note.md.tex:75: Preview: Snippet 68 started.
<-><->
      
l.75 $
      v=\sum\limits_{i=1}^{r}\frac{a_j}{\sigma_J}v_j \in V$
Not a real error.

./_9AD8_7B49_4EE3_65702_20note.md.tex:75: Preview: Snippet 68 ended.(885649+642164x4874101).
<-><->
      
l.75 ...ts_{i=1}^{r}\frac{a_j}{\sigma_J}v_j \in V$
                                                  
Not a real error.

[68]
./_9AD8_7B49_4EE3_65702_20note.md.tex:76: Preview: Snippet 69 started.
<-><->
      
l.76 $
      v \in ker(T)^{\perp}$
Not a real error.

./_9AD8_7B49_4EE3_65702_20note.md.tex:76: Preview: Snippet 69 ended.(556402+163840x3549106).
<-><->
      
l.76 $v \in ker(T)^{\perp}$
                           
Not a real error.

[69]
./_9AD8_7B49_4EE3_65702_20note.md.tex:77: Preview: Snippet 70 started.
<-><->
      
l.77 $
      v''$
Not a real error.

./_9AD8_7B49_4EE3_65702_20note.md.tex:77: Preview: Snippet 70 ended.(492688+0x676143).
<-><->
      
l.77 $v''$
          
Not a real error.

[70]
./_9AD8_7B49_4EE3_65702_20note.md.tex:78: Preview: Snippet 71 started.
<-><->
      
l.78 $
      ker(T)^{\perp}$
Not a real error.

./_9AD8_7B49_4EE3_65702_20note.md.tex:78: Preview: Snippet 71 ended.(556402+163840x2406937).
<-><->
      
l.78 $ker(T)^{\perp}$
                     
Not a real error.

[71]
./_9AD8_7B49_4EE3_65702_20note.md.tex:79: Preview: Snippet 72 started.
<-><->
      
l.79 $
      Sw=v''$
Not a real error.

./_9AD8_7B49_4EE3_65702_20note.md.tex:79: Preview: Snippet 72 ended.(492688+0x2476403).
<-><->
      
l.79 $Sw=v''$
             
Not a real error.

[72]
./_9AD8_7B49_4EE3_65702_20note.md.tex:80: Preview: Snippet 73 started.
<-><->
      
l.80 $
      B:V\times V \rightarrow \mathbb{R}$
Not a real error.

./_9AD8_7B49_4EE3_65702_20note.md.tex:80: Preview: Snippet 73 ended.(451470+54613x4425707).
<-><->
      
l.80 $B:V\times V \rightarrow \mathbb{R}$
                                         
Not a real error.

[73]
./_9AD8_7B49_4EE3_65702_20note.md.tex:81: Preview: Snippet 74 started.
<-><->
      
l.81 $
      S \in End(V)$
Not a real error.

./_9AD8_7B49_4EE3_65702_20note.md.tex:81: Preview: Snippet 74 ended.(491520+163840x3534311).
<-><->
      
l.81 $S \in End(V)$
                   
Not a real error.

[74]
./_9AD8_7B49_4EE3_65702_20note.md.tex:82: Preview: Snippet 75 started.
<-><->
      
l.82 $
      B(v_1,v_2)=(v_1|Sv_2)$
Not a real error.

./_9AD8_7B49_4EE3_65702_20note.md.tex:82: Preview: Snippet 75 ended.(491520+163840x5782869).
<-><->
      
l.82 $B(v_1,v_2)=(v_1|Sv_2)$
                            
Not a real error.

[75]
./_9AD8_7B49_4EE3_65702_20note.md.tex:83: Preview: Snippet 76 started.
<-><->
      
l.83 $
      A \in M_{n \times n}(\mathbb{R})$
Not a real error.

./_9AD8_7B49_4EE3_65702_20note.md.tex:83: Preview: Snippet 76 ended.(491520+163840x4001643).
<-><->
      
l.83 $A \in M_{n \times n}(\mathbb{R})$
                                       
Not a real error.

[76]
./_9AD8_7B49_4EE3_65702_20note.md.tex:84: Preview: Snippet 77 started.
<-><->
      
l.84 $
      B(v_1,v_2)=v_1^{T}Av_2$
Not a real error.

./_9AD8_7B49_4EE3_65702_20note.md.tex:84: Preview: Snippet 77 ended.(551306+163840x5285347).
<-><->
      
l.84 $B(v_1,v_2)=v_1^{T}Av_2$
                             
Not a real error.

[77]
./_9AD8_7B49_4EE3_65702_20note.md.tex:85: Preview: Snippet 78 started.
<-><->
      
l.85 $
      A^T=A$
Not a real error.

./_9AD8_7B49_4EE3_65702_20note.md.tex:85: Preview: Snippet 78 ended.(551306+0x2269702).
<-><->
      
l.85 $A^T=A$
            
Not a real error.

[78]
./_9AD8_7B49_4EE3_65702_20note.md.tex:86: Preview: Snippet 79 started.
<-><->
      
l.86 $
      S=S^*$
Not a real error.

./_9AD8_7B49_4EE3_65702_20note.md.tex:86: Preview: Snippet 79 ended.(451272+0x2054362).
<-><->
      
l.86 $S=S^*$
            
Not a real error.

[79]
./_9AD8_7B49_4EE3_65702_20note.md.tex:87: Preview: Snippet 80 started.
<-><->
      
l.87 $
      v_1,v_2,\cdots,v_n$
Not a real error.

./_9AD8_7B49_4EE3_65702_20note.md.tex:87: Preview: Snippet 80 ended.(291271+127431x3754582).
<-><->
      
l.87 $v_1,v_2,\cdots,v_n$
                         
Not a real error.

[80]
./_9AD8_7B49_4EE3_65702_20note.md.tex:88: Preview: Snippet 81 started.
<-><->
      
l.88 $
      Sv_i=\lambda_iv_i$
Not a real error.

./_9AD8_7B49_4EE3_65702_20note.md.tex:88: Preview: Snippet 81 ended.(455111+98303x2985637).
<-><->
      
l.88 $Sv_i=\lambda_iv_i$
                        
Not a real error.

[81]
./_9AD8_7B49_4EE3_65702_20note.md.tex:89: Preview: Snippet 82 started.
<-><->
      
l.89 $
      \lambda_1\geq\cdots\geq\lambda_n$
Not a real error.

./_9AD8_7B49_4EE3_65702_20note.md.tex:89: Preview: Snippet 82 ended.(455111+98303x3927522).
<-><->
      
l.89 $\lambda_1\geq\cdots\geq\lambda_n$
                                       
Not a real error.

[82]
./_9AD8_7B49_4EE3_65702_20note.md.tex:90: Preview: Snippet 83 started.
<-><->
      
l.90 $
      \lambda_1=\max\limits_{\lVert v \rVert=1} B(v,v), \lambda_n=\min\limit...
Not a real error.

./_9AD8_7B49_4EE3_65702_20note.md.tex:90: Preview: Snippet 83 ended.(491520+633514x10657710).
<-><->
      
l.90 ..._n=\min\limits_{\lVert v \rVert=1} B(v,v)$
                                                  
Not a real error.

[83]
./_9AD8_7B49_4EE3_65702_20note.md.tex:91: Preview: Snippet 84 started.
<-><->
      
l.91 $
      S^n$
Not a real error.

./_9AD8_7B49_4EE3_65702_20note.md.tex:91: Preview: Snippet 84 ended.(447828+0x796370).
<-><->
      
l.91 $S^n$
          
Not a real error.

[84]
./_9AD8_7B49_4EE3_65702_20note.md.tex:92: Preview: Snippet 85 started.
<-><->
      
l.92 $
      \max\limits_{\lVert v \rVert=1} (v,Sv)$
Not a real error.

./_9AD8_7B49_4EE3_65702_20note.md.tex:92: Preview: Snippet 85 ended.(491520+633514x3402186).
<-><->
      
l.92 $\max\limits_{\lVert v \rVert=1} (v,Sv)$
                                             
Not a real error.

[85]
./_9AD8_7B49_4EE3_65702_20note.md.tex:93: Preview: Snippet 86 started.
<-><->
      
l.93 $
      S=S^*$
Not a real error.

./_9AD8_7B49_4EE3_65702_20note.md.tex:93: Preview: Snippet 86 ended.(451272+0x2054362).
<-><->
      
l.93 $S=S^*$
            
Not a real error.

[86]
./_9AD8_7B49_4EE3_65702_20note.md.tex:94: Preview: Snippet 87 started.
<-><->
      
l.94 $
      v$
Not a real error.

./_9AD8_7B49_4EE3_65702_20note.md.tex:94: Preview: Snippet 87 ended.(282168+0x341181).
<-><->
      
l.94 $v$
        
Not a real error.

[87]
./_9AD8_7B49_4EE3_65702_20note.md.tex:95: Preview: Snippet 88 started.
<-><->
      
l.95 $
      k<1<n=dim(V)$
Not a real error.

./_9AD8_7B49_4EE3_65702_20note.md.tex:95: Preview: Snippet 88 ended.(491520+163840x5884239).
<-><->
      
l.95 $k<1<n=dim(V)$
                   
Not a real error.

[88]
./_9AD8_7B49_4EE3_65702_20note.md.tex:96: Preview: Snippet 89 started.
<-><->
      
l.96 $
      \lambda_k=\min\limits_{dim(U)=n-k+1}(\max\limits_{\lVert v \rVert=1 \i...
Not a real error.

./_9AD8_7B49_4EE3_65702_20note.md.tex:96: Preview: Snippet 89 ended.(491520+633514x10277616).
<-><->
      
l.96 ...x\limits_{\lVert v \rVert=1 \in U}B(v,v))$
                                                  
Not a real error.

[89]
./_9AD8_7B49_4EE3_65702_20note.md.tex:97: Preview: Snippet 90 started.
<-><->
      
l.97 $
      \lambda_k=\max\limits_{dim(U)=k}(\min\limits_{\lVert v \rVert=1 \in U}...
Not a real error.

./_9AD8_7B49_4EE3_65702_20note.md.tex:97: Preview: Snippet 90 ended.(491520+633514x8880494).
<-><->
      
l.97 ...n\limits_{\lVert v \rVert=1 \in U}B(v,v))$
                                                  
Not a real error.

[90]
./_9AD8_7B49_4EE3_65702_20note.md.tex:98: Preview: Snippet 91 started.
<-><->
      
l.98 $
      U \subset V, dim(U)=n-k+1$
Not a real error.

./_9AD8_7B49_4EE3_65702_20note.md.tex:98: Preview: Snippet 91 ended.(491520+163840x7832287).
<-><->
      
l.98 $U \subset V, dim(U)=n-k+1$
                                
Not a real error.

[91]
./_9AD8_7B49_4EE3_65702_20note.md.tex:99: Preview: Snippet 92 started.
<-><->
      
l.99 $
      dim(U \cap \langle v_1,\cdots,v_k \rangle)=dimU+k-dim(U+<v_1,\cdots,v_...
Not a real error.

./_9AD8_7B49_4EE3_65702_20note.md.tex:99: Preview: Snippet 92 ended.(491520+163840x18990098).
<-><->
      
l.99 ...gle)=dimU+k-dim(U+<v_1,\cdots,v_k>)\geq 1$
                                                  
Not a real error.

[92]
./_9AD8_7B49_4EE3_65702_20note.md.tex:100: Preview: Snippet 93 started.
<-><->
      
l.100 $
       v=\sum\limits_{i=1}^{k}a_iv_i, \lVert v \rVert=1$
Not a real error.

./_9AD8_7B49_4EE3_65702_20note.md.tex:100: Preview: Snippet 93 ended.(1006708+642164x5762945).
<-><->
      
l.100 ...imits_{i=1}^{k}a_iv_i, \lVert v \rVert=1$
                                                  
Not a real error.

[93]
./_9AD8_7B49_4EE3_65702_20note.md.tex:101: Preview: Snippet 94 started.
<-><->
      
l.101 $
       B(v,v)=\sum\limits_{i=1}^{k}\lambda_ia_i^2 \geq\lambda_k$
Not a real error.

./_9AD8_7B49_4EE3_65702_20note.md.tex:101: Preview: Snippet 94 ended.(1006708+642164x6664790).
<-><->
      
l.101 ...ts_{i=1}^{k}\lambda_ia_i^2 \geq\lambda_k$
                                                  
Not a real error.

[94]
./_9AD8_7B49_4EE3_65702_20note.md.tex:102: Preview: Snippet 95 started.
<-><->
      
l.102 $
       U=\langle v_k,\cdots,v_n \rangle$
Not a real error.

./_9AD8_7B49_4EE3_65702_20note.md.tex:102: Preview: Snippet 95 ended.(491520+163840x4782535).
<-><->
      
l.102 $U=\langle v_k,\cdots,v_n \rangle$
                                        
Not a real error.

[95]
./_9AD8_7B49_4EE3_65702_20note.md.tex:103: Preview: Snippet 96 started.
<-><->
      
l.103 $
       B(v,v) \leq \lambda_l$
Not a real error.

./_9AD8_7B49_4EE3_65702_20note.md.tex:103: Preview: Snippet 96 ended.(491520+163840x3470595).
<-><->
      
l.103 $B(v,v) \leq \lambda_l$
                             
Not a real error.

[96]
./_9AD8_7B49_4EE3_65702_20note.md.tex:104: Preview: Snippet 97 started.
<-><->
      
l.104 $
       T:V\rightarrow W$
Not a real error.

./_9AD8_7B49_4EE3_65702_20note.md.tex:104: Preview: Snippet 97 ended.(447828+0x3277468).
<-><->
      
l.104 $T:V\rightarrow W$
                        
Not a real error.

[97]
./_9AD8_7B49_4EE3_65702_20note.md.tex:105: Preview: Snippet 98 started.
<-><->
      
l.105 $
       \sigma_1\geq\sigma_2\cdots$
Not a real error.

./_9AD8_7B49_4EE3_65702_20note.md.tex:105: Preview: Snippet 98 ended.(416790+98303x3193805).
<-><->
      
l.105 $\sigma_1\geq\sigma_2\cdots$
                                  
Not a real error.

[98]
./_9AD8_7B49_4EE3_65702_20note.md.tex:106: Preview: Snippet 99 started.
<-><->
      
l.106 $
       \sigma_i=0$
Not a real error.

./_9AD8_7B49_4EE3_65702_20note.md.tex:106: Preview: Snippet 99 ended.(422343+98303x1794156).
<-><->
      
l.106 $\sigma_i=0$
                  
Not a real error.

[99]
./_9AD8_7B49_4EE3_65702_20note.md.tex:107: Preview: Snippet 100 started.
<-><->
      
l.107 $
       \sigma_1=\max\limits_{v \neq 0} \frac{\lVert Tv \rVert}{\lVert v \rVe...
Not a real error.

./_9AD8_7B49_4EE3_65702_20note.md.tex:107: Preview: Snippet 100 ended.(661912+582540x4224226).
<-><->
      
l.107 ...\frac{\lVert Tv \rVert}{\lVert v \rVert}$
                                                  
Not a real error.

[100]
./_9AD8_7B49_4EE3_65702_20note.md.tex:108: Preview: Snippet 101 started.
<-><->
      
l.108 $
       \sigma_i=\min\max\frac{\lVert Tv \rVert}{\lVert v \rVert}$
Not a real error.

./_9AD8_7B49_4EE3_65702_20note.md.tex:108: Preview: Snippet 101 ended.(661912+340683x5349905).
<-><->
      
l.108 ...\frac{\lVert Tv \rVert}{\lVert v \rVert}$
                                                  
Not a real error.

[101]
./_9AD8_7B49_4EE3_65702_20note.md.tex:109: Preview: Snippet 102 started.
<-><->
      
l.109 $
       \sigma_{dimV}=\min\limits_{V\neq0}\frac{\lVert Tv \rVert}{\lVert v \r...
Not a real error.

./_9AD8_7B49_4EE3_65702_20note.md.tex:109: Preview: Snippet 102 ended.(661912+582540x5181193).
<-><->
      
l.109 ...\frac{\lVert Tv \rVert}{\lVert v \rVert}$
                                                  
Not a real error.

[102]
./_9AD8_7B49_4EE3_65702_20note.md.tex:110: Preview: Snippet 103 started.
<-><->
      
l.110 $
       S=T^*T$
Not a real error.

./_9AD8_7B49_4EE3_65702_20note.md.tex:110: Preview: Snippet 103 ended.(451272+0x2562724).
<-><->
      
l.110 $S=T^*T$
              
Not a real error.

[103]
./_9AD8_7B49_4EE3_65702_20note.md.tex:111: Preview: Snippet 104 started.
<-><->
      
l.111 $
       B(v_1,v_2)=(v_1|T^*Tv_2)=(Tv_1|Tv_2)$
Not a real error.

./_9AD8_7B49_4EE3_65702_20note.md.tex:111: Preview: Snippet 104 ended.(491520+163840x10329432).
<-><->
      
l.111 $B(v_1,v_2)=(v_1|T^*Tv_2)=(Tv_1|Tv_2)$
                                            
Not a real error.

[104]
./_9AD8_7B49_4EE3_65702_20note.md.tex:112: Preview: Snippet 105 started.
<-><->
      
l.112 $
       B(v,v)=\frac{\lVert Tv \rVert^2}{\lVert v \rVert^2}$
Not a real error.

./_9AD8_7B49_4EE3_65702_20note.md.tex:112: Preview: Snippet 105 ended.(726793+340683x4495926).
<-><->
      
l.112 ...c{\lVert Tv \rVert^2}{\lVert v \rVert^2}$
                                                  
Not a real error.

[105]
./_9AD8_7B49_4EE3_65702_20note.md.tex:113: Preview: Snippet 106 started.
<-><->
      
l.113 $
       \sigma_i^2$
Not a real error.

./_9AD8_7B49_4EE3_65702_20note.md.tex:113: Preview: Snippet 106 ended.(533465+170585x691997).
<-><->
      
l.113 $\sigma_i^2$
                  
Not a real error.

[106]
./_9AD8_7B49_4EE3_65702_20note.md.tex:114: Preview: Snippet 107 started.
<-><->
      
l.114 $
       S$
Not a real error.

./_9AD8_7B49_4EE3_65702_20note.md.tex:114: Preview: Snippet 107 ended.(447828+0x439636).
<-><->
      
l.114 $S$
         
Not a real error.

[107]
./_9AD8_7B49_4EE3_65702_20note.md.tex:115: Preview: Snippet 108 started.
<-><->
      
l.115 $
       A \geq B$
Not a real error.

./_9AD8_7B49_4EE3_65702_20note.md.tex:115: Preview: Snippet 108 ended.(447828+89110x1895304).
<-><->
      
l.115 $A \geq B$
                
Not a real error.

[108]
./_9AD8_7B49_4EE3_65702_20note.md.tex:116: Preview: Snippet 109 started.
<-><->
      
l.116 $
       a_{ij}\geq b_{i,j}$
Not a real error.

./_9AD8_7B49_4EE3_65702_20note.md.tex:116: Preview: Snippet 109 ended.(455111+187504x2580248).
<-><->
      
l.116 $a_{ij}\geq b_{i,j}$
                          
Not a real error.

[109]
./_9AD8_7B49_4EE3_65702_20note.md.tex:117: Preview: Snippet 110 started.
<-><->
      
l.117 $
       A>0,A\geq0$
Not a real error.

./_9AD8_7B49_4EE3_65702_20note.md.tex:117: Preview: Snippet 110 ended.(447828+127431x3677285).
<-><->
      
l.117 $A>0,A\geq0$
                  
Not a real error.

[110]
./_9AD8_7B49_4EE3_65702_20note.md.tex:118: Preview: Snippet 111 started.
<-><->
      
l.118 $
       A \in M_{m \times n}(\mathbb{R})>0, x \in \mathbb{R}^n\geq0$
Not a real error.

./_9AD8_7B49_4EE3_65702_20note.md.tex:118: Preview: Snippet 111 ended.(491520+163840x8842565).
<-><->
      
l.118 ...}(\mathbb{R})>0, x \in \mathbb{R}^n\geq0$
                                                  
Not a real error.

[111]
./_9AD8_7B49_4EE3_65702_20note.md.tex:119: Preview: Snippet 112 started.
<-><->
      
l.119 $
       Ax>0$
Not a real error.

./_9AD8_7B49_4EE3_65702_20note.md.tex:119: Preview: Snippet 112 ended.(447828+25623x2067564).
<-><->
      
l.119 $Ax>0$
            
Not a real error.

[112]
./_9AD8_7B49_4EE3_65702_20note.md.tex:120: Preview: Snippet 113 started.
<-><->
      
l.120 $
       A>0$
Not a real error.

./_9AD8_7B49_4EE3_65702_20note.md.tex:120: Preview: Snippet 113 ended.(447828+25623x1693008).
<-><->
      
l.120 $A>0$
           
Not a real error.

[113]
./_9AD8_7B49_4EE3_65702_20note.md.tex:121: Preview: Snippet 114 started.
<-><->
      
l.121 $
       S(A)=\max\limits_{\lambda}|\lambda|$
Not a real error.

./_9AD8_7B49_4EE3_65702_20note.md.tex:121: Preview: Snippet 114 ended.(491520+493339x4390000).
<-><->
      
l.121 $S(A)=\max\limits_{\lambda}|\lambda|$
                                           
Not a real error.

[114]
./_9AD8_7B49_4EE3_65702_20note.md.tex:122: Preview: Snippet 115 started.
<-><->
      
l.122 $
       \lambda$
Not a real error.

./_9AD8_7B49_4EE3_65702_20note.md.tex:122: Preview: Snippet 115 ended.(455111+0x382295).
<-><->
      
l.122 $\lambda$
               
Not a real error.

[115]
./_9AD8_7B49_4EE3_65702_20note.md.tex:123: Preview: Snippet 116 started.
<-><->
      
l.123 $
       A>0$
Not a real error.

./_9AD8_7B49_4EE3_65702_20note.md.tex:123: Preview: Snippet 116 ended.(447828+25623x1693008).
<-><->
      
l.123 $A>0$
           
Not a real error.

[116]
./_9AD8_7B49_4EE3_65702_20note.md.tex:124: Preview: Snippet 117 started.
<-><->
      
l.124 $
       v>0$
Not a real error.

./_9AD8_7B49_4EE3_65702_20note.md.tex:124: Preview: Snippet 117 ended.(422343+25623x1542668).
<-><->
      
l.124 $v>0$
           
Not a real error.

[117]
./_9AD8_7B49_4EE3_65702_20note.md.tex:125: Preview: Snippet 118 started.
<-><->
      
l.125 $
       Av=S(A)v$
Not a real error.

./_9AD8_7B49_4EE3_65702_20note.md.tex:125: Preview: Snippet 118 ended.(491520+163840x3488572).
<-><->
      
l.125 $Av=S(A)v$
                
Not a real error.

[118]
./_9AD8_7B49_4EE3_65702_20note.md.tex:126: Preview: Snippet 119 started.
<-><->
      
l.126 $
       \mu$
Not a real error.

./_9AD8_7B49_4EE3_65702_20note.md.tex:126: Preview: Snippet 119 ended.(282168+127431x394886).
<-><->
      
l.126 $\mu$
           
Not a real error.

[119]
./_9AD8_7B49_4EE3_65702_20note.md.tex:127: Preview: Snippet 120 started.
<-><->
      
l.127 $
       \neq S(A)$
Not a real error.

./_9AD8_7B49_4EE3_65702_20note.md.tex:127: Preview: Snippet 120 ended.(491520+163840x2132649).
<-><->
      
l.127 $\neq S(A)$
                 
Not a real error.

[120]
./_9AD8_7B49_4EE3_65702_20note.md.tex:128: Preview: Snippet 121 started.
<-><->
      
l.128 $
       |\mu|<S(A)$
Not a real error.

./_9AD8_7B49_4EE3_65702_20note.md.tex:128: Preview: Snippet 121 ended.(491520+163840x3073665).
<-><->
      
l.128 $|\mu|<S(A)$
                  
Not a real error.

[121]
./_9AD8_7B49_4EE3_65702_20note.md.tex:129: Preview: Snippet 122 started.
<-><->
      
l.129 $
       A\geq0$
Not a real error.

./_9AD8_7B49_4EE3_65702_20note.md.tex:129: Preview: Snippet 122 ended.(447828+89110x1693008).
<-><->
      
l.129 $A\geq0$
              
Not a real error.

[122]
./_9AD8_7B49_4EE3_65702_20note.md.tex:130: Preview: Snippet 123 started.
<-><->
      
l.130 $
       S:=\{x\in \mathbb{R}^n:\lVert x \rVert=1,x\geq0\}$
Not a real error.

./_9AD8_7B49_4EE3_65702_20note.md.tex:130: Preview: Snippet 123 ended.(491520+163840x8801285).
<-><->
      
l.130 ... \mathbb{R}^n:\lVert x \rVert=1,x\geq0\}$
                                                  
Not a real error.

[123]
./_9AD8_7B49_4EE3_65702_20note.md.tex:131: Preview: Snippet 124 started.
<-><->
      
l.131 $
       \mathcal{L}:S \rightarrow \mathbb{R}_{\geq0}$
Not a real error.

./_9AD8_7B49_4EE3_65702_20note.md.tex:131: Preview: Snippet 124 ended.(451470+183387x3634140).
<-><->
      
l.131 ...hcal{L}:S \rightarrow \mathbb{R}_{\geq0}$
                                                  
Not a real error.

[124]
./_9AD8_7B49_4EE3_65702_20note.md.tex:132: Preview: Snippet 125 started.
<-><->
      
l.132 $
       x \mapsto \min\{\frac{(Ax)_i}{x_i}:1 \leq i \leq n, x_i \neq 0\}$
Not a real error.

./_9AD8_7B49_4EE3_65702_20note.md.tex:132: Preview: Snippet 125 ended.(661912+291531x9933509).
<-><->
      
l.132 ...x)_i}{x_i}:1 \leq i \leq n, x_i \neq 0\}$
                                                  
Not a real error.

[125]
./_9AD8_7B49_4EE3_65702_20note.md.tex:133: Preview: Snippet 126 started.
<-><->
      
l.133 $
       v \in S$
Not a real error.

./_9AD8_7B49_4EE3_65702_20note.md.tex:133: Preview: Snippet 126 ended.(447828+25623x1581805).
<-><->
      
l.133 $v \in S$
               
Not a real error.

[126]
./_9AD8_7B49_4EE3_65702_20note.md.tex:134: Preview: Snippet 127 started.
<-><->
      
l.134 $
       S>0$
Not a real error.

./_9AD8_7B49_4EE3_65702_20note.md.tex:134: Preview: Snippet 127 ended.(447828+25623x1641123).
<-><->
      
l.134 $S>0$
           
Not a real error.

[127]
./_9AD8_7B49_4EE3_65702_20note.md.tex:135: Preview: Snippet 128 started.
<-><->
      
l.135 $
       Av=S(A)v$
Not a real error.

./_9AD8_7B49_4EE3_65702_20note.md.tex:135: Preview: Snippet 128 ended.(491520+163840x3488572).
<-><->
      
l.135 $Av=S(A)v$
                
Not a real error.

[128]
./_9AD8_7B49_4EE3_65702_20note.md.tex:136: Preview: Snippet 129 started.
<-><->
      
l.136 $
       \mathcal{L}(v)=S$
Not a real error.

./_9AD8_7B49_4EE3_65702_20note.md.tex:136: Preview: Snippet 129 ended.(491520+163840x2616367).
<-><->
      
l.136 $\mathcal{L}(v)=S$
                        
Not a real error.

[129]
./_9AD8_7B49_4EE3_65702_20note.md.tex:137: Preview: Snippet 130 started.
<-><->
      
l.137 $
       Av \geq Sv$
Not a real error.

./_9AD8_7B49_4EE3_65702_20note.md.tex:137: Preview: Snippet 130 ended.(447828+89110x2487325).
<-><->
      
l.137 $Av \geq Sv$
                  
Not a real error.

[130]
./_9AD8_7B49_4EE3_65702_20note.md.tex:138: Preview: Snippet 131 started.
<-><->
      
l.138 $
       Av\neq Sv$
Not a real error.

./_9AD8_7B49_4EE3_65702_20note.md.tex:138: Preview: Snippet 131 ended.(455111+127430x2487325).
<-><->
      
l.138 $Av\neq Sv$
                 
Not a real error.

[131]
./_9AD8_7B49_4EE3_65702_20note.md.tex:139: Preview: Snippet 132 started.
<-><->
      
l.139 $
       Av-Sv>0$
Not a real error.

./_9AD8_7B49_4EE3_65702_20note.md.tex:139: Preview: Snippet 132 ended.(447828+54613x3615996).
<-><->
      
l.139 $Av-Sv>0$
               
Not a real error.

[132]
./_9AD8_7B49_4EE3_65702_20note.md.tex:140: Preview: Snippet 133 started.
<-><->
      
l.140 $
       A(Av-Sv)>0$
Not a real error.

./_9AD8_7B49_4EE3_65702_20note.md.tex:140: Preview: Snippet 133 ended.(491520+163840x4617243).
<-><->
      
l.140 $A(Av-Sv)>0$
                  
Not a real error.

[133]
./_9AD8_7B49_4EE3_65702_20note.md.tex:141: Preview: Snippet 134 started.
<-><->
      
l.141 $
       \epsilon>0$
Not a real error.

./_9AD8_7B49_4EE3_65702_20note.md.tex:141: Preview: Snippet 134 ended.(422343+25623x1467500).
<-><->
      
l.141 $\epsilon>0$
                  
Not a real error.

[134]
./_9AD8_7B49_4EE3_65702_20note.md.tex:142: Preview: Snippet 135 started.
<-><->
      
l.142 $
       A(Av-Sv)>\epsilon Av$
Not a real error.

./_9AD8_7B49_4EE3_65702_20note.md.tex:142: Preview: Snippet 135 ended.(491520+163840x5388277).
<-><->
      
l.142 $A(Av-Sv)>\epsilon Av$
                            
Not a real error.

[135]
./_9AD8_7B49_4EE3_65702_20note.md.tex:143: Preview: Snippet 136 started.
<-><->
      
l.143 $
       Aw>(S+\epsilon)w$
Not a real error.

./_9AD8_7B49_4EE3_65702_20note.md.tex:143: Preview: Snippet 136 ended.(491520+163840x4355328).
<-><->
      
l.143 $Aw>(S+\epsilon)w$
                        
Not a real error.

[136]
./_9AD8_7B49_4EE3_65702_20note.md.tex:144: Preview: Snippet 137 started.
<-><->
      
l.144 $
       w=t\cdot Av$
Not a real error.

./_9AD8_7B49_4EE3_65702_20note.md.tex:144: Preview: Snippet 137 ended.(447828+0x2903293).
<-><->
      
l.144 $w=t\cdot Av$
                   
Not a real error.

[137]
./_9AD8_7B49_4EE3_65702_20note.md.tex:145: Preview: Snippet 138 started.
<-><->
      
l.145 $
       \mathcal{L} \geq S+\epsilon$
Not a real error.

./_9AD8_7B49_4EE3_65702_20note.md.tex:145: Preview: Snippet 138 ended.(447828+89110x2832463).
<-><->
      
l.145 $\mathcal{L} \geq S+\epsilon$
                                   
Not a real error.

[138]
./_9AD8_7B49_4EE3_65702_20note.md.tex:146: Preview: Snippet 139 started.
<-><->
      
l.146 $
       Av=Sv$
Not a real error.

./_9AD8_7B49_4EE3_65702_20note.md.tex:146: Preview: Snippet 139 ended.(447828+0x2487325).
<-><->
      
l.146 $Av=Sv$
             
Not a real error.

[139]
./_9AD8_7B49_4EE3_65702_20note.md.tex:147: Preview: Snippet 140 started.
<-><->
      
l.147 $
       S \leq S(A)$
Not a real error.

./_9AD8_7B49_4EE3_65702_20note.md.tex:147: Preview: Snippet 140 ended.(491520+163840x2754325).
<-><->
      
l.147 $S \leq S(A)$
                   
Not a real error.

[140]
./_9AD8_7B49_4EE3_65702_20note.md.tex:148: Preview: Snippet 141 started.
<-><->
      
l.148 $
       S=S(A)$
Not a real error.

./_9AD8_7B49_4EE3_65702_20note.md.tex:148: Preview: Snippet 141 ended.(491520+163840x2754325).
<-><->
      
l.148 $S=S(A)$
              
Not a real error.

[141]
./_9AD8_7B49_4EE3_65702_20note.md.tex:149: Preview: Snippet 142 started.
<-><->
      
l.149 $
       \mu\in\mathbb{C}, w\in \mathbb{C}^n-{0}, Aw=\mu w$
Not a real error.

./_9AD8_7B49_4EE3_65702_20note.md.tex:149: Preview: Snippet 142 ended.(451470+127431x8232104).
<-><->
      
l.149 ...thbb{C}, w\in \mathbb{C}^n-{0}, Aw=\mu w$
                                                  
Not a real error.

[142]
./_9AD8_7B49_4EE3_65702_20note.md.tex:150: Preview: Snippet 143 started.
<-><->
      
l.150 $
       |(\mu w)_i|=|\mu||W_i|$
Not a real error.

./_9AD8_7B49_4EE3_65702_20note.md.tex:150: Preview: Snippet 143 ended.(491520+163840x4807719).
<-><->
      
l.150 $|(\mu w)_i|=|\mu||W_i|$
                              
Not a real error.

[143]
./_9AD8_7B49_4EE3_65702_20note.md.tex:151: Preview: Snippet 144 started.
<-><->
      
l.151 $
       |\sum a_{ij}w_j| \leq \sum a_{ij}|w_j|$
Not a real error.

./_9AD8_7B49_4EE3_65702_20note.md.tex:151: Preview: Snippet 144 ended.(491524+187504x6419798).
<-><->
      
l.151 $|\sum a_{ij}w_j| \leq \sum a_{ij}|w_j|$
                                              
Not a real error.

[144]
./_9AD8_7B49_4EE3_65702_20note.md.tex:152: Preview: Snippet 145 started.
<-><->
      
l.152 $
       w'\in\mathbb{C}^n$
Not a real error.

./_9AD8_7B49_4EE3_65702_20note.md.tex:152: Preview: Snippet 145 ended.(492688+25623x2301721).
<-><->
      
l.152 $w'\in\mathbb{C}^n$
                         
Not a real error.

[145]
./_9AD8_7B49_4EE3_65702_20note.md.tex:153: Preview: Snippet 146 started.
<-><->
      
l.153 $
       |w_i|$
Not a real error.

./_9AD8_7B49_4EE3_65702_20note.md.tex:153: Preview: Snippet 146 ended.(491520+163840x1051461).
<-><->
      
l.153 $|w_i|$
             
Not a real error.

[146]
./_9AD8_7B49_4EE3_65702_20note.md.tex:154: Preview: Snippet 147 started.
<-><->
      
l.154 $
       S(A) \geq S \geq \mathcal{L}(w') \geq |\mu|$
Not a real error.

./_9AD8_7B49_4EE3_65702_20note.md.tex:154: Preview: Snippet 147 ended.(492688+163840x6893340).
<-><->
      
l.154 ...) \geq S \geq \mathcal{L}(w') \geq |\mu|$
                                                  
Not a real error.

[147]
./_9AD8_7B49_4EE3_65702_20note.md.tex:155: Preview: Snippet 148 started.
<-><->
      
l.155 $
       \mu$
Not a real error.

./_9AD8_7B49_4EE3_65702_20note.md.tex:155: Preview: Snippet 148 ended.(282168+127431x394886).
<-><->
      
l.155 $\mu$
           
Not a real error.

[148]
./_9AD8_7B49_4EE3_65702_20note.md.tex:156: Preview: Snippet 149 started.
<-><->
      
l.156 $
       S=S(A)$
Not a real error.

./_9AD8_7B49_4EE3_65702_20note.md.tex:156: Preview: Snippet 149 ended.(491520+163840x2754325).
<-><->
      
l.156 $S=S(A)$
              
Not a real error.

[149]
./_9AD8_7B49_4EE3_65702_20note.md.tex:157: Preview: Snippet 150 started.
<-><->
      
l.157 $
       |\mu|=S(A)$
Not a real error.

./_9AD8_7B49_4EE3_65702_20note.md.tex:157: Preview: Snippet 150 ended.(491520+163840x3073665).
<-><->
      
l.157 $|\mu|=S(A)$
                  
Not a real error.

[150]
./_9AD8_7B49_4EE3_65702_20note.md.tex:158: Preview: Snippet 151 started.
<-><->
      
l.158 $
       \mu=S(A)$
Not a real error.

./_9AD8_7B49_4EE3_65702_20note.md.tex:158: Preview: Snippet 151 ended.(491520+163840x2709575).
<-><->
      
l.158 $\mu=S(A)$
                
Not a real error.

[151]
./_9AD8_7B49_4EE3_65702_20note.md.tex:159: Preview: Snippet 152 started.
<-><->
      
l.159 $
       |\mu|=S(A)$
Not a real error.

./_9AD8_7B49_4EE3_65702_20note.md.tex:159: Preview: Snippet 152 ended.(491520+163840x3073665).
<-><->
      
l.159 $|\mu|=S(A)$
                  
Not a real error.

[152]
./_9AD8_7B49_4EE3_65702_20note.md.tex:160: Preview: Snippet 153 started.
<-><->
      
l.160 $
       \mathcal{L}(w')=\max \mathcal{L}$
Not a real error.

./_9AD8_7B49_4EE3_65702_20note.md.tex:160: Preview: Snippet 153 ended.(492688+163840x4287177).
<-><->
      
l.160 $\mathcal{L}(w')=\max \mathcal{L}$
                                        
Not a real error.

[153]
./_9AD8_7B49_4EE3_65702_20note.md.tex:161: Preview: Snippet 154 started.
<-><->
      
l.161 $
       \sum\limits_{j}a_{ij}|w_j|=|\sum\limits_j a_{ij}w_j|$
Not a real error.

./_9AD8_7B49_4EE3_65702_20note.md.tex:161: Preview: Snippet 154 ended.(491524+731365x6419798).
<-><->
      
l.161 ...{j}a_{ij}|w_j|=|\sum\limits_j a_{ij}w_j|$
                                                  
Not a real error.

[154]
./_9AD8_7B49_4EE3_65702_20note.md.tex:162: Preview: Snippet 155 started.
<-><->
      
l.162 $
       w_i$
Not a real error.

./_9AD8_7B49_4EE3_65702_20note.md.tex:162: Preview: Snippet 155 ended.(282168+98303x687371).
<-><->
      
l.162 $w_i$
           
Not a real error.

[155]
./_9AD8_7B49_4EE3_65702_20note.md.tex:163: Preview: Snippet 156 started.
<-><->
      
l.163 $
       \mathbb{C}$
Not a real error.

./_9AD8_7B49_4EE3_65702_20note.md.tex:163: Preview: Snippet 156 ended.(451470+0x473316).
<-><->
      
l.163 $\mathbb{C}$
                  
Not a real error.

[156]
./_9AD8_7B49_4EE3_65702_20note.md.tex:164: Preview: Snippet 157 started.
<-><->
      
l.164 $
       c \in \mathbb{C}$
Not a real error.

./_9AD8_7B49_4EE3_65702_20note.md.tex:164: Preview: Snippet 157 ended.(451470+25623x1557915).
<-><->
      
l.164 $c \in \mathbb{C}$
                        
Not a real error.

[157]
./_9AD8_7B49_4EE3_65702_20note.md.tex:165: Preview: Snippet 158 started.
<-><->
      
l.165 $
       c^{-1}w_i \in \mathbb{R}_{\geq0}$
Not a real error.

./_9AD8_7B49_4EE3_65702_20note.md.tex:165: Preview: Snippet 158 ended.(533465+183387x3652494).
<-><->
      
l.165 $c^{-1}w_i \in \mathbb{R}_{\geq0}$
                                        
Not a real error.

[158]
./_9AD8_7B49_4EE3_65702_20note.md.tex:166: Preview: Snippet 159 started.
<-><->
      
l.166 $
       A(c^{-1}w)=\mu(c^{-1}w)$
Not a real error.

./_9AD8_7B49_4EE3_65702_20note.md.tex:166: Preview: Snippet 159 ended.(533465+163840x5727731).
<-><->
      
l.166 $A(c^{-1}w)=\mu(c^{-1}w)$
                               
Not a real error.

[159]
./_9AD8_7B49_4EE3_65702_20note.md.tex:167: Preview: Snippet 160 started.
<-><->
      
l.167 $
       \mu \in \mathbb{R}_{\geq 0}$
Not a real error.

./_9AD8_7B49_4EE3_65702_20note.md.tex:167: Preview: Snippet 160 ended.(451470+183387x2372794).
<-><->
      
l.167 $\mu \in \mathbb{R}_{\geq 0}$
                                   
Not a real error.

[160]
./_9AD8_7B49_4EE3_65702_20note.md.tex:168: Preview: Snippet 161 started.
<-><->
      
l.168 $
       \mu=S(A)$
Not a real error.

./_9AD8_7B49_4EE3_65702_20note.md.tex:168: Preview: Snippet 161 ended.(491520+163840x2709575).
<-><->
      
l.168 $\mu=S(A)$
                
Not a real error.

[161]
./_9AD8_7B49_4EE3_65702_20note.md.tex:169: Preview: Snippet 162 started.
<-><->
      
l.169 $
       v,v' \in \mathbb{R}^n$
Not a real error.

./_9AD8_7B49_4EE3_65702_20note.md.tex:169: Preview: Snippet 162 ended.(492688+127431x2788534).
<-><->
      
l.169 $v,v' \in \mathbb{R}^n$
                             
Not a real error.

[162]
./_9AD8_7B49_4EE3_65702_20note.md.tex:170: Preview: Snippet 163 started.
<-><->
      
l.170 $
       Av=S(A)v,Av'=S(A)v'$
Not a real error.

./_9AD8_7B49_4EE3_65702_20note.md.tex:170: Preview: Snippet 163 ended.(492688+163840x7636143).
<-><->
      
l.170 $Av=S(A)v,Av'=S(A)v'$
                           
Not a real error.

[163]
./_9AD8_7B49_4EE3_65702_20note.md.tex:171: Preview: Snippet 164 started.
<-><->
      
l.171 $
       v>0$
Not a real error.

./_9AD8_7B49_4EE3_65702_20note.md.tex:171: Preview: Snippet 164 ended.(422343+25623x1542668).
<-><->
      
l.171 $v>0$
           
Not a real error.

[164]
./_9AD8_7B49_4EE3_65702_20note.md.tex:172: Preview: Snippet 165 started.
<-><->
      
l.172 $
       v' \in \mathbb{R}v$
Not a real error.

./_9AD8_7B49_4EE3_65702_20note.md.tex:172: Preview: Snippet 165 ended.(492688+25623x2140531).
<-><->
      
l.172 $v' \in \mathbb{R}v$
                          
Not a real error.

[165]
./_9AD8_7B49_4EE3_65702_20note.md.tex:173: Preview: Snippet 166 started.
<-><->
      
l.173 $
       \epsilon>0$
Not a real error.

./_9AD8_7B49_4EE3_65702_20note.md.tex:173: Preview: Snippet 166 ended.(422343+25623x1467500).
<-><->
      
l.173 $\epsilon>0$
                  
Not a real error.

[166]
./_9AD8_7B49_4EE3_65702_20note.md.tex:174: Preview: Snippet 167 started.
<-><->
      
l.174 $
       v-\epsilon v'>0$
Not a real error.

./_9AD8_7B49_4EE3_65702_20note.md.tex:174: Preview: Snippet 167 ended.(492688+54613x3134717).
<-><->
      
l.174 $v-\epsilon v'>0$
                       
Not a real error.

[167]
./_9AD8_7B49_4EE3_65702_20note.md.tex:175: Preview: Snippet 168 started.
<-><->
      
l.175 $
       \exists i,(v-\epsilon v')_i=0$
Not a real error.

./_9AD8_7B49_4EE3_65702_20note.md.tex:175: Preview: Snippet 168 ended.(492688+163840x4743770).
<-><->
      
l.175 $\exists i,(v-\epsilon v')_i=0$
                                     
Not a real error.

[168]
./_9AD8_7B49_4EE3_65702_20note.md.tex:176: Preview: Snippet 169 started.
<-><->
      
l.176 $
       (v-\epsilon v')=S(A)^{-1}A(v-\epsilon v')>0$
Not a real error.

./_9AD8_7B49_4EE3_65702_20note.md.tex:176: Preview: Snippet 169 ended.(533465+163840x9597213).
<-><->
      
l.176 ...\epsilon v')=S(A)^{-1}A(v-\epsilon v')>0$
                                                  
Not a real error.

[169]
./_9AD8_7B49_4EE3_65702_20note.md.tex:177: Preview: Snippet 170 started.
<-><->
      
l.177 $
       n \geq 2$
Not a real error.

./_9AD8_7B49_4EE3_65702_20note.md.tex:177: Preview: Snippet 170 ended.(422343+89110x1594857).
<-><->
      
l.177 $n \geq 2$
                
Not a real error.

[170]
./_9AD8_7B49_4EE3_65702_20note.md.tex:178: Preview: Snippet 171 started.
<-><->
      
l.178 $
       v>0$
Not a real error.

./_9AD8_7B49_4EE3_65702_20note.md.tex:178: Preview: Snippet 171 ended.(422343+25623x1542668).
<-><->
      
l.178 $v>0$
           
Not a real error.

[171]
./_9AD8_7B49_4EE3_65702_20note.md.tex:179: Preview: Snippet 172 started.
<-><->
      
l.179 $
       Av=S(A)v$
Not a real error.

./_9AD8_7B49_4EE3_65702_20note.md.tex:179: Preview: Snippet 172 ended.(491520+163840x3488572).
<-><->
      
l.179 $Av=S(A)v$
                
Not a real error.

[172]
./_9AD8_7B49_4EE3_65702_20note.md.tex:180: Preview: Snippet 173 started.
<-><->
      
l.180 $
       S(A)=S(A^T)$
Not a real error.

./_9AD8_7B49_4EE3_65702_20note.md.tex:180: Preview: Snippet 173 ended.(551306+163840x4168426).
<-><->
      
l.180 $S(A)=S(A^T)$
                   
Not a real error.

[173]
./_9AD8_7B49_4EE3_65702_20note.md.tex:181: Preview: Snippet 174 started.
<-><->
      
l.181 $
       \exists u\in\mathbb{R}^n,u>0,s.t.A^Tu=S(A)u$
Not a real error.

./_9AD8_7B49_4EE3_65702_20note.md.tex:181: Preview: Snippet 174 ended.(551306+163840x9406829).
<-><->
      
l.181 ...ists u\in\mathbb{R}^n,u>0,s.t.A^Tu=S(A)u$
                                                  
Not a real error.

[174]
./_9AD8_7B49_4EE3_65702_20note.md.tex:182: Preview: Snippet 175 started.
<-><->
      
l.182 $
       \langle u \rangle:=\mathbb{R}u, \langle u \rangle^{\perp}:=\{x\in\mat...
Not a real error.

./_9AD8_7B49_4EE3_65702_20note.md.tex:182: Preview: Snippet 175 ended.(556402+163840x10707531).
<-><->
      
l.182 ...{\perp}:=\{x\in\mathbb{R}:u^{\perp}x=0\}$
                                                  
Not a real error.

[175]
./_9AD8_7B49_4EE3_65702_20note.md.tex:183: Preview: Snippet 176 started.
<-><->
      
l.183 $
       \langle u \rangle^{\perp}$
Not a real error.

./_9AD8_7B49_4EE3_65702_20note.md.tex:183: Preview: Snippet 176 ended.(556402+163840x1327261).
<-><->
      
l.183 $\langle u \rangle^{\perp}$
                                 
Not a real error.

[176]
./_9AD8_7B49_4EE3_65702_20note.md.tex:184: Preview: Snippet 177 started.
<-><->
      
l.184 $
       u^Tv=0$
Not a real error.

./_9AD8_7B49_4EE3_65702_20note.md.tex:184: Preview: Snippet 177 ended.(551306+0x2330688).
<-><->
      
l.184 $u^Tv=0$
              
Not a real error.

[177]
./_9AD8_7B49_4EE3_65702_20note.md.tex:185: Preview: Snippet 178 started.
<-><->
      
l.185 $
       \mathbb{R}^n=\langle v\rangle \oplus \langle u \rangle^{\perp}$
Not a real error.

./_9AD8_7B49_4EE3_65702_20note.md.tex:185: Preview: Snippet 178 ended.(556402+163840x4683014).
<-><->
      
l.185 ...\rangle \oplus \langle u \rangle^{\perp}$
                                                  
Not a real error.

[178]
./_9AD8_7B49_4EE3_65702_20note.md.tex:186: Preview: Snippet 179 started.
<-><->
      
l.186 $
       Char_A=Char_{A|_{\langle v \rangle}} \cdot Char_{A|_{\langle u \rangl...
Not a real error.

./_9AD8_7B49_4EE3_65702_20note.md.tex:186: Preview: Snippet 179 ended.(455111+366275x9305715).
<-><->
      
l.186 ...ot Char_{A|_{\langle u \rangle^{\perp}}}$
                                                  
Not a real error.

[179]
./_9AD8_7B49_4EE3_65702_20note.md.tex:187: Preview: Snippet 180 started.
<-><->
      
l.187 $
       (x-S(A))^2|Char_A$
Not a real error.

./_9AD8_7B49_4EE3_65702_20note.md.tex:187: Preview: Snippet 180 ended.(533465+163840x5564053).
<-><->
      
l.187 $(x-S(A))^2|Char_A$
                         
Not a real error.

[180]
./_9AD8_7B49_4EE3_65702_20note.md.tex:188: Preview: Snippet 181 started.
<-><->
      
l.188 $
       Char_{A|_{\langle u \rangle^{\perp}}}(S(A))=0$
Not a real error.

./_9AD8_7B49_4EE3_65702_20note.md.tex:188: Preview: Snippet 181 ended.(491520+366275x6358764).
<-><->
      
l.188 ...{A|_{\langle u \rangle^{\perp}}}(S(A))=0$
                                                  
Not a real error.

[181]
./_9AD8_7B49_4EE3_65702_20note.md.tex:189: Preview: Snippet 182 started.
<-><->
      
l.189 $
       S(A)-eigenvector$
Not a real error.

./_9AD8_7B49_4EE3_65702_20note.md.tex:189: Preview: Snippet 182 ended.(491520+163840x5605575).
<-><->
      
l.189 $S(A)-eigenvector$
                        
Not a real error.

[182]
./_9AD8_7B49_4EE3_65702_20note.md.tex:190: Preview: Snippet 183 started.
<-><->
      
l.190 $
       v'$
Not a real error.

./_9AD8_7B49_4EE3_65702_20note.md.tex:190: Preview: Snippet 183 ended.(492688+0x525046).
<-><->
      
l.190 $v'$
          
Not a real error.

[183]
./_9AD8_7B49_4EE3_65702_20note.md.tex:191: Preview: Snippet 184 started.
<-><->
      
l.191 $
       \langle u \rangle^{\perp}$
Not a real error.

./_9AD8_7B49_4EE3_65702_20note.md.tex:191: Preview: Snippet 184 ended.(556402+163840x1327261).
<-><->
      
l.191 $\langle u \rangle^{\perp}$
                                 
Not a real error.

[184]
./_9AD8_7B49_4EE3_65702_20note.md.tex:192: Preview: Snippet 185 started.
<-><->
      
l.192 $
       A \geq 0$
Not a real error.

./_9AD8_7B49_4EE3_65702_20note.md.tex:192: Preview: Snippet 185 ended.(447828+89110x1693008).
<-><->
      
l.192 $A \geq 0$
                
Not a real error.

[185]
./_9AD8_7B49_4EE3_65702_20note.md.tex:193: Preview: Snippet 186 started.
<-><->
      
l.193 $
       \mathbb{R}$
Not a real error.

./_9AD8_7B49_4EE3_65702_20note.md.tex:193: Preview: Snippet 186 ended.(451470+0x473316).
<-><->
      
l.193 $\mathbb{R}$
                  
Not a real error.

[186]
./_9AD8_7B49_4EE3_65702_20note.md.tex:194: Preview: Snippet 187 started.
<-><->
      
l.194 $
       \times$
Not a real error.

./_9AD8_7B49_4EE3_65702_20note.md.tex:194: Preview: Snippet 187 ended.(382293+54613x509726).
<-><->
      
l.194 $\times$
              
Not a real error.

[187]
./_9AD8_7B49_4EE3_65702_20note.md.tex:195: Preview: Snippet 188 started.
<-><->
      
l.195 $
       \mathbb{C}$
Not a real error.

./_9AD8_7B49_4EE3_65702_20note.md.tex:195: Preview: Snippet 188 ended.(451470+0x473316).
<-><->
      
l.195 $\mathbb{C}$
                  
Not a real error.

[188]
./_9AD8_7B49_4EE3_65702_20note.md.tex:196: Preview: Snippet 189 started.
<-><->
      
l.196 $
       (\cdot|\cdot):V\times V \rightarrow \mathbb{C}$
Not a real error.

./_9AD8_7B49_4EE3_65702_20note.md.tex:196: Preview: Snippet 189 ended.(491520+163840x4951591).
<-><->
      
l.196 ...|\cdot):V\times V \rightarrow \mathbb{C}$
                                                  
Not a real error.

[189]
./_9AD8_7B49_4EE3_65702_20note.md.tex:197: Preview: Snippet 190 started.
<-><->
      
l.197 $
       T:V\rightarrow W$
Not a real error.

./_9AD8_7B49_4EE3_65702_20note.md.tex:197: Preview: Snippet 190 ended.(447828+0x3277468).
<-><->
      
l.197 $T:V\rightarrow W$
                        
Not a real error.

[190]
./_9AD8_7B49_4EE3_65702_20note.md.tex:198: Preview: Snippet 191 started.
<-><->
      
l.198 $
       \mathbb{C}-v.s.$
Not a real error.

./_9AD8_7B49_4EE3_65702_20note.md.tex:198: Preview: Snippet 191 ended.(451470+54613x2286777).
<-><->
      
l.198 $\mathbb{C}-v.s.$
                       
Not a real error.

[191]
./_9AD8_7B49_4EE3_65702_20note.md.tex:199: Preview: Snippet 192 started.
<-><->
      
l.199 $
       T(v_1+v_2)=Tv_1+Tv_2$
Not a real error.

./_9AD8_7B49_4EE3_65702_20note.md.tex:199: Preview: Snippet 192 ended.(491520+163840x6854193).
<-><->
      
l.199 $T(v_1+v_2)=Tv_1+Tv_2$
                            
Not a real error.

[192]
./_9AD8_7B49_4EE3_65702_20note.md.tex:200: Preview: Snippet 193 started.
<-><->
      
l.200 $
       T(zv_1)=\bar{z}\,Tv_1$
Not a real error.

./_9AD8_7B49_4EE3_65702_20note.md.tex:200: Preview: Snippet 193 ended.(491520+163840x4331292).
<-><->
      
l.200 $T(zv_1)=\bar{z}\,Tv_1$
                             
Not a real error.

[193]
./_9AD8_7B49_4EE3_65702_20note.md.tex:201: Preview: Snippet 194 started.
<-><->
      
l.201 $
       \mathbb{C} -v.s.$
Not a real error.

./_9AD8_7B49_4EE3_65702_20note.md.tex:201: Preview: Snippet 194 ended.(451470+54613x2286777).
<-><->
      
l.201 $\mathbb{C} -v.s.$
                        
Not a real error.

[194]
./_9AD8_7B49_4EE3_65702_20note.md.tex:202: Preview: Snippet 195 started.
<-><->
      
l.202 $
       (\cdot|\cdot):V\times V \rightarrow \mathbb{C}$
Not a real error.

./_9AD8_7B49_4EE3_65702_20note.md.tex:202: Preview: Snippet 195 ended.(491520+163840x4951591).
<-><->
      
l.202 ...|\cdot):V\times V \rightarrow \mathbb{C}$
                                                  
Not a real error.

[195]
./_9AD8_7B49_4EE3_65702_20note.md.tex:203: Preview: Snippet 196 started.
<-><->
      
l.203 $
       v_2$
Not a real error.

./_9AD8_7B49_4EE3_65702_20note.md.tex:203: Preview: Snippet 196 ended.(282168+98303x611671).
<-><->
      
l.203 $v_2$
           
Not a real error.

[196]
./_9AD8_7B49_4EE3_65702_20note.md.tex:204: Preview: Snippet 197 started.
<-><->
      
l.204 $
       v_1$
Not a real error.

./_9AD8_7B49_4EE3_65702_20note.md.tex:204: Preview: Snippet 197 ended.(282168+98303x611671).
<-><->
      
l.204 $v_1$
           
Not a real error.

[197]
./_9AD8_7B49_4EE3_65702_20note.md.tex:205: Preview: Snippet 198 started.
<-><->
      
l.205 $
       (v_1|v_2)=(v_2|v_1),(v|v)+0$
Not a real error.

./_9AD8_7B49_4EE3_65702_20note.md.tex:205: Preview: Snippet 198 ended.(491520+163840x7498105).
<-><->
      
l.205 $(v_1|v_2)=(v_2|v_1),(v|v)+0$
                                   
Not a real error.

[198]
./_9AD8_7B49_4EE3_65702_20note.md.tex:206: Preview: Snippet 199 started.
<-><->
      
l.206 $
       \mathbb{C}-v.s.$
Not a real error.

./_9AD8_7B49_4EE3_65702_20note.md.tex:206: Preview: Snippet 199 ended.(451470+54613x2286777).
<-><->
      
l.206 $\mathbb{C}-v.s.$
                       
Not a real error.

[199]
./_9AD8_7B49_4EE3_65702_20note.md.tex:207: Preview: Snippet 200 started.
<-><->
      
l.207 $
       +:V\times V\rightarrow V$
Not a real error.

./_9AD8_7B49_4EE3_65702_20note.md.tex:207: Preview: Snippet 200 ended.(447828+54613x4460069).
<-><->
      
l.207 $+:V\times V\rightarrow V$
                                
Not a real error.

[200]
./_9AD8_7B49_4EE3_65702_20note.md.tex:208: Preview: Snippet 201 started.
<-><->
      
l.208 $
       \odot:\mathbb{C}\times V\rightarrow V$
Not a real error.

./_9AD8_7B49_4EE3_65702_20note.md.tex:208: Preview: Snippet 201 ended.(451470+54613x4405456).
<-><->
      
l.208 $\odot:\mathbb{C}\times V\rightarrow V$
                                             
Not a real error.

[201]
./_9AD8_7B49_4EE3_65702_20note.md.tex:209: Preview: Snippet 202 started.
<-><->
      
l.209 $
       (z,v) \mapsto \bar{z} v$
Not a real error.

./_9AD8_7B49_4EE3_65702_20note.md.tex:209: Preview: Snippet 202 ended.(491520+163840x3169994).
<-><->
      
l.209 $(z,v) \mapsto \bar{z} v$
                               
Not a real error.

[202]
./_9AD8_7B49_4EE3_65702_20note.md.tex:210: Preview: Snippet 203 started.
<-><->
      
l.210 $
       (V,+,\odot)$
Not a real error.

./_9AD8_7B49_4EE3_65702_20note.md.tex:210: Preview: Snippet 203 ended.(491520+163840x2530418).
<-><->
      
l.210 $(V,+,\odot)$
                   
Not a real error.

[203]
./_9AD8_7B49_4EE3_65702_20note.md.tex:211: Preview: Snippet 204 started.
<-><->
      
l.211 $
       \mathbb{C}-v.s.$
Not a real error.

./_9AD8_7B49_4EE3_65702_20note.md.tex:211: Preview: Snippet 204 ended.(451470+54613x2286777).
<-><->
      
l.211 $\mathbb{C}-v.s.$
                       
Not a real error.

[204]
./_9AD8_7B49_4EE3_65702_20note.md.tex:212: Preview: Snippet 205 started.
<-><->
      
l.212 $
       \overline{V}$
Not a real error.

./_9AD8_7B49_4EE3_65702_20note.md.tex:212: Preview: Snippet 205 ended.(578893+0x527929).
<-><->
      
l.212 $\overline{V}$
                    
Not a real error.

[205]
./_9AD8_7B49_4EE3_65702_20note.md.tex:213: Preview: Snippet 206 started.
<-><->
      
l.213 $
       \overline{\overline{V}}=V$
Not a real error.

./_9AD8_7B49_4EE3_65702_20note.md.tex:213: Preview: Snippet 206 ended.(709958+0x1929664).
<-><->
      
l.213 $\overline{\overline{V}}=V$
                                 
Not a real error.

[206]
./_9AD8_7B49_4EE3_65702_20note.md.tex:214: Preview: Snippet 207 started.
<-><->
      
l.214 $
       z\mapsto \bar{z}$
Not a real error.

./_9AD8_7B49_4EE3_65702_20note.md.tex:214: Preview: Snippet 207 ended.(372098+0x1686637).
<-><->
      
l.214 $z\mapsto \bar{z}$
                        
Not a real error.

[207]
./_9AD8_7B49_4EE3_65702_20note.md.tex:215: Preview: Snippet 208 started.
<-><->
      
l.215 $
       \mathbb{C}$
Not a real error.

./_9AD8_7B49_4EE3_65702_20note.md.tex:215: Preview: Snippet 208 ended.(451470+0x473316).
<-><->
      
l.215 $\mathbb{C}$
                  
Not a real error.

[208]
./_9AD8_7B49_4EE3_65702_20note.md.tex:216: Preview: Snippet 209 started.
<-><->
      
l.216 $
       \overline{\mathbb{C}}$
Not a real error.

./_9AD8_7B49_4EE3_65702_20note.md.tex:216: Preview: Snippet 209 ended.(582535+0x473316).
<-><->
      
l.216 $\overline{\mathbb{C}}$
                             
Not a real error.

[209]
./_9AD8_7B49_4EE3_65702_20note.md.tex:217: Preview: Snippet 210 started.
<-><->
      
l.217 $
       T:V\rightarrow W$
Not a real error.

./_9AD8_7B49_4EE3_65702_20note.md.tex:217: Preview: Snippet 210 ended.(447828+0x3277468).
<-><->
      
l.217 $T:V\rightarrow W$
                        
Not a real error.

[210]
./_9AD8_7B49_4EE3_65702_20note.md.tex:218: Preview: Snippet 211 started.
<-><->
      
l.218 $
       \overline{V} \rightarrow W$
Not a real error.

./_9AD8_7B49_4EE3_65702_20note.md.tex:218: Preview: Snippet 211 ended.(578893+0x2257344).
<-><->
      
l.218 $\overline{V} \rightarrow W$
                                  
Not a real error.

[211]
./_9AD8_7B49_4EE3_65702_20note.md.tex:219: Preview: Snippet 212 started.
<-><->
      
l.219 $
       V \rightarrow \overline{W}$
Not a real error.

./_9AD8_7B49_4EE3_65702_20note.md.tex:219: Preview: Snippet 212 ended.(578893+0x2257344).
<-><->
      
l.219 $V \rightarrow \overline{W}$
                                  
Not a real error.

[212]
./_9AD8_7B49_4EE3_65702_20note.md.tex:220: Preview: Snippet 213 started.
<-><->
      
l.220 $
       Hom(\overline{V},W)=Hom(V,\overline{W})$
Not a real error.

./_9AD8_7B49_4EE3_65702_20note.md.tex:220: Preview: Snippet 213 ended.(578893+163840x7824569).
<-><->
      
l.220 $Hom(\overline{V},W)=Hom(V,\overline{W})$
                                               
Not a real error.

[213]
./_9AD8_7B49_4EE3_65702_20note.md.tex:221: Preview: Snippet 214 started.
<-><->
      
l.221 $
       \overline{Hom(V_1,V_2)}=Hom(\overline{V_1},\overline{V_2})$
Not a real error.

./_9AD8_7B49_4EE3_65702_20note.md.tex:221: Preview: Snippet 214 ended.(622585+163840x8163174).
<-><->
      
l.221 ...V_2)}=Hom(\overline{V_1},\overline{V_2})$
                                                  
Not a real error.

[214]
./_9AD8_7B49_4EE3_65702_20note.md.tex:222: Preview: Snippet 215 started.
<-><->
      
l.222 $
       V^*=Hom(V,\mathbb{C})$
Not a real error.

./_9AD8_7B49_4EE3_65702_20note.md.tex:222: Preview: Snippet 215 ended.(491520+163840x4887129).
<-><->
      
l.222 $V^*=Hom(V,\mathbb{C})$
                             
Not a real error.

[215]
./_9AD8_7B49_4EE3_65702_20note.md.tex:223: Preview: Snippet 216 started.
<-><->
      
l.223 $
       \overline{V}^*=\overline{Hom(V,\overline{\mathbb{C}})}$
Not a real error.

./_9AD8_7B49_4EE3_65702_20note.md.tex:223: Preview: Snippet 216 ended.(713600+163840x4887129).
<-><->
      
l.223 ...=\overline{Hom(V,\overline{\mathbb{C}})}$
                                                  
Not a real error.

[216]
./_9AD8_7B49_4EE3_65702_20note.md.tex:224: Preview: Snippet 217 started.
<-><->
      
l.224 $
       \overline{Hom(V,\mathbb{C})}=\overline{V^*}$
Not a real error.

./_9AD8_7B49_4EE3_65702_20note.md.tex:224: Preview: Snippet 217 ended.(622585+163840x4887129).
<-><->
      
l.224 ...erline{Hom(V,\mathbb{C})}=\overline{V^*}$
                                                  
Not a real error.

[217]
./_9AD8_7B49_4EE3_65702_20note.md.tex:225: Preview: Snippet 218 started.
<-><->
      
l.225 $
       V,W,X$
Not a real error.

./_9AD8_7B49_4EE3_65702_20note.md.tex:225: Preview: Snippet 218 ended.(447828+127431x2196361).
<-><->
      
l.225 $V,W,X$
             
Not a real error.

[218]
./_9AD8_7B49_4EE3_65702_20note.md.tex:226: Preview: Snippet 219 started.
<-><->
      
l.226 $
       \mathbb{C}-v.s.$
Not a real error.

./_9AD8_7B49_4EE3_65702_20note.md.tex:226: Preview: Snippet 219 ended.(451470+54613x2286777).
<-><->
      
l.226 $\mathbb{C}-v.s.$
                       
Not a real error.

[219]
./_9AD8_7B49_4EE3_65702_20note.md.tex:227: Preview: Snippet 220 started.
<-><->
      
l.227 $
       B:V\times W\rightarrow X$
Not a real error.

./_9AD8_7B49_4EE3_65702_20note.md.tex:227: Preview: Snippet 220 ended.(447828+54613x4728810).
<-><->
      
l.227 $B:V\times W\rightarrow X$
                                
Not a real error.

[220]
./_9AD8_7B49_4EE3_65702_20note.md.tex:228: Preview: Snippet 221 started.
<-><->
      
l.228 $
       B$
Not a real error.

./_9AD8_7B49_4EE3_65702_20note.md.tex:228: Preview: Snippet 221 ended.(447828+0x529977).
<-><->
      
l.228 $B$
         
Not a real error.

[221]
./_9AD8_7B49_4EE3_65702_20note.md.tex:229: Preview: Snippet 222 started.
<-><->
      
l.229 $
       V$
Not a real error.

./_9AD8_7B49_4EE3_65702_20note.md.tex:229: Preview: Snippet 222 ended.(447828+0x527929).
<-><->
      
l.229 $V$
         
Not a real error.

[222]
./_9AD8_7B49_4EE3_65702_20note.md.tex:230: Preview: Snippet 223 started.
<-><->
      
l.230 $
       W$
Not a real error.

./_9AD8_7B49_4EE3_65702_20note.md.tex:230: Preview: Snippet 223 ended.(447828+0x709974).
<-><->
      
l.230 $W$
         
Not a real error.

[223]
./_9AD8_7B49_4EE3_65702_20note.md.tex:231: Preview: Snippet 224 started.
<-><->
      
l.231 $
       V\times W \rightarrow X$
Not a real error.

./_9AD8_7B49_4EE3_65702_20note.md.tex:231: Preview: Snippet 224 ended.(447828+54613x3652708).
<-><->
      
l.231 $V\times W \rightarrow X$
                               
Not a real error.

[224]
./_9AD8_7B49_4EE3_65702_20note.md.tex:232: Preview: Snippet 225 started.
<-><->
      
l.232 $
       \mathbb{C}-v.s$
Not a real error.

./_9AD8_7B49_4EE3_65702_20note.md.tex:232: Preview: Snippet 225 ended.(451470+54613x2104732).
<-><->
      
l.232 $\mathbb{C}-v.s$
                      
Not a real error.

[225]
./_9AD8_7B49_4EE3_65702_20note.md.tex:233: Preview: Snippet 226 started.
<-><->
      
l.233 $
       (B_1+zB_2)(v,w)=B_1(v,w)+zB_2(v,w)$
Not a real error.

./_9AD8_7B49_4EE3_65702_20note.md.tex:233: Preview: Snippet 226 ended.(491520+163840x11704086).
<-><->
      
l.233 $(B_1+zB_2)(v,w)=B_1(v,w)+zB_2(v,w)$
                                          
Not a real error.

[226]
./_9AD8_7B49_4EE3_65702_20note.md.tex:234: Preview: Snippet 227 started.
<-><->
      
l.234 $
       B_i$
Not a real error.

./_9AD8_7B49_4EE3_65702_20note.md.tex:234: Preview: Snippet 227 ended.(447828+98303x715284).
<-><->
      
l.234 $B_i$
           
Not a real error.

[227]
./_9AD8_7B49_4EE3_65702_20note.md.tex:235: Preview: Snippet 228 started.
<-><->
      
l.235 $
       z \in \mathbb{C},v\in V,w\in W$
Not a real error.

./_9AD8_7B49_4EE3_65702_20note.md.tex:235: Preview: Snippet 228 ended.(451470+127431x5749091).
<-><->
      
l.235 $z \in \mathbb{C},v\in V,w\in W$
                                      
Not a real error.

[228]
./_9AD8_7B49_4EE3_65702_20note.md.tex:236: Preview: Snippet 229 started.
<-><->
      
l.236 $
       X=\mathbb{C}$
Not a real error.

./_9AD8_7B49_4EE3_65702_20note.md.tex:236: Preview: Snippet 229 ended.(451470+0x1941496).
<-><->
      
l.236 $X=\mathbb{C}$
                    
Not a real error.

[229]
./_9AD8_7B49_4EE3_65702_20note.md.tex:237: Preview: Snippet 230 started.
<-><->
      
l.237 $
       B:V\times W \rightarrow \mathbb{C}$
Not a real error.

./_9AD8_7B49_4EE3_65702_20note.md.tex:237: Preview: Snippet 230 ended.(451470+54613x4607752).
<-><->
      
l.237 $B:V\times W \rightarrow \mathbb{C}$
                                          
Not a real error.

[230]
./_9AD8_7B49_4EE3_65702_20note.md.tex:238: Preview: Snippet 231 started.
<-><->
      
l.238 $
       ker(B(\cdot,W))$
Not a real error.

./_9AD8_7B49_4EE3_65702_20note.md.tex:238: Preview: Snippet 231 ended.(491520+163840x3713560).
<-><->
      
l.238 $ker(B(\cdot,W))$
                       
Not a real error.

[231]
./_9AD8_7B49_4EE3_65702_20note.md.tex:239: Preview: Snippet 232 started.
<-><->
      
l.239 $
       ker(B(V,\cdot))$
Not a real error.

./_9AD8_7B49_4EE3_65702_20note.md.tex:239: Preview: Snippet 232 ended.(491520+163840x3422288).
<-><->
      
l.239 $ker(B(V,\cdot))$
                       
Not a real error.

[232]
./_9AD8_7B49_4EE3_65702_20note.md.tex:240: Preview: Snippet 233 started.
<-><->
      
l.240 $
       dimV,dimW<\infty$
Not a real error.

./_9AD8_7B49_4EE3_65702_20note.md.tex:240: Preview: Snippet 233 ended.(455111+127431x5233714).
<-><->
      
l.240 $dimV,dimW<\infty$
                        
Not a real error.

[233]
./_9AD8_7B49_4EE3_65702_20note.md.tex:241: Preview: Snippet 234 started.
<-><->
      
l.241 $
       \{0\}$
Not a real error.

./_9AD8_7B49_4EE3_65702_20note.md.tex:241: Preview: Snippet 234 ended.(491520+163840x983043).
<-><->
      
l.241 $\{0\}$
             
Not a real error.

[234]
./_9AD8_7B49_4EE3_65702_20note.md.tex:242: Preview: Snippet 235 started.
<-><->
      
l.242 $
       B$
Not a real error.

./_9AD8_7B49_4EE3_65702_20note.md.tex:242: Preview: Snippet 235 ended.(447828+0x529977).
<-><->
      
l.242 $B$
         
Not a real error.

[235]
./_9AD8_7B49_4EE3_65702_20note.md.tex:243: Preview: Snippet 236 started.
<-><->
      
l.243 $
       dimV=dimW$
Not a real error.

./_9AD8_7B49_4EE3_65702_20note.md.tex:243: Preview: Snippet 236 ended.(455111+0x4396311).
<-><->
      
l.243 $dimV=dimW$
                 
Not a real error.

[236]
./_9AD8_7B49_4EE3_65702_20note.md.tex:244: Preview: Snippet 237 started.
<-><->
      
l.244 $
       B$
Not a real error.

./_9AD8_7B49_4EE3_65702_20note.md.tex:244: Preview: Snippet 237 ended.(447828+0x529977).
<-><->
      
l.244 $B$
         
Not a real error.

[237]
./_9AD8_7B49_4EE3_65702_20note.md.tex:245: Preview: Snippet 238 started.
<-><->
      
l.245 $
       \Longleftrightarrow$
Not a real error.

./_9AD8_7B49_4EE3_65702_20note.md.tex:245: Preview: Snippet 238 ended.(240435+0x1201498).
<-><->
      
l.245 $\Longleftrightarrow$
                           
Not a real error.

[238]
./_9AD8_7B49_4EE3_65702_20note.md.tex:246: Preview: Snippet 239 started.
<-><->
      
l.246 $
       \{0\}$
Not a real error.

./_9AD8_7B49_4EE3_65702_20note.md.tex:246: Preview: Snippet 239 ended.(491520+163840x983043).
<-><->
      
l.246 $\{0\}$
             
Not a real error.

[239]
./_9AD8_7B49_4EE3_65702_20note.md.tex:247: Preview: Snippet 240 started.
<-><->
      
l.247 $
       \Longleftrightarrow$
Not a real error.

./_9AD8_7B49_4EE3_65702_20note.md.tex:247: Preview: Snippet 240 ended.(240435+0x1201498).
<-><->
      
l.247 $\Longleftrightarrow$
                           
Not a real error.

[240]
./_9AD8_7B49_4EE3_65702_20note.md.tex:248: Preview: Snippet 241 started.
<-><->
      
l.248 $
       \{0\}$
Not a real error.

./_9AD8_7B49_4EE3_65702_20note.md.tex:248: Preview: Snippet 241 ended.(491520+163840x983043).
<-><->
      
l.248 $\{0\}$
             
Not a real error.

[241]
./_9AD8_7B49_4EE3_65702_20note.md.tex:249: Preview: Snippet 242 started.
<-><->
      
l.249 $
       B$
Not a real error.

./_9AD8_7B49_4EE3_65702_20note.md.tex:249: Preview: Snippet 242 ended.(447828+0x529977).
<-><->
      
l.249 $B$
         
Not a real error.

[242]
./_9AD8_7B49_4EE3_65702_20note.md.tex:250: Preview: Snippet 243 started.
<-><->
      
l.250 $
       W\simeq \overline{V}^*,\overline{V}\simeq W^*$
Not a real error.

./_9AD8_7B49_4EE3_65702_20note.md.tex:250: Preview: Snippet 243 ended.(630322+127431x5117255).
<-><->
      
l.250 ...eq \overline{V}^*,\overline{V}\simeq W^*$
                                                  
Not a real error.

[243]
./_9AD8_7B49_4EE3_65702_20note.md.tex:251: Preview: Snippet 244 started.
<-><->
      
l.251 $
       V=\mathbb{C}^n,W=\mathbb{C}^m$
Not a real error.

./_9AD8_7B49_4EE3_65702_20note.md.tex:251: Preview: Snippet 244 ended.(451470+127431x5077969).
<-><->
      
l.251 $V=\mathbb{C}^n,W=\mathbb{C}^m$
                                     
Not a real error.

[244]
./_9AD8_7B49_4EE3_65702_20note.md.tex:252: Preview: Snippet 245 started.
<-><->
      
l.252 $
       B$
Not a real error.

./_9AD8_7B49_4EE3_65702_20note.md.tex:252: Preview: Snippet 245 ended.(447828+0x529977).
<-><->
      
l.252 $B$
         
Not a real error.

[245]
./_9AD8_7B49_4EE3_65702_20note.md.tex:253: Preview: Snippet 246 started.
<-><->
      
l.253 $
       A\in M_{m\times n}(\mathbb{C})$
Not a real error.

./_9AD8_7B49_4EE3_65702_20note.md.tex:253: Preview: Snippet 246 ended.(491520+163840x4142728).
<-><->
      
l.253 $A\in M_{m\times n}(\mathbb{C})$
                                      
Not a real error.

[246]
./_9AD8_7B49_4EE3_65702_20note.md.tex:254: Preview: Snippet 247 started.
<-><->
      
l.254 $
       V:\mathbb{C}-v.s.$
Not a real error.

./_9AD8_7B49_4EE3_65702_20note.md.tex:254: Preview: Snippet 247 ended.(451470+54613x3360831).
<-><->
      
l.254 $V:\mathbb{C}-v.s.$
                         
Not a real error.

[247]
./_9AD8_7B49_4EE3_65702_20note.md.tex:255: Preview: Snippet 248 started.
<-><->
      
l.255 $
       \epsilon\in \{1,-1\}$
Not a real error.

./_9AD8_7B49_4EE3_65702_20note.md.tex:255: Preview: Snippet 248 ended.(491520+163840x3178720).
<-><->
      
l.255 $\epsilon\in \{1,-1\}$
                            
Not a real error.

[248]
./_9AD8_7B49_4EE3_65702_20note.md.tex:256: Preview: Snippet 249 started.
<-><->
      
l.256 $
       B:V\times V\rightarrow \mathbb{C}$
Not a real error.

./_9AD8_7B49_4EE3_65702_20note.md.tex:256: Preview: Snippet 249 ended.(451470+54613x4425707).
<-><->
      
l.256 $B:V\times V\rightarrow \mathbb{C}$
                                         
Not a real error.

[249]
./_9AD8_7B49_4EE3_65702_20note.md.tex:257: Preview: Snippet 250 started.
<-><->
      
l.257 $
       B$
Not a real error.

./_9AD8_7B49_4EE3_65702_20note.md.tex:257: Preview: Snippet 250 ended.(447828+0x529977).
<-><->
      
l.257 $B$
         
Not a real error.

[250]
./_9AD8_7B49_4EE3_65702_20note.md.tex:258: Preview: Snippet 251 started.
<-><->
      
l.258 $
       \epsilon-Hermitian$
Not a real error.

./_9AD8_7B49_4EE3_65702_20note.md.tex:258: Preview: Snippet 251 ended.(447828+54613x4287465).
<-><->
      
l.258 $\epsilon-Hermitian$
                          
Not a real error.

[251]
./_9AD8_7B49_4EE3_65702_20note.md.tex:259: Preview: Snippet 252 started.
<-><->
      
l.259 $
       \overline{B(v,w)}=\epsilon B(v,w)$
Not a real error.

./_9AD8_7B49_4EE3_65702_20note.md.tex:259: Preview: Snippet 252 ended.(622585+163840x5457761).
<-><->
      
l.259 $\overline{B(v,w)}=\epsilon B(v,w)$
                                         
Not a real error.

[252]
./_9AD8_7B49_4EE3_65702_20note.md.tex:260: Preview: Snippet 253 started.
<-><->
      
l.260 $
       B_1:V_1\times V_1' \rightarrow \mathbb{C}$
Not a real error.

./_9AD8_7B49_4EE3_65702_20note.md.tex:260: Preview: Snippet 253 ended.(492688+162667x5019061).
<-><->
      
l.260 $B_1:V_1\times V_1' \rightarrow \mathbb{C}$
                                                 
Not a real error.

[253]
./_9AD8_7B49_4EE3_65702_20note.md.tex:261: Preview: Snippet 254 started.
<-><->
      
l.261 $
       B_2:V_2\times V_2' \rightarrow \mathbb{C}$
Not a real error.

./_9AD8_7B49_4EE3_65702_20note.md.tex:261: Preview: Snippet 254 ended.(492688+162667x5019061).
<-><->
      
l.261 $B_2:V_2\times V_2' \rightarrow \mathbb{C}$
                                                 
Not a real error.

[254]
./_9AD8_7B49_4EE3_65702_20note.md.tex:262: Preview: Snippet 255 started.
<-><->
      
l.262 $
       Hom(V_1,V_2) \rightarrow Hom(V_1',V_2'),T\mapsto T^*$
Not a real error.

./_9AD8_7B49_4EE3_65702_20note.md.tex:262: Preview: Snippet 255 ended.(492688+163840x10939797).
<-><->
      
l.262 ... \rightarrow Hom(V_1',V_2'),T\mapsto T^*$
                                                  
Not a real error.

[255]
./_9AD8_7B49_4EE3_65702_20note.md.tex:263: Preview: Snippet 256 started.
<-><->
      
l.263 $
       B_2(T(v_1),v_2')=B_1(v_2,T^*(v_1'))$
Not a real error.

./_9AD8_7B49_4EE3_65702_20note.md.tex:263: Preview: Snippet 256 ended.(492688+163840x8773412).
<-><->
      
l.263 $B_2(T(v_1),v_2')=B_1(v_2,T^*(v_1'))$
                                           
Not a real error.

[256]
./_9AD8_7B49_4EE3_65702_20note.md.tex:264: Preview: Snippet 257 started.
<-><->
      
l.264 $
       Hom(V_1',V_2')\rightarrow Hom(V_1,V_2)$
Not a real error.

./_9AD8_7B49_4EE3_65702_20note.md.tex:264: Preview: Snippet 257 ended.(492688+163840x8379805).
<-><->
      
l.264 $Hom(V_1',V_2')\rightarrow Hom(V_1,V_2)$
                                              
Not a real error.

[257]
./_9AD8_7B49_4EE3_65702_20note.md.tex:265: Preview: Snippet 258 started.
<-><->
      
l.265 $
       B_2(v_2, T(v_1'))=B_1(^*T(v_1),v_1')$
Not a real error.

./_9AD8_7B49_4EE3_65702_20note.md.tex:265: Preview: Snippet 258 ended.(492688+163840x8773412).
<-><->
      
l.265 $B_2(v_2, T(v_1'))=B_1(^*T(v_1),v_1')$
                                            
Not a real error.

[258]
./_9AD8_7B49_4EE3_65702_20note.md.tex:266: Preview: Snippet 259 started.
<-><->
      
l.266 $
       \overline{V_1},\overline{V_2}$
Not a real error.

./_9AD8_7B49_4EE3_65702_20note.md.tex:266: Preview: Snippet 259 ended.(578893+127431x1643861).
<-><->
      
l.266 $\overline{V_1},\overline{V_2}$
                                     
Not a real error.

[259]
./_9AD8_7B49_4EE3_65702_20note.md.tex:267: Preview: Snippet 260 started.
<-><->
      
l.267 $
       V_i,V_i'$
Not a real error.

./_9AD8_7B49_4EE3_65702_20note.md.tex:267: Preview: Snippet 260 ended.(492688+170585x1603544).
<-><->
      
l.267 $V_i,V_i'$
                
Not a real error.

[260]
./_9AD8_7B49_4EE3_65702_20note.md.tex:268: Preview: Snippet 261 started.
<-><->
      
l.268 $
       \mathbb{C}^{m_i},\mathbb{C}^{m_i'}$
Not a real error.

./_9AD8_7B49_4EE3_65702_20note.md.tex:268: Preview: Snippet 261 ended.(617644+127431x2648755).
<-><->
      
l.268 $\mathbb{C}^{m_i},\mathbb{C}^{m_i'}$
                                          
Not a real error.

[261]
./_9AD8_7B49_4EE3_65702_20note.md.tex:269: Preview: Snippet 262 started.
<-><->
      
l.269 $
       B_i$
Not a real error.

./_9AD8_7B49_4EE3_65702_20note.md.tex:269: Preview: Snippet 262 ended.(447828+98303x715284).
<-><->
      
l.269 $B_i$
           
Not a real error.

[262]
./_9AD8_7B49_4EE3_65702_20note.md.tex:270: Preview: Snippet 263 started.
<-><->
      
l.270 $
       A_i \in M_{m_i\times m_i'}(\mathbb{C})$
Not a real error.

./_9AD8_7B49_4EE3_65702_20note.md.tex:270: Preview: Snippet 263 ended.(491520+263823x4917217).
<-><->
      
l.270 $A_i \in M_{m_i\times m_i'}(\mathbb{C})$
                                              
Not a real error.

[263]
./_9AD8_7B49_4EE3_65702_20note.md.tex:271: Preview: Snippet 264 started.
<-><->
      
l.271 $
       $B_2(Tv_1,v_2')=(Tv_1)^tA_2v_2=v_1^tT^tA_2v_2=v_1^tA_1A_1^{-1}T^tA_2v...
Not a real error.

./_9AD8_7B49_4EE3_65702_20note.md.tex:271: Preview: Snippet 264 ended.(1616550+0x22609920).
<-><->
      
l.271 ..._1^tA_1A_1^{-1}T^tA_2v_2=v_1^tA_1T^*v_2$$
                                                  
Not a real error.

[264]
./_9AD8_7B49_4EE3_65702_20note.md.tex:272: Preview: Snippet 265 started.
<-><->
      
l.272 $
       (ST)^*=T^*S^*,^*(ST)=^*T^*S$
Not a real error.

./_9AD8_7B49_4EE3_65702_20note.md.tex:272: Preview: Snippet 265 ended.(491520+163840x8520577).
<-><->
      
l.272 $(ST)^*=T^*S^*,^*(ST)=^*T^*S$
                                   
Not a real error.

[265]
./_9AD8_7B49_4EE3_65702_20note.md.tex:273: Preview: Snippet 266 started.
<-><->
      
l.273 $
       ^*(T^*)=T=(^*T)^*$
Not a real error.

./_9AD8_7B49_4EE3_65702_20note.md.tex:273: Preview: Snippet 266 ended.(491520+163840x5394197).
<-><->
      
l.273 $^*(T^*)=T=(^*T)^*$
                         
Not a real error.

[266]
./_9AD8_7B49_4EE3_65702_20note.md.tex:274: Preview: Snippet 267 started.
<-><->
      
l.274 $
       \epsilon=\pm 1$
Not a real error.

./_9AD8_7B49_4EE3_65702_20note.md.tex:274: Preview: Snippet 267 ended.(422343+54613x1977226).
<-><->
      
l.274 $\epsilon=\pm 1$
                      
Not a real error.

[267]
./_9AD8_7B49_4EE3_65702_20note.md.tex:275: Preview: Snippet 268 started.
<-><->
      
l.275 $
       B_1,B_2$
Not a real error.

./_9AD8_7B49_4EE3_65702_20note.md.tex:275: Preview: Snippet 268 ended.(447828+127431x1873467).
<-><->
      
l.275 $B_1,B_2$
               
Not a real error.

[268]
./_9AD8_7B49_4EE3_65702_20note.md.tex:276: Preview: Snippet 269 started.
<-><->
      
l.276 $
       \epsilon-Hermitian$
Not a real error.

./_9AD8_7B49_4EE3_65702_20note.md.tex:276: Preview: Snippet 269 ended.(447828+54613x4287465).
<-><->
      
l.276 $\epsilon-Hermitian$
                          
Not a real error.

[269]
./_9AD8_7B49_4EE3_65702_20note.md.tex:277: Preview: Snippet 270 started.
<-><->
      
l.277 $
       ^*T=T^*$
Not a real error.

./_9AD8_7B49_4EE3_65702_20note.md.tex:277: Preview: Snippet 270 ended.(451272+0x2424372).
<-><->
      
l.277 $^*T=T^*$
               
Not a real error.

[270]
./_9AD8_7B49_4EE3_65702_20note.md.tex:278: Preview: Snippet 271 started.
<-><->
      
l.278 $
       \epsilon-Hermitian$
Not a real error.

./_9AD8_7B49_4EE3_65702_20note.md.tex:278: Preview: Snippet 271 ended.(447828+54613x4287465).
<-><->
      
l.278 $\epsilon-Hermitian$
                          
Not a real error.

[271]
./_9AD8_7B49_4EE3_65702_20note.md.tex:279: Preview: Snippet 272 started.
<-><->
      
l.279 $
       \epsilon=\pm1$
Not a real error.

./_9AD8_7B49_4EE3_65702_20note.md.tex:279: Preview: Snippet 272 ended.(422343+54613x1977226).
<-><->
      
l.279 $\epsilon=\pm1$
                     
Not a real error.

[272]
./_9AD8_7B49_4EE3_65702_20note.md.tex:280: Preview: Snippet 273 started.
<-><->
      
l.280 $
       B:V\times V\rightarrow \mathbb{C}$
Not a real error.

./_9AD8_7B49_4EE3_65702_20note.md.tex:280: Preview: Snippet 273 ended.(451470+54613x4425707).
<-><->
      
l.280 $B:V\times V\rightarrow \mathbb{C}$
                                         
Not a real error.

[273]
./_9AD8_7B49_4EE3_65702_20note.md.tex:281: Preview: Snippet 274 started.
<-><->
      
l.281 $
       T\in End(V)$
Not a real error.

./_9AD8_7B49_4EE3_65702_20note.md.tex:281: Preview: Snippet 274 ended.(491520+163840x3568674).
<-><->
      
l.281 $T\in End(V)$
                   
Not a real error.

[274]
./_9AD8_7B49_4EE3_65702_20note.md.tex:282: Preview: Snippet 275 started.
<-><->
      
l.282 $
       T=T^*$
Not a real error.

./_9AD8_7B49_4EE3_65702_20note.md.tex:282: Preview: Snippet 275 ended.(451272+0x2123088).
<-><->
      
l.282 $T=T^*$
             
Not a real error.

[275]
./_9AD8_7B49_4EE3_65702_20note.md.tex:283: Preview: Snippet 276 started.
<-><->
      
l.283 $
       T^*=-T$
Not a real error.

./_9AD8_7B49_4EE3_65702_20note.md.tex:283: Preview: Snippet 276 ended.(451272+54613x2632814).
<-><->
      
l.283 $T^*=-T$
              
Not a real error.

[276]
./_9AD8_7B49_4EE3_65702_20note.md.tex:284: Preview: Snippet 277 started.
<-><->
      
l.284 $
       c\in i\mathbb{R}-{0}$
Not a real error.

./_9AD8_7B49_4EE3_65702_20note.md.tex:284: Preview: Snippet 277 ended.(451470+54613x2912366).
<-><->
      
l.284 $c\in i\mathbb{R}-{0}$
                            
Not a real error.

[277]
./_9AD8_7B49_4EE3_65702_20note.md.tex:285: Preview: Snippet 278 started.
<-><->
      
l.285 $
       B:V\times V \rightarrow \mathbb{C}$
Not a real error.

./_9AD8_7B49_4EE3_65702_20note.md.tex:285: Preview: Snippet 278 ended.(451470+54613x4425707).
<-><->
      
l.285 $B:V\times V \rightarrow \mathbb{C}$
                                          
Not a real error.

[278]
./_9AD8_7B49_4EE3_65702_20note.md.tex:286: Preview: Snippet 279 started.
<-><->
      
l.286 $
       \Longleftrightarrow$
Not a real error.

./_9AD8_7B49_4EE3_65702_20note.md.tex:286: Preview: Snippet 279 ended.(240435+0x1201498).
<-><->
      
l.286 $\Longleftrightarrow$
                           
Not a real error.

[279]
./_9AD8_7B49_4EE3_65702_20note.md.tex:287: Preview: Snippet 280 started.
<-><->
      
l.287 $
       cB$
Not a real error.

./_9AD8_7B49_4EE3_65702_20note.md.tex:287: Preview: Snippet 280 ended.(447828+0x813588).
<-><->
      
l.287 $cB$
          
Not a real error.

[280]
./_9AD8_7B49_4EE3_65702_20note.md.tex:288: Preview: Snippet 281 started.
<-><->
      
l.288 $
       T \in End(V)$
Not a real error.

./_9AD8_7B49_4EE3_65702_20note.md.tex:288: Preview: Snippet 281 ended.(491520+163840x3568674).
<-><->
      
l.288 $T \in End(V)$
                    
Not a real error.

[281]
./_9AD8_7B49_4EE3_65702_20note.md.tex:289: Preview: Snippet 282 started.
<-><->
      
l.289 $
       \Longleftrightarrow$
Not a real error.

./_9AD8_7B49_4EE3_65702_20note.md.tex:289: Preview: Snippet 282 ended.(240435+0x1201498).
<-><->
      
l.289 $\Longleftrightarrow$
                           
Not a real error.

[282]
./_9AD8_7B49_4EE3_65702_20note.md.tex:290: Preview: Snippet 283 started.
<-><->
      
l.290 $
       cT$
Not a real error.

./_9AD8_7B49_4EE3_65702_20note.md.tex:290: Preview: Snippet 283 ended.(447828+0x757610).
<-><->
      
l.290 $cT$
          
Not a real error.

[283]
./_9AD8_7B49_4EE3_65702_20note.md.tex:291: Preview: Snippet 284 started.
<-><->
      
l.291 $
       dimV<\infty, B:V\times V\rightarrow \mathbb{C}$
Not a real error.

./_9AD8_7B49_4EE3_65702_20note.md.tex:291: Preview: Snippet 284 ended.(455111+127431x7916373).
<-><->
      
l.291 ...infty, B:V\times V\rightarrow \mathbb{C}$
                                                  
Not a real error.

[284]
./_9AD8_7B49_4EE3_65702_20note.md.tex:292: Preview: Snippet 285 started.
<-><->
      
l.292 $
       \epsilon-Hermitian$
Not a real error.

./_9AD8_7B49_4EE3_65702_20note.md.tex:292: Preview: Snippet 285 ended.(447828+54613x4287465).
<-><->
      
l.292 $\epsilon-Hermitian$
                          
Not a real error.

[285]
./_9AD8_7B49_4EE3_65702_20note.md.tex:293: Preview: Snippet 286 started.
<-><->
      
l.293 $
       T\in End(V)$
Not a real error.

./_9AD8_7B49_4EE3_65702_20note.md.tex:293: Preview: Snippet 286 ended.(491520+163840x3568674).
<-><->
      
l.293 $T\in End(V)$
                   
Not a real error.

[286]
./_9AD8_7B49_4EE3_65702_20note.md.tex:294: Preview: Snippet 287 started.
<-><->
      
l.294 $
       T^*T=TT^*$
Not a real error.

./_9AD8_7B49_4EE3_65702_20note.md.tex:294: Preview: Snippet 287 ended.(451272+0x3372370).
<-><->
      
l.294 $T^*T=TT^*$
                 
Not a real error.

[287]
./_9AD8_7B49_4EE3_65702_20note.md.tex:295: Preview: Snippet 288 started.
<-><->
      
l.295 $
       \mathbb{R}$
Not a real error.

./_9AD8_7B49_4EE3_65702_20note.md.tex:295: Preview: Snippet 288 ended.(451470+0x473316).
<-><->
      
l.295 $\mathbb{R}$
                  
Not a real error.

[288]
./_9AD8_7B49_4EE3_65702_20note.md.tex:296: Preview: Snippet 289 started.
<-><->
      
l.296 $
       \sum\limits_{1\leq i,j\leq n}a_{ij}x_ix_j$
Not a real error.

./_9AD8_7B49_4EE3_65702_20note.md.tex:296: Preview: Snippet 289 ended.(491524+742267x4149483).
<-><->
      
l.296 $\sum\limits_{1\leq i,j\leq n}a_{ij}x_ix_j$
                                                 
Not a real error.

[289]
./_9AD8_7B49_4EE3_65702_20note.md.tex:297: Preview: Snippet 290 started.
<-><->
      
l.297 $
       a_{ij}=a_{ji}$
Not a real error.

./_9AD8_7B49_4EE3_65702_20note.md.tex:297: Preview: Snippet 290 ended.(282168+187504x2489758).
<-><->
      
l.297 $a_{ij}=a_{ji}$
                     
Not a real error.

[290]
./_9AD8_7B49_4EE3_65702_20note.md.tex:298: Preview: Snippet 291 started.
<-><->
      
l.298 $
       A\in M_{n\times n}(\mathbb{R})$
Not a real error.

./_9AD8_7B49_4EE3_65702_20note.md.tex:298: Preview: Snippet 291 ended.(491520+163840x4001643).
<-><->
      
l.298 $A\in M_{n\times n}(\mathbb{R})$
                                      
Not a real error.

[291]
./_9AD8_7B49_4EE3_65702_20note.md.tex:299: Preview: Snippet 292 started.
<-><->
      
l.299 $
       A^T=A$
Not a real error.

./_9AD8_7B49_4EE3_65702_20note.md.tex:299: Preview: Snippet 292 ended.(551306+0x2269702).
<-><->
      
l.299 $A^T=A$
             
Not a real error.

[292]
./_9AD8_7B49_4EE3_65702_20note.md.tex:300: Preview: Snippet 293 started.
<-><->
      
l.300 $
       B:\mathbb{R}^n\times\mathbb{R}^n\rightarrow\mathbb{R}$
Not a real error.

./_9AD8_7B49_4EE3_65702_20note.md.tex:300: Preview: Snippet 293 ended.(451470+54613x5029949).
<-><->
      
l.300 ...n\times\mathbb{R}^n\rightarrow\mathbb{R}$
                                                  
Not a real error.

[293]
./_9AD8_7B49_4EE3_65702_20note.md.tex:301: Preview: Snippet 294 started.
<-><->
      
l.301 $
       \sum\limits_{1\leq i,j\leq n}a_{ij}\overline{x_i}x_j$
Not a real error.

./_9AD8_7B49_4EE3_65702_20note.md.tex:301: Preview: Snippet 294 ended.(491524+742267x4149483).
<-><->
      
l.301 ...{1\leq i,j\leq n}a_{ij}\overline{x_i}x_j$
                                                  
Not a real error.

[294]
./_9AD8_7B49_4EE3_65702_20note.md.tex:302: Preview: Snippet 295 started.
<-><->
      
l.302 $
       A\in M_{n\times n}(\mathbb{C}): \epsilon-hermintian$
Not a real error.

./_9AD8_7B49_4EE3_65702_20note.md.tex:302: Preview: Snippet 295 ended.(491520+163840x9008180).
<-><->
      
l.302 ...imes n}(\mathbb{C}): \epsilon-hermintian$
                                                  
Not a real error.

[295]
./_9AD8_7B49_4EE3_65702_20note.md.tex:303: Preview: Snippet 296 started.
<-><->
      
l.303 $
       B:\mathbb{C}^n\times\mathbb{C}^n\rightarrow\mathbb{C}$
Not a real error.

./_9AD8_7B49_4EE3_65702_20note.md.tex:303: Preview: Snippet 296 ended.(451470+54613x5029949).
<-><->
      
l.303 ...n\times\mathbb{C}^n\rightarrow\mathbb{C}$
                                                  
Not a real error.

[296]
./_9AD8_7B49_4EE3_65702_20note.md.tex:304: Preview: Snippet 297 started.
<-><->
      
l.304 $
       \epsilon-hermintian\}$
Not a real error.

./_9AD8_7B49_4EE3_65702_20note.md.tex:304: Preview: Snippet 297 ended.(491520+163840x4788093).
<-><->
      
l.304 $\epsilon-hermintian\}$
                             
Not a real error.

[297]
./_9AD8_7B49_4EE3_65702_20note.md.tex:305: Preview: Snippet 298 started.
<-><->
      
l.305 $
       \mathbb{C}$
Not a real error.

./_9AD8_7B49_4EE3_65702_20note.md.tex:305: Preview: Snippet 298 ended.(451470+0x473316).
<-><->
      
l.305 $\mathbb{C}$
                  
Not a real error.

[298]
./_9AD8_7B49_4EE3_65702_20note.md.tex:306: Preview: Snippet 299 started.
<-><->
      
l.306 $
       f=\sum\limits_{1\leq i,j\leq n}a_{ij}\overline{x_i}x_j$
Not a real error.

./_9AD8_7B49_4EE3_65702_20note.md.tex:306: Preview: Snippet 299 ended.(491524+742267x5414687).
<-><->
      
l.306 ...{1\leq i,j\leq n}a_{ij}\overline{x_i}x_j$
                                                  
Not a real error.

[299]
./_9AD8_7B49_4EE3_65702_20note.md.tex:307: Preview: Snippet 300 started.
<-><->
      
l.307 $
       \simeq$
Not a real error.

./_9AD8_7B49_4EE3_65702_20note.md.tex:307: Preview: Snippet 300 ended.(303921+0x509726).
<-><->
      
l.307 $\simeq$
              
Not a real error.

[300]
./_9AD8_7B49_4EE3_65702_20note.md.tex:308: Preview: Snippet 301 started.
<-><->
      
l.308 $
       f'=\sum a_i |x_i|^2,a_i\in \mathbb{R}$
Not a real error.

./_9AD8_7B49_4EE3_65702_20note.md.tex:308: Preview: Snippet 301 ended.(533465+163844x6195682).
<-><->
      
l.308 $f'=\sum a_i |x_i|^2,a_i\in \mathbb{R}$
                                             
Not a real error.

[301]
./_9AD8_7B49_4EE3_65702_20note.md.tex:309: Preview: Snippet 302 started.
<-><->
      
l.309 $
       x_i'=|a_i|^{\frac{1}{2}}x_i$
Not a real error.

./_9AD8_7B49_4EE3_65702_20note.md.tex:309: Preview: Snippet 302 ended.(625112+170585x3401050).
<-><->
      
l.309 $x_i'=|a_i|^{\frac{1}{2}}x_i$
                                   
Not a real error.

[302]
./_9AD8_7B49_4EE3_65702_20note.md.tex:310: Preview: Snippet 303 started.
<-><->
      
l.310 $
       a_i\in\{1,0,-1\}$
Not a real error.

./_9AD8_7B49_4EE3_65702_20note.md.tex:310: Preview: Snippet 303 ended.(491520+163840x4096261).
<-><->
      
l.310 $a_i\in\{1,0,-1\}$
                        
Not a real error.

[303]
./_9AD8_7B49_4EE3_65702_20note.md.tex:311: Preview: Snippet 304 started.
<-><->
      
l.311 $
       |x_1|^2+\cdots+|x_p|^2-|x_{p+1}|^2-\cdots-|x_{p+q}|^2$
Not a real error.

./_9AD8_7B49_4EE3_65702_20note.md.tex:311: Preview: Snippet 304 ended.(533465+187504x12190041).
<-><->
      
l.311 ...s+|x_p|^2-|x_{p+1}|^2-\cdots-|x_{p+q}|^2$
                                                  
Not a real error.

[304]
./_9AD8_7B49_4EE3_65702_20note.md.tex:312: Preview: Snippet 305 started.
<-><->
      
l.312 $
       p,q\in \mathbb{Z}_{\geq 0},\,p+q\leq n$
Not a real error.

./_9AD8_7B49_4EE3_65702_20note.md.tex:312: Preview: Snippet 305 ended.(451470+183387x5993032).
<-><->
      
l.312 $p,q\in \mathbb{Z}_{\geq 0},\,p+q\leq n$
                                              
Not a real error.

[305]
./_9AD8_7B49_4EE3_65702_20note.md.tex:313: Preview: Snippet 306 started.
<-><->
      
l.313 $
       n\in \mathbb{Z}_{\geq 1}$
Not a real error.

./_9AD8_7B49_4EE3_65702_20note.md.tex:313: Preview: Snippet 306 ended.(451470+183387x2334870).
<-><->
      
l.313 $n\in \mathbb{Z}_{\geq 1}$
                                
Not a real error.

[306]
./_9AD8_7B49_4EE3_65702_20note.md.tex:314: Preview: Snippet 307 started.
<-><->
      
l.314 $
       \{f:\mathbb{C}^n \rightarrow \mathbb{R}\}$
Not a real error.

./_9AD8_7B49_4EE3_65702_20note.md.tex:314: Preview: Snippet 307 ended.(491520+163840x3915692).
<-><->
      
l.314 $\{f:\mathbb{C}^n \rightarrow \mathbb{R}\}$
                                                 
Not a real error.

[307]
./_9AD8_7B49_4EE3_65702_20note.md.tex:315: Preview: Snippet 308 started.
<-><->
      
l.315 $
       \{(p,q)\in\mathbb{Z}_{\geq0}:p+q\leq n\}$
Not a real error.

./_9AD8_7B49_4EE3_65702_20note.md.tex:315: Preview: Snippet 308 ended.(491520+183387x7303752).
<-><->
      
l.315 $\{(p,q)\in\mathbb{Z}_{\geq0}:p+q\leq n\}$
                                                
Not a real error.

[308]
./_9AD8_7B49_4EE3_65702_20note.md.tex:316: Preview: Snippet 309 started.
<-><->
      
l.316 $
       V:\mathbb{C}-v.s.$
Not a real error.

./_9AD8_7B49_4EE3_65702_20note.md.tex:316: Preview: Snippet 309 ended.(451470+54613x3360831).
<-><->
      
l.316 $V:\mathbb{C}-v.s.$
                         
Not a real error.

[309]
./_9AD8_7B49_4EE3_65702_20note.md.tex:317: Preview: Snippet 310 started.
<-><->
      
l.317 $
       B:V\times V\rightarrow \mathbb{C}$
Not a real error.

./_9AD8_7B49_4EE3_65702_20note.md.tex:317: Preview: Snippet 310 ended.(451470+54613x4425707).
<-><->
      
l.317 $B:V\times V\rightarrow \mathbb{C}$
                                         
Not a real error.

[310]
./_9AD8_7B49_4EE3_65702_20note.md.tex:318: Preview: Snippet 311 started.
<-><->
      
l.318 $
       B$
Not a real error.

./_9AD8_7B49_4EE3_65702_20note.md.tex:318: Preview: Snippet 311 ended.(447828+0x529977).
<-><->
      
l.318 $B$
         
Not a real error.

[311]
./_9AD8_7B49_4EE3_65702_20note.md.tex:319: Preview: Snippet 312 started.
<-><->
      
l.319 $
       B(v,v)\in \mathbb{R}$
Not a real error.

./_9AD8_7B49_4EE3_65702_20note.md.tex:319: Preview: Snippet 312 ended.(491520+163840x3287638).
<-><->
      
l.319 $B(v,v)\in \mathbb{R}$
                            
Not a real error.

[312]
./_9AD8_7B49_4EE3_65702_20note.md.tex:320: Preview: Snippet 313 started.
<-><->
      
l.320 $
       B(v,v)\geq 0$
Not a real error.

./_9AD8_7B49_4EE3_65702_20note.md.tex:320: Preview: Snippet 313 ended.(491520+163840x3214821).
<-><->
      
l.320 $B(v,v)\geq 0$
                    
Not a real error.

[313]
./_9AD8_7B49_4EE3_65702_20note.md.tex:321: Preview: Snippet 314 started.
<-><->
      
l.321 $
       v$
Not a real error.

./_9AD8_7B49_4EE3_65702_20note.md.tex:321: Preview: Snippet 314 ended.(282168+0x341181).
<-><->
      
l.321 $v$
         
Not a real error.

[314]
./_9AD8_7B49_4EE3_65702_20note.md.tex:322: Preview: Snippet 315 started.
<-><->
      
l.322 $
       (v,B)$
Not a real error.

./_9AD8_7B49_4EE3_65702_20note.md.tex:322: Preview: Snippet 315 ended.(491520+163840x1672153).
<-><->
      
l.322 $(v,B)$
             
Not a real error.

[315]
./_9AD8_7B49_4EE3_65702_20note.md.tex:323: Preview: Snippet 316 started.
<-><->
      
l.323 $
       (p,q)$
Not a real error.

./_9AD8_7B49_4EE3_65702_20note.md.tex:323: Preview: Snippet 316 ended.(491520+163840x1446797).
<-><->
      
l.323 $(p,q)$
             
Not a real error.

[316]
./_9AD8_7B49_4EE3_65702_20note.md.tex:324: Preview: Snippet 317 started.
<-><->
      
l.324 $
       q=0$
Not a real error.

./_9AD8_7B49_4EE3_65702_20note.md.tex:324: Preview: Snippet 317 ended.(422343+127431x1517561).
<-><->
      
l.324 $q=0$
           
Not a real error.

[317]
./_9AD8_7B49_4EE3_65702_20note.md.tex:325: Preview: Snippet 318 started.
<-><->
      
l.325 $
       p=n$
Not a real error.

./_9AD8_7B49_4EE3_65702_20note.md.tex:325: Preview: Snippet 318 ended.(282168+127431x1596904).
<-><->
      
l.325 $p=n$
           
Not a real error.

[318]
./_9AD8_7B49_4EE3_65702_20note.md.tex:326: Preview: Snippet 319 started.
<-><->
      
l.326 $
       (|):V \times V \rightarrow \mathbb{C}$
Not a real error.

./_9AD8_7B49_4EE3_65702_20note.md.tex:326: Preview: Snippet 319 ended.(491520+163840x4587501).
<-><->
      
l.326 $(|):V \times V \rightarrow \mathbb{C}$
                                             
Not a real error.

[319]
./_9AD8_7B49_4EE3_65702_20note.md.tex:327: Preview: Snippet 320 started.
<-><->
      
l.327 $
       v\in V$
Not a real error.

./_9AD8_7B49_4EE3_65702_20note.md.tex:327: Preview: Snippet 320 ended.(447828+25623x1670098).
<-><->
      
l.327 $v\in V$
              
Not a real error.

[320]
./_9AD8_7B49_4EE3_65702_20note.md.tex:328: Preview: Snippet 321 started.
<-><->
      
l.328 $
       \Vert v \Vert := \sqrt{(v \vert v)}$
Not a real error.

./_9AD8_7B49_4EE3_65702_20note.md.tex:328: Preview: Snippet 321 ended.(612762+199890x4081888).
<-><->
      
l.328 $\Vert v \Vert := \sqrt{(v \vert v)}$
                                           
Not a real error.

[321]
./_9AD8_7B49_4EE3_65702_20note.md.tex:329: Preview: Snippet 322 started.
<-><->
      
l.329 $
       \Vert v \Vert =1$
Not a real error.

./_9AD8_7B49_4EE3_65702_20note.md.tex:329: Preview: Snippet 322 ended.(491520+163840x2198030).
<-><->
      
l.329 $\Vert v \Vert =1$
                        
Not a real error.

[322]
./_9AD8_7B49_4EE3_65702_20note.md.tex:330: Preview: Snippet 323 started.
<-><->
      
l.330 $
       v$
Not a real error.

./_9AD8_7B49_4EE3_65702_20note.md.tex:330: Preview: Snippet 323 ended.(282168+0x341181).
<-><->
      
l.330 $v$
         
Not a real error.

[323]
./_9AD8_7B49_4EE3_65702_20note.md.tex:331: Preview: Snippet 324 started.
<-><->
      
l.331 $
       S \subset V$
Not a real error.

./_9AD8_7B49_4EE3_65702_20note.md.tex:331: Preview: Snippet 324 ended.(447828+25623x1841371).
<-><->
      
l.331 $S \subset V$
                   
Not a real error.

[324]
./_9AD8_7B49_4EE3_65702_20note.md.tex:332: Preview: Snippet 325 started.
<-><->
      
l.332 $
       S$
Not a real error.

./_9AD8_7B49_4EE3_65702_20note.md.tex:332: Preview: Snippet 325 ended.(447828+0x439636).
<-><->
      
l.332 $S$
         
Not a real error.

[325]
./_9AD8_7B49_4EE3_65702_20note.md.tex:333: Preview: Snippet 326 started.
<-><->
      
l.333 $
       \forall v\neq w \in S, (v \vert w)=0$
Not a real error.

./_9AD8_7B49_4EE3_65702_20note.md.tex:333: Preview: Snippet 326 ended.(491520+163840x6282636).
<-><->
      
l.333 $\forall v\neq w \in S, (v \vert w)=0$
                                            
Not a real error.

[326]
./_9AD8_7B49_4EE3_65702_20note.md.tex:334: Preview: Snippet 327 started.
<-><->
      
l.334 $
       S$
Not a real error.

./_9AD8_7B49_4EE3_65702_20note.md.tex:334: Preview: Snippet 327 ended.(447828+0x439636).
<-><->
      
l.334 $S$
         
Not a real error.

[327]
./_9AD8_7B49_4EE3_65702_20note.md.tex:335: Preview: Snippet 328 started.
<-><->
      
l.335 $
       S$
Not a real error.

./_9AD8_7B49_4EE3_65702_20note.md.tex:335: Preview: Snippet 328 ended.(447828+0x439636).
<-><->
      
l.335 $S$
         
Not a real error.

[328]
./_9AD8_7B49_4EE3_65702_20note.md.tex:336: Preview: Snippet 329 started.
<-><->
      
l.336 $
       \forall v\in S, \Vert v \Vert =1$
Not a real error.

./_9AD8_7B49_4EE3_65702_20note.md.tex:336: Preview: Snippet 329 ended.(491520+163840x4398785).
<-><->
      
l.336 $\forall v\in S, \Vert v \Vert =1$
                                        
Not a real error.

[329]
./_9AD8_7B49_4EE3_65702_20note.md.tex:337: Preview: Snippet 330 started.
<-><->
      
l.337 $
       S$
Not a real error.

./_9AD8_7B49_4EE3_65702_20note.md.tex:337: Preview: Snippet 330 ended.(447828+0x439636).
<-><->
      
l.337 $S$
         
Not a real error.

[330]
./_9AD8_7B49_4EE3_65702_20note.md.tex:338: Preview: Snippet 331 started.
<-><->
      
l.338 $
       V:IPS/\mathbb{C}$
Not a real error.

./_9AD8_7B49_4EE3_65702_20note.md.tex:338: Preview: Snippet 331 ended.(491520+163840x3129563).
<-><->
      
l.338 $V:IPS/\mathbb{C}$
                        
Not a real error.

[331]
./_9AD8_7B49_4EE3_65702_20note.md.tex:339: Preview: Snippet 332 started.
<-><->
      
l.339 $
       V_0,V_1 \subset V$
Not a real error.

./_9AD8_7B49_4EE3_65702_20note.md.tex:339: Preview: Snippet 332 ended.(447828+127431x3045596).
<-><->
      
l.339 $V_0,V_1 \subset V$
                         
Not a real error.

[332]
./_9AD8_7B49_4EE3_65702_20note.md.tex:340: Preview: Snippet 333 started.
<-><->
      
l.340 $
       V_0 \perp V_1$
Not a real error.

./_9AD8_7B49_4EE3_65702_20note.md.tex:340: Preview: Snippet 333 ended.(455111+98303x2226398).
<-><->
      
l.340 $V_0 \perp V_1$
                     
Not a real error.

[333]
./_9AD8_7B49_4EE3_65702_20note.md.tex:341: Preview: Snippet 334 started.
<-><->
      
l.341 $
       \forall v_0 \in V_0, v_1 \in V_1, (v_0 \vert v_1)=0$
Not a real error.

./_9AD8_7B49_4EE3_65702_20note.md.tex:341: Preview: Snippet 334 ended.(491520+163840x8241138).
<-><->
      
l.341 ... \in V_0, v_1 \in V_1, (v_0 \vert v_1)=0$
                                                  
Not a real error.

[334]
./_9AD8_7B49_4EE3_65702_20note.md.tex:342: Preview: Snippet 335 started.
<-><->
      
l.342 $
       (V_i)_{i \in I} \in V$
Not a real error.

./_9AD8_7B49_4EE3_65702_20note.md.tex:342: Preview: Snippet 335 ended.(491520+163840x3278404).
<-><->
      
l.342 $(V_i)_{i \in I} \in V$
                             
Not a real error.

[335]
./_9AD8_7B49_4EE3_65702_20note.md.tex:343: Preview: Snippet 336 started.
<-><->
      
l.343 $
       V = \bigoplus V_i$
Not a real error.

./_9AD8_7B49_4EE3_65702_20note.md.tex:343: Preview: Snippet 336 ended.(491524+163844x2839620).
<-><->
      
l.343 $V = \bigoplus V_i$
                         
Not a real error.

[336]
./_9AD8_7B49_4EE3_65702_20note.md.tex:344: Preview: Snippet 337 started.
<-><->
      
l.344 $
       V_i \perp V_j$
Not a real error.

./_9AD8_7B49_4EE3_65702_20note.md.tex:344: Preview: Snippet 337 ended.(455111+187504x2132720).
<-><->
      
l.344 $V_i \perp V_j$
                     
Not a real error.

[337]
./_9AD8_7B49_4EE3_65702_20note.md.tex:345: Preview: Snippet 338 started.
<-><->
      
l.345 $
       V$
Not a real error.

./_9AD8_7B49_4EE3_65702_20note.md.tex:345: Preview: Snippet 338 ended.(447828+0x527929).
<-><->
      
l.345 $V$
         
Not a real error.

[338]
./_9AD8_7B49_4EE3_65702_20note.md.tex:346: Preview: Snippet 339 started.
<-><->
      
l.346 $
       (V_i)_{i \in I}$
Not a real error.

./_9AD8_7B49_4EE3_65702_20note.md.tex:346: Preview: Snippet 339 ended.(491520+163840x1949487).
<-><->
      
l.346 $(V_i)_{i \in I}$
                       
Not a real error.

[339]
./_9AD8_7B49_4EE3_65702_20note.md.tex:347: Preview: Snippet 340 started.
<-><->
      
l.347 $
       V:IPS/\mathbb{C}$
Not a real error.

./_9AD8_7B49_4EE3_65702_20note.md.tex:347: Preview: Snippet 340 ended.(491520+163840x3129563).
<-><->
      
l.347 $V:IPS/\mathbb{C}$
                        
Not a real error.

[340]
./_9AD8_7B49_4EE3_65702_20note.md.tex:348: Preview: Snippet 341 started.
<-><->
      
l.348 $
       V_0 \subset V$
Not a real error.

./_9AD8_7B49_4EE3_65702_20note.md.tex:348: Preview: Snippet 341 ended.(447828+98303x2078031).
<-><->
      
l.348 $V_0 \subset V$
                     
Not a real error.

[341]
./_9AD8_7B49_4EE3_65702_20note.md.tex:349: Preview: Snippet 342 started.
<-><->
      
l.349 $
       dimV_0<\infty$
Not a real error.

./_9AD8_7B49_4EE3_65702_20note.md.tex:349: Preview: Snippet 342 ended.(455111+98303x3347764).
<-><->
      
l.349 $dimV_0<\infty$
                     
Not a real error.

[342]
./_9AD8_7B49_4EE3_65702_20note.md.tex:350: Preview: Snippet 343 started.
<-><->
      
l.350 $
       V_0^\perp :=\{v \in V: (v_0 \vert v)=0, \forall v_0 \in V_0 \}$
Not a real error.

./_9AD8_7B49_4EE3_65702_20note.md.tex:350: Preview: Snippet 343 ended.(556402+163840x10488158).
<-><->
      
l.350 ... (v_0 \vert v)=0, \forall v_0 \in V_0 \}$
                                                  
Not a real error.

[343]
./_9AD8_7B49_4EE3_65702_20note.md.tex:351: Preview: Snippet 344 started.
<-><->
      
l.351 $
       V=V_0 \oplus V_0^\perp$
Not a real error.

./_9AD8_7B49_4EE3_65702_20note.md.tex:351: Preview: Snippet 344 ended.(556402+162667x3849319).
<-><->
      
l.351 $V=V_0 \oplus V_0^\perp$
                              
Not a real error.

[344]
./_9AD8_7B49_4EE3_65702_20note.md.tex:352: Preview: Snippet 345 started.
<-><->
      
l.352 $
       V:IPS/\mathbb{C}$
Not a real error.

./_9AD8_7B49_4EE3_65702_20note.md.tex:352: Preview: Snippet 345 ended.(491520+163840x3129563).
<-><->
      
l.352 $V:IPS/\mathbb{C}$
                        
Not a real error.

[345]
./_9AD8_7B49_4EE3_65702_20note.md.tex:353: Preview: Snippet 346 started.
<-><->
      
l.353 $
       $\vert (v | w) \vert^2  \leq (v | v) \cdot (w|w),\forall v,w \in V$$
Not a real error.

./_9AD8_7B49_4EE3_65702_20note.md.tex:353: Preview: Snippet 346 ended.(950272+0x22609920).
<-><->
      
l.353 ...q (v | v) \cdot (w|w),\forall v,w \in V$$
                                                  
Not a real error.

[346]
./_9AD8_7B49_4EE3_65702_20note.md.tex:354: Preview: Snippet 347 started.
<-><->
      
l.354 $
       t \in \mathbb{C}$
Not a real error.

./_9AD8_7B49_4EE3_65702_20note.md.tex:354: Preview: Snippet 347 ended.(451470+25623x1510962).
<-><->
      
l.354 $t \in \mathbb{C}$
                        
Not a real error.

[347]
./_9AD8_7B49_4EE3_65702_20note.md.tex:355: Preview: Snippet 348 started.
<-><->
      
l.355 $
       0 \leq \Vert v+tw \Vert^2 = \Vert v \Vert^2 + 2Re(v|tw) + \Vert tw \V...
Not a real error.

./_9AD8_7B49_4EE3_65702_20note.md.tex:355: Preview: Snippet 348 ended.(533465+163840x12347605).
<-><->
      
l.355 ...v \Vert^2 + 2Re(v|tw) + \Vert tw \Vert^2$
                                                  
Not a real error.

[348]
./_9AD8_7B49_4EE3_65702_20note.md.tex:356: Preview: Snippet 349 started.
<-><->
      
l.356 $
       t=\frac{-(w|v)}{(w,w)}$
Not a real error.

./_9AD8_7B49_4EE3_65702_20note.md.tex:356: Preview: Snippet 349 ended.(661912+340683x2912680).
<-><->
      
l.356 $t=\frac{-(w|v)}{(w,w)}$
                              
Not a real error.

[349]
./_9AD8_7B49_4EE3_65702_20note.md.tex:357: Preview: Snippet 350 started.
<-><->
      
l.357 $
       0 \leq \Vert v \Vert^2 - \frac{|(v|w)|^2}{(w|w)}$
Not a real error.

./_9AD8_7B49_4EE3_65702_20note.md.tex:357: Preview: Snippet 350 ended.(726793+340683x5252710).
<-><->
      
l.357 ...Vert v \Vert^2 - \frac{|(v|w)|^2}{(w|w)}$
                                                  
Not a real error.

[350]
./_9AD8_7B49_4EE3_65702_20note.md.tex:358: Preview: Snippet 351 started.
<-><->
      
l.358 $
       t \in \mathbb{C}$
Not a real error.

./_9AD8_7B49_4EE3_65702_20note.md.tex:358: Preview: Snippet 351 ended.(451470+25623x1510962).
<-><->
      
l.358 $t \in \mathbb{C}$
                        
Not a real error.

[351]
./_9AD8_7B49_4EE3_65702_20note.md.tex:359: Preview: Snippet 352 started.
<-><->
      
l.359 $
       v+tw=0$
Not a real error.

./_9AD8_7B49_4EE3_65702_20note.md.tex:359: Preview: Snippet 352 ended.(422343+54613x3067134).
<-><->
      
l.359 $v+tw=0$
              
Not a real error.

[352]
./_9AD8_7B49_4EE3_65702_20note.md.tex:360: Preview: Snippet 353 started.
<-><->
      
l.360 $
       \Vert v+w \Vert \leq \Vert v \Vert + \Vert w \Vert$
Not a real error.

./_9AD8_7B49_4EE3_65702_20note.md.tex:360: Preview: Snippet 353 ended.(491520+163840x6097870).
<-><->
      
l.360 ...\Vert \leq \Vert v \Vert + \Vert w \Vert$
                                                  
Not a real error.

[353]
./_9AD8_7B49_4EE3_65702_20note.md.tex:361: Preview: Snippet 354 started.
<-><->
      
l.361 $
       V:IPS/\mathbb{C}$
Not a real error.

./_9AD8_7B49_4EE3_65702_20note.md.tex:361: Preview: Snippet 354 ended.(491520+163840x3129563).
<-><->
      
l.361 $V:IPS/\mathbb{C}$
                        
Not a real error.

[354]
./_9AD8_7B49_4EE3_65702_20note.md.tex:362: Preview: Snippet 355 started.
<-><->
      
l.362 $
       v_1,v_2, \cdots$
Not a real error.

./_9AD8_7B49_4EE3_65702_20note.md.tex:362: Preview: Snippet 355 ended.(291271+127431x2679687).
<-><->
      
l.362 $v_1,v_2, \cdots$
                       
Not a real error.

[355]
./_9AD8_7B49_4EE3_65702_20note.md.tex:363: Preview: Snippet 356 started.
<-><->
      
l.363 $
       V$
Not a real error.

./_9AD8_7B49_4EE3_65702_20note.md.tex:363: Preview: Snippet 356 ended.(447828+0x527929).
<-><->
      
l.363 $V$
         
Not a real error.

[356]
./_9AD8_7B49_4EE3_65702_20note.md.tex:364: Preview: Snippet 357 started.
<-><->
      
l.364 $
       w_1=v_1$
Not a real error.

./_9AD8_7B49_4EE3_65702_20note.md.tex:364: Preview: Snippet 357 ended.(282168+98303x2248663).
<-><->
      
l.364 $w_1=v_1$
               
Not a real error.

[357]
./_9AD8_7B49_4EE3_65702_20note.md.tex:365: Preview: Snippet 358 started.
<-><->
      
l.365 $
       w_k=v_k-\sum\limits_{i=1}^{k-1} \frac{(w_i|v_k)}{(w_i|w_i)}w_i$
Not a real error.

./_9AD8_7B49_4EE3_65702_20note.md.tex:365: Preview: Snippet 358 ended.(1006708+642164x6759664).
<-><->
      
l.365 ...=1}^{k-1} \frac{(w_i|v_k)}{(w_i|w_i)}w_i$
                                                  
Not a real error.

[358]
./_9AD8_7B49_4EE3_65702_20note.md.tex:366: Preview: Snippet 359 started.
<-><->
      
l.366 $
       (w_i)$
Not a real error.

./_9AD8_7B49_4EE3_65702_20note.md.tex:366: Preview: Snippet 359 ended.(491520+163840x1197097).
<-><->
      
l.366 $(w_i)$
             
Not a real error.

[359]
./_9AD8_7B49_4EE3_65702_20note.md.tex:367: Preview: Snippet 360 started.
<-><->
      
l.367 $
       \langle v_1, \cdots, v_k \rangle=\langle w_1, \cdots, w_k \rangle$
Not a real error.

./_9AD8_7B49_4EE3_65702_20note.md.tex:367: Preview: Snippet 360 ended.(491520+163840x7831000).
<-><->
      
l.367 ...\rangle=\langle w_1, \cdots, w_k \rangle$
                                                  
Not a real error.

[360]
./_9AD8_7B49_4EE3_65702_20note.md.tex:368: Preview: Snippet 361 started.
<-><->
      
l.368 $
       IPS/\mathbb{C}$
Not a real error.

./_9AD8_7B49_4EE3_65702_20note.md.tex:368: Preview: Snippet 361 ended.(491520+163840x2055509).
<-><->
      
l.368 $IPS/\mathbb{C}$
                      
Not a real error.

[361]
./_9AD8_7B49_4EE3_65702_20note.md.tex:369: Preview: Snippet 362 started.
<-><->
      
l.369 $
       V:IPS/\mathbb{C}$
Not a real error.

./_9AD8_7B49_4EE3_65702_20note.md.tex:369: Preview: Snippet 362 ended.(491520+163840x3129563).
<-><->
      
l.369 $V:IPS/\mathbb{C}$
                        
Not a real error.

[362]
./_9AD8_7B49_4EE3_65702_20note.md.tex:370: Preview: Snippet 363 started.
<-><->
      
l.370 $
       \mathbb{C}^n$
Not a real error.

./_9AD8_7B49_4EE3_65702_20note.md.tex:370: Preview: Snippet 363 ended.(451470+0x830050).
<-><->
      
l.370 $\mathbb{C}^n$
                    
Not a real error.

[363]
./_9AD8_7B49_4EE3_65702_20note.md.tex:371: Preview: Snippet 364 started.
<-><->
      
l.371 $
       a<b \mathbb{R}$
Not a real error.

./_9AD8_7B49_4EE3_65702_20note.md.tex:371: Preview: Snippet 364 ended.(455111+25623x1974796).
<-><->
      
l.371 $a<b \mathbb{R}$
                      
Not a real error.

[364]
./_9AD8_7B49_4EE3_65702_20note.md.tex:372: Preview: Snippet 365 started.
<-><->
      
l.372 $
       C[a,b]:=\{f:[a,b] \rightarrow \mathbb{C},\, continuous\}$
Not a real error.

./_9AD8_7B49_4EE3_65702_20note.md.tex:372: Preview: Snippet 365 ended.(491520+163840x10848985).
<-><->
      
l.372 ...] \rightarrow \mathbb{C},\, continuous\}$
                                                  
Not a real error.

[365]
./_9AD8_7B49_4EE3_65702_20note.md.tex:373: Preview: Snippet 366 started.
<-><->
      
l.373 $
       \mathbb{C}-v.s.$
Not a real error.

./_9AD8_7B49_4EE3_65702_20note.md.tex:373: Preview: Snippet 366 ended.(451470+54613x2286777).
<-><->
      
l.373 $\mathbb{C}-v.s.$
                       
Not a real error.

[366]
./_9AD8_7B49_4EE3_65702_20note.md.tex:374: Preview: Snippet 367 started.
<-><->
      
l.374 $
       (f+cg)(x)=f(x)+cg(x)$
Not a real error.

./_9AD8_7B49_4EE3_65702_20note.md.tex:374: Preview: Snippet 367 ended.(491520+163840x7660574).
<-><->
      
l.374 $(f+cg)(x)=f(x)+cg(x)$
                            
Not a real error.

[367]
./_9AD8_7B49_4EE3_65702_20note.md.tex:375: Preview: Snippet 368 started.
<-><->
      
l.375 $
       (f|g):= \int_a^b \bar{f}g dx$
Not a real error.

./_9AD8_7B49_4EE3_65702_20note.md.tex:375: Preview: Snippet 368 ended.(684491+233020x4727645).
<-><->
      
l.375 $(f|g):= \int_a^b \bar{f}g dx$
                                    
Not a real error.

[368]
./_9AD8_7B49_4EE3_65702_20note.md.tex:376: Preview: Snippet 369 started.
<-><->
      
l.376 $
       \mathbb{C}[x]$
Not a real error.

./_9AD8_7B49_4EE3_65702_20note.md.tex:376: Preview: Snippet 369 ended.(491520+163840x1211962).
<-><->
      
l.376 $\mathbb{C}[x]$
                     
Not a real error.

[369]
./_9AD8_7B49_4EE3_65702_20note.md.tex:377: Preview: Snippet 370 started.
<-><->
      
l.377 $
       [a,b]$
Not a real error.

./_9AD8_7B49_4EE3_65702_20note.md.tex:377: Preview: Snippet 370 ended.(491520+163840x1283033).
<-><->
      
l.377 $[a,b]$
             
Not a real error.

[370]
./_9AD8_7B49_4EE3_65702_20note.md.tex:378: Preview: Snippet 371 started.
<-><->
      
l.378 $
       C[a,b]$
Not a real error.

./_9AD8_7B49_4EE3_65702_20note.md.tex:378: Preview: Snippet 371 ended.(491520+163840x1798309).
<-><->
      
l.378 $C[a,b]$
              
Not a real error.

[371]
./_9AD8_7B49_4EE3_65702_20note.md.tex:379: Preview: Snippet 372 started.
<-><->
      
l.379 $
       V,W:IPS/\mathbb{C}$
Not a real error.

./_9AD8_7B49_4EE3_65702_20note.md.tex:379: Preview: Snippet 372 ended.(491520+163840x4021579).
<-><->
      
l.379 $V,W:IPS/\mathbb{C}$
                          
Not a real error.

[372]
./_9AD8_7B49_4EE3_65702_20note.md.tex:380: Preview: Snippet 373 started.
<-><->
      
l.380 $
       T\in Hom(V,W)$
Not a real error.

./_9AD8_7B49_4EE3_65702_20note.md.tex:380: Preview: Snippet 373 ended.(491520+163840x4695755).
<-><->
      
l.380 $T\in Hom(V,W)$
                     
Not a real error.

[373]
./_9AD8_7B49_4EE3_65702_20note.md.tex:381: Preview: Snippet 374 started.
<-><->
      
l.381 $
       \Vert Tv \Vert_W= \Vert v \Vert_V$
Not a real error.

./_9AD8_7B49_4EE3_65702_20note.md.tex:381: Preview: Snippet 374 ended.(491520+163840x4392201).
<-><->
      
l.381 $\Vert Tv \Vert_W= \Vert v \Vert_V$
                                         
Not a real error.

[374]
./_9AD8_7B49_4EE3_65702_20note.md.tex:382: Preview: Snippet 375 started.
<-><->
      
l.382 $
       T$
Not a real error.

./_9AD8_7B49_4EE3_65702_20note.md.tex:382: Preview: Snippet 375 ended.(447828+0x473999).
<-><->
      
l.382 $T$
         
Not a real error.

[375]
./_9AD8_7B49_4EE3_65702_20note.md.tex:383: Preview: Snippet 376 started.
<-><->
      
l.383 $
       T$
Not a real error.

./_9AD8_7B49_4EE3_65702_20note.md.tex:383: Preview: Snippet 376 ended.(447828+0x473999).
<-><->
      
l.383 $T$
         
Not a real error.

[376]
./_9AD8_7B49_4EE3_65702_20note.md.tex:384: Preview: Snippet 377 started.
<-><->
      
l.384 $
       \Longleftrightarrow$
Not a real error.

./_9AD8_7B49_4EE3_65702_20note.md.tex:384: Preview: Snippet 377 ended.(240435+0x1201498).
<-><->
      
l.384 $\Longleftrightarrow$
                           
Not a real error.

[377]
./_9AD8_7B49_4EE3_65702_20note.md.tex:385: Preview: Snippet 378 started.
<-><->
      
l.385 $
       T$
Not a real error.

./_9AD8_7B49_4EE3_65702_20note.md.tex:385: Preview: Snippet 378 ended.(447828+0x473999).
<-><->
      
l.385 $T$
         
Not a real error.

[378]
./_9AD8_7B49_4EE3_65702_20note.md.tex:386: Preview: Snippet 379 started.
<-><->
      
l.386 $
       T$
Not a real error.

./_9AD8_7B49_4EE3_65702_20note.md.tex:386: Preview: Snippet 379 ended.(447828+0x473999).
<-><->
      
l.386 $T$
         
Not a real error.

[379]
./_9AD8_7B49_4EE3_65702_20note.md.tex:387: Preview: Snippet 380 started.
<-><->
      
l.387 $
       IPS/\mathbb{C}$
Not a real error.

./_9AD8_7B49_4EE3_65702_20note.md.tex:387: Preview: Snippet 380 ended.(491520+163840x2055509).
<-><->
      
l.387 $IPS/\mathbb{C}$
                      
Not a real error.

[380]
./_9AD8_7B49_4EE3_65702_20note.md.tex:388: Preview: Snippet 381 started.
<-><->
      
l.388 $
       dimV=n \in \mathbb{Z}_{\geq1}$
Not a real error.

./_9AD8_7B49_4EE3_65702_20note.md.tex:388: Preview: Snippet 381 ended.(455111+183387x4878906).
<-><->
      
l.388 $dimV=n \in \mathbb{Z}_{\geq1}$
                                     
Not a real error.

[381]
./_9AD8_7B49_4EE3_65702_20note.md.tex:389: Preview: Snippet 382 started.
<-><->
      
l.389 $
       \mathbb{C} \rightarrow V$
Not a real error.

./_9AD8_7B49_4EE3_65702_20note.md.tex:389: Preview: Snippet 382 ended.(451470+0x2020686).
<-><->
      
l.389 $\mathbb{C} \rightarrow V$
                                
Not a real error.

[382]
./_9AD8_7B49_4EE3_65702_20note.md.tex:390: Preview: Snippet 383 started.
<-><->
      
l.390 $
       V$
Not a real error.

./_9AD8_7B49_4EE3_65702_20note.md.tex:390: Preview: Snippet 383 ended.(447828+0x527929).
<-><->
      
l.390 $V$
         
Not a real error.

[383]
./_9AD8_7B49_4EE3_65702_20note.md.tex:391: Preview: Snippet 384 started.
<-><->
      
l.391 $
       IPS/\mathbb{C}$
Not a real error.

./_9AD8_7B49_4EE3_65702_20note.md.tex:391: Preview: Snippet 384 ended.(491520+163840x2055509).
<-><->
      
l.391 $IPS/\mathbb{C}$
                      
Not a real error.

[384]
./_9AD8_7B49_4EE3_65702_20note.md.tex:392: Preview: Snippet 385 started.
<-><->
      
l.392 $
       T:(V,(|)) \rightarrow (V,(|))$
Not a real error.

./_9AD8_7B49_4EE3_65702_20note.md.tex:392: Preview: Snippet 385 ended.(491520+163840x5862501).
<-><->
      
l.392 $T:(V,(|)) \rightarrow (V,(|))$
                                     
Not a real error.

[385]
./_9AD8_7B49_4EE3_65702_20note.md.tex:393: Preview: Snippet 386 started.
<-><->
      
l.393 $
       T^*=-T$
Not a real error.

./_9AD8_7B49_4EE3_65702_20note.md.tex:393: Preview: Snippet 386 ended.(451272+54613x2632814).
<-><->
      
l.393 $T^*=-T$
              
Not a real error.

[386]
./_9AD8_7B49_4EE3_65702_20note.md.tex:394: Preview: Snippet 387 started.
<-><->
      
l.394 $
       ^\dagger A=-A$
Not a real error.

./_9AD8_7B49_4EE3_65702_20note.md.tex:394: Preview: Snippet 387 ended.(556402+54613x2639641).
<-><->
      
l.394 $^\dagger A=-A$
                     
Not a real error.

[387]
./_9AD8_7B49_4EE3_65702_20note.md.tex:395: Preview: Snippet 388 started.
<-><->
      
l.395 $
       P$
Not a real error.

./_9AD8_7B49_4EE3_65702_20note.md.tex:395: Preview: Snippet 388 ended.(447828+0x511773).
<-><->
      
l.395 $P$
         
Not a real error.

[388]
./_9AD8_7B49_4EE3_65702_20note.md.tex:396: Preview: Snippet 389 started.
<-><->
      
l.396 $
       \Longleftrightarrow$
Not a real error.

./_9AD8_7B49_4EE3_65702_20note.md.tex:396: Preview: Snippet 389 ended.(240435+0x1201498).
<-><->
      
l.396 $\Longleftrightarrow$
                           
Not a real error.

[389]
./_9AD8_7B49_4EE3_65702_20note.md.tex:397: Preview: Snippet 390 started.
<-><->
      
l.397 $
       ^\dagger PP=I_n$
Not a real error.

./_9AD8_7B49_4EE3_65702_20note.md.tex:397: Preview: Snippet 390 ended.(556402+98303x2815239).
<-><->
      
l.397 $^\dagger PP=I_n$
                       
Not a real error.

[390]
./_9AD8_7B49_4EE3_65702_20note.md.tex:398: Preview: Snippet 391 started.
<-><->
      
l.398 $
       P \cdot (^ \dagger P)=I_n$
Not a real error.

./_9AD8_7B49_4EE3_65702_20note.md.tex:398: Preview: Snippet 391 ended.(556402+163840x3798274).
<-><->
      
l.398 $P \cdot (^ \dagger P)=I_n$
                                 
Not a real error.

[391]
./_9AD8_7B49_4EE3_65702_20note.md.tex:399: Preview: Snippet 392 started.
<-><->
      
l.399 $
       T \in End(V)$
Not a real error.

./_9AD8_7B49_4EE3_65702_20note.md.tex:399: Preview: Snippet 392 ended.(491520+163840x3568674).
<-><->
      
l.399 $T \in End(V)$
                    
Not a real error.

[392]
./_9AD8_7B49_4EE3_65702_20note.md.tex:400: Preview: Snippet 393 started.
<-><->
      
l.400 $
       TT^*=T^*T$
Not a real error.

./_9AD8_7B49_4EE3_65702_20note.md.tex:400: Preview: Snippet 393 ended.(451272+0x3372370).
<-><->
      
l.400 $TT^*=T^*T$
                 
Not a real error.

[393]
./_9AD8_7B49_4EE3_65702_20note.md.tex:401: Preview: Snippet 394 started.
<-><->
      
l.401 $
       T \in End(V)$
Not a real error.

./_9AD8_7B49_4EE3_65702_20note.md.tex:401: Preview: Snippet 394 ended.(491520+163840x3568674).
<-><->
      
l.401 $T \in End(V)$
                    
Not a real error.

[394]
./_9AD8_7B49_4EE3_65702_20note.md.tex:402: Preview: Snippet 395 started.
<-><->
      
l.402 $
       ONB$
Not a real error.

./_9AD8_7B49_4EE3_65702_20note.md.tex:402: Preview: Snippet 395 ended.(447828+0x1646089).
<-><->
      
l.402 $ONB$
           
Not a real error.

[395]
./_9AD8_7B49_4EE3_65702_20note.md.tex:403: Preview: Snippet 396 started.
<-><->
      
l.403 $
       v_1, \cdots v_n$
Not a real error.

./_9AD8_7B49_4EE3_65702_20note.md.tex:403: Preview: Snippet 396 ended.(291271+127431x2451149).
<-><->
      
l.403 $v_1, \cdots v_n$
                       
Not a real error.

[396]
./_9AD8_7B49_4EE3_65702_20note.md.tex:404: Preview: Snippet 397 started.
<-><->
      
l.404 $
       V$
Not a real error.

./_9AD8_7B49_4EE3_65702_20note.md.tex:404: Preview: Snippet 397 ended.(447828+0x527929).
<-><->
      
l.404 $V$
         
Not a real error.

[397]
./_9AD8_7B49_4EE3_65702_20note.md.tex:405: Preview: Snippet 398 started.
<-><->
      
l.405 $
       \lambda_1 \cdots \lambda_n \in \mathbb{C}$
Not a real error.

./_9AD8_7B49_4EE3_65702_20note.md.tex:405: Preview: Snippet 398 ended.(455111+98303x3672662).
<-><->
      
l.405 $\lambda_1 \cdots \lambda_n \in \mathbb{C}$
                                                 
Not a real error.

[398]
./_9AD8_7B49_4EE3_65702_20note.md.tex:406: Preview: Snippet 399 started.
<-><->
      
l.406 $
       Tv_i=\lambda_iv_i$
Not a real error.

./_9AD8_7B49_4EE3_65702_20note.md.tex:406: Preview: Snippet 399 ended.(455111+98303x3020000).
<-><->
      
l.406 $Tv_i=\lambda_iv_i$
                         
Not a real error.

[399]
./_9AD8_7B49_4EE3_65702_20note.md.tex:407: Preview: Snippet 400 started.
<-><->
      
l.407 $
       i$
Not a real error.

./_9AD8_7B49_4EE3_65702_20note.md.tex:407: Preview: Snippet 400 ended.(432226+0x225780).
<-><->
      
l.407 $i$
         
Not a real error.

[400]
./_9AD8_7B49_4EE3_65702_20note.md.tex:408: Preview: Snippet 401 started.
<-><->
      
l.408 $
       T$
Not a real error.

./_9AD8_7B49_4EE3_65702_20note.md.tex:408: Preview: Snippet 401 ended.(447828+0x473999).
<-><->
      
l.408 $T$
         
Not a real error.

[401]
./_9AD8_7B49_4EE3_65702_20note.md.tex:409: Preview: Snippet 402 started.
<-><->
      
l.409 $
       V=\mathbb{C} + std.IP$
Not a real error.

./_9AD8_7B49_4EE3_65702_20note.md.tex:409: Preview: Snippet 402 ended.(455111+54613x4594335).
<-><->
      
l.409 $V=\mathbb{C} + std.IP$
                             
Not a real error.

[402]
./_9AD8_7B49_4EE3_65702_20note.md.tex:410: Preview: Snippet 403 started.
<-><->
      
l.410 $
       T$
Not a real error.

./_9AD8_7B49_4EE3_65702_20note.md.tex:410: Preview: Snippet 403 ended.(447828+0x473999).
<-><->
      
l.410 $T$
         
Not a real error.

[403]
./_9AD8_7B49_4EE3_65702_20note.md.tex:411: Preview: Snippet 404 started.
<-><->
      
l.411 $
       P^{-1}AP$
Not a real error.

./_9AD8_7B49_4EE3_65702_20note.md.tex:411: Preview: Snippet 404 ended.(533465+0x2218671).
<-><->
      
l.411 $P^{-1}AP$
                
Not a real error.

[404]
./_9AD8_7B49_4EE3_65702_20note.md.tex:412: Preview: Snippet 405 started.
<-><->
      
l.412 $
       A \leftrightarrow T$
Not a real error.

./_9AD8_7B49_4EE3_65702_20note.md.tex:412: Preview: Snippet 405 ended.(447828+0x1984961).
<-><->
      
l.412 $A \leftrightarrow T$
                           
Not a real error.

[405]
./_9AD8_7B49_4EE3_65702_20note.md.tex:413: Preview: Snippet 406 started.
<-><->
      
l.413 $
       1 \rightarrow 2$
Not a real error.

./_9AD8_7B49_4EE3_65702_20note.md.tex:413: Preview: Snippet 406 ended.(422343+0x1674803).
<-><->
      
l.413 $1 \rightarrow 2$
                       
Not a real error.

[406]
./_9AD8_7B49_4EE3_65702_20note.md.tex:414: Preview: Snippet 407 started.
<-><->
      
l.414 $
       ONB$
Not a real error.

./_9AD8_7B49_4EE3_65702_20note.md.tex:414: Preview: Snippet 407 ended.(447828+0x1646089).
<-><->
      
l.414 $ONB$
           
Not a real error.

[407]
./_9AD8_7B49_4EE3_65702_20note.md.tex:415: Preview: Snippet 408 started.
<-><->
      
l.415 $
       V$
Not a real error.

./_9AD8_7B49_4EE3_65702_20note.md.tex:415: Preview: Snippet 408 ended.(447828+0x527929).
<-><->
      
l.415 $V$
         
Not a real error.

[408]
./_9AD8_7B49_4EE3_65702_20note.md.tex:416: Preview: Snippet 409 started.
<-><->
      
l.416 $
       V=\mathbb{C}^n,\,T \leftrightarrow A\in M_{n\times n}(\mathbb{C})$
Not a real error.

./_9AD8_7B49_4EE3_65702_20note.md.tex:416: Preview: Snippet 409 ended.(491520+163840x8127361).
<-><->
      
l.416 ...ightarrow A\in M_{n\times n}(\mathbb{C})$
                                                  
Not a real error.

[409]
./_9AD8_7B49_4EE3_65702_20note.md.tex:417: Preview: Snippet 410 started.
<-><->
      
l.417 $
       P^{-1}AP=\begin{pmatrix}\lambda_1&&\\&\ddots&\\&&\lambda_n\end{pmatrix}$
Not a real error.

./_9AD8_7B49_4EE3_65702_20note.md.tex:417: Preview: Snippet 410 ended.(1561570+1233890x7729854).
<-><->
      
l.417 ..._1&&\\&\ddots&\\&&\lambda_n\end{pmatrix}$
                                                  
Not a real error.

[410{/usr/share/texmf-dist/fonts/enc/dvips/cm-super/cm-super-t1.enc}]
./_9AD8_7B49_4EE3_65702_20note.md.tex:418: Preview: Snippet 411 started.
<-><->
      
l.418 $
       T^* \leftrightarrow \,^\dagger P^{-1}\begin{pmatrix}\overline{\lambda...
Not a real error.

./_9AD8_7B49_4EE3_65702_20note.md.tex:418: Preview: Snippet 411 ended.(1597246+1269566x16599062).
<-><->
      
l.418 ...&\overline{\lambda_n}\end{pmatrix}P^{-1}$
                                                  
Not a real error.

[411]
./_9AD8_7B49_4EE3_65702_20note.md.tex:419: Preview: Snippet 412 started.
<-><->
      
l.419 $
       T$
Not a real error.

./_9AD8_7B49_4EE3_65702_20note.md.tex:419: Preview: Snippet 412 ended.(447828+0x473999).
<-><->
      
l.419 $T$
         
Not a real error.

[412]
./_9AD8_7B49_4EE3_65702_20note.md.tex:420: Preview: Snippet 413 started.
<-><->
      
l.420 $
       2 \rightarrow 1$
Not a real error.

./_9AD8_7B49_4EE3_65702_20note.md.tex:420: Preview: Snippet 413 ended.(422343+0x1674803).
<-><->
      
l.420 $2 \rightarrow 1$
                       
Not a real error.

[413]
./_9AD8_7B49_4EE3_65702_20note.md.tex:421: Preview: Snippet 414 started.
<-><->
      
l.421 $
       T \in End(V)$
Not a real error.

./_9AD8_7B49_4EE3_65702_20note.md.tex:421: Preview: Snippet 414 ended.(491520+163840x3568674).
<-><->
      
l.421 $T \in End(V)$
                    
Not a real error.

[414]
./_9AD8_7B49_4EE3_65702_20note.md.tex:422: Preview: Snippet 415 started.
<-><->
      
l.422 $
       T'+T''$
Not a real error.

./_9AD8_7B49_4EE3_65702_20note.md.tex:422: Preview: Snippet 415 ended.(492688+54613x2267815).
<-><->
      
l.422 $T'+T''$
              
Not a real error.

[415]
./_9AD8_7B49_4EE3_65702_20note.md.tex:423: Preview: Snippet 416 started.
<-><->
      
l.423 $
       (T')^*=T',\,(T'')^*=-T''$
Not a real error.

./_9AD8_7B49_4EE3_65702_20note.md.tex:423: Preview: Snippet 416 ended.(492688+163840x7213501).
<-><->
      
l.423 $(T')^*=T',\,(T'')^*=-T''$
                                
Not a real error.

[416]
./_9AD8_7B49_4EE3_65702_20note.md.tex:424: Preview: Snippet 417 started.
<-><->
      
l.424 $
       T$
Not a real error.

./_9AD8_7B49_4EE3_65702_20note.md.tex:424: Preview: Snippet 417 ended.(447828+0x473999).
<-><->
      
l.424 $T$
         
Not a real error.

[417]
./_9AD8_7B49_4EE3_65702_20note.md.tex:425: Preview: Snippet 418 started.
<-><->
      
l.425 $
       T'T''=T''T'$
Not a real error.

./_9AD8_7B49_4EE3_65702_20note.md.tex:425: Preview: Snippet 418 ended.(492688+0x3807456).
<-><->
      
l.425 $T'T''=T''T'$
                   
Not a real error.

[418]
./_9AD8_7B49_4EE3_65702_20note.md.tex:426: Preview: Snippet 419 started.
<-><->
      
l.426 $
       V_0 \subset T$
Not a real error.

./_9AD8_7B49_4EE3_65702_20note.md.tex:426: Preview: Snippet 419 ended.(447828+98303x2024101).
<-><->
      
l.426 $V_0 \subset T$
                     
Not a real error.

[419]
./_9AD8_7B49_4EE3_65702_20note.md.tex:427: Preview: Snippet 420 started.
<-><->
      
l.427 $
       T-invariant$
Not a real error.

./_9AD8_7B49_4EE3_65702_20note.md.tex:427: Preview: Snippet 420 ended.(447828+54613x4097836).
<-><->
      
l.427 $T-invariant$
                   
Not a real error.

[420]
./_9AD8_7B49_4EE3_65702_20note.md.tex:428: Preview: Snippet 421 started.
<-><->
      
l.428 $
       V_0^{\perp}$
Not a real error.

./_9AD8_7B49_4EE3_65702_20note.md.tex:428: Preview: Snippet 421 ended.(556402+162667x970298).
<-><->
      
l.428 $V_0^{\perp}$
                   
Not a real error.

[421]
./_9AD8_7B49_4EE3_65702_20note.md.tex:429: Preview: Snippet 422 started.
<-><->
      
l.429 $
       T^*-invariant$
Not a real error.

./_9AD8_7B49_4EE3_65702_20note.md.tex:429: Preview: Snippet 422 ended.(451272+54613x4399120).
<-><->
      
l.429 $T^*-invariant$
                     
Not a real error.

[422]
./_9AD8_7B49_4EE3_65702_20note.md.tex:430: Preview: Snippet 423 started.
<-><->
      
l.430 $
       T^*=T$
Not a real error.

./_9AD8_7B49_4EE3_65702_20note.md.tex:430: Preview: Snippet 423 ended.(451272+0x2123088).
<-><->
      
l.430 $T^*=T$
             
Not a real error.

[423]
./_9AD8_7B49_4EE3_65702_20note.md.tex:431: Preview: Snippet 424 started.
<-><->
      
l.431 $
       v_1 \in V,\lVert v_1 \rVert =1$
Not a real error.

./_9AD8_7B49_4EE3_65702_20note.md.tex:431: Preview: Snippet 424 ended.(491520+163840x4591150).
<-><->
      
l.431 $v_1 \in V,\lVert v_1 \rVert =1$
                                      
Not a real error.

[424]
./_9AD8_7B49_4EE3_65702_20note.md.tex:432: Preview: Snippet 425 started.
<-><->
      
l.432 $
       \lambda_1 \in \mathbb{R}\, s.t.\, Tv_1=\lambda_1v_1$
Not a real error.

./_9AD8_7B49_4EE3_65702_20note.md.tex:432: Preview: Snippet 425 ended.(455111+98303x6324443).
<-><->
      
l.432 ...in \mathbb{R}\, s.t.\, Tv_1=\lambda_1v_1$
                                                  
Not a real error.

[425]
./_9AD8_7B49_4EE3_65702_20note.md.tex:433: Preview: Snippet 426 started.
<-><->
      
l.433 $
       \lambda$
Not a real error.

./_9AD8_7B49_4EE3_65702_20note.md.tex:433: Preview: Snippet 426 ended.(455111+0x382295).
<-><->
      
l.433 $\lambda$
               
Not a real error.

[426]
./_9AD8_7B49_4EE3_65702_20note.md.tex:434: Preview: Snippet 427 started.
<-><->
      
l.434 $
       (Tv_1|v_1)=\lambda(v_1|v_1)$
Not a real error.

./_9AD8_7B49_4EE3_65702_20note.md.tex:434: Preview: Snippet 427 ended.(491520+163840x5560326).
<-><->
      
l.434 $(Tv_1|v_1)=\lambda(v_1|v_1)$
                                   
Not a real error.

[427]
./_9AD8_7B49_4EE3_65702_20note.md.tex:435: Preview: Snippet 428 started.
<-><->
      
l.435 $
       \overline{\lambda}=\lambda$
Not a real error.

./_9AD8_7B49_4EE3_65702_20note.md.tex:435: Preview: Snippet 428 ended.(586176+0x1638396).
<-><->
      
l.435 $\overline{\lambda}=\lambda$
                                  
Not a real error.

[428]
./_9AD8_7B49_4EE3_65702_20note.md.tex:436: Preview: Snippet 429 started.
<-><->
      
l.436 $
       V=\langle v_1 \rangle \oplus \langle v_1 \rangle^{\perp}$
Not a real error.

./_9AD8_7B49_4EE3_65702_20note.md.tex:436: Preview: Snippet 429 ended.(556402+163840x4887888).
<-><->
      
l.436 ...angle \oplus \langle v_1 \rangle^{\perp}$
                                                  
Not a real error.

[429]
./_9AD8_7B49_4EE3_65702_20note.md.tex:437: Preview: Snippet 430 started.
<-><->
      
l.437 $
       T^*=-T$
Not a real error.

./_9AD8_7B49_4EE3_65702_20note.md.tex:437: Preview: Snippet 430 ended.(451272+54613x2632814).
<-><->
      
l.437 $T^*=-T$
              
Not a real error.

[430]
./_9AD8_7B49_4EE3_65702_20note.md.tex:438: Preview: Snippet 431 started.
<-><->
      
l.438 $
       \sqrt{-1}$
Not a real error.

./_9AD8_7B49_4EE3_65702_20note.md.tex:438: Preview: Snippet 431 ended.(567247+114325x1383542).
<-><->
      
l.438 $\sqrt{-1}$
                 
Not a real error.

[431]
./_9AD8_7B49_4EE3_65702_20note.md.tex:439: Preview: Snippet 432 started.
<-><->
      
l.439 $
       T=T'+T''$
Not a real error.

./_9AD8_7B49_4EE3_65702_20note.md.tex:439: Preview: Snippet 432 ended.(492688+54613x3615620).
<-><->
      
l.439 $T=T'+T''$
                
Not a real error.

[432]
./_9AD8_7B49_4EE3_65702_20note.md.tex:440: Preview: Snippet 433 started.
<-><->
      
l.440 $
       T'T''=T''T'$
Not a real error.

./_9AD8_7B49_4EE3_65702_20note.md.tex:440: Preview: Snippet 433 ended.(492688+0x3807456).
<-><->
      
l.440 $T'T''=T''T'$
                   
Not a real error.

[433]
./_9AD8_7B49_4EE3_65702_20note.md.tex:441: Preview: Snippet 434 started.
<-><->
      
l.441 $
       V=V_{\mu_1} \oplus \cdots \oplus V_{\mu_m}$
Not a real error.

./_9AD8_7B49_4EE3_65702_20note.md.tex:441: Preview: Snippet 434 ended.(447828+187504x5926678).
<-><->
      
l.441 $V=V_{\mu_1} \oplus \cdots \oplus V_{\mu_m}$
                                                  
Not a real error.

[434]
./_9AD8_7B49_4EE3_65702_20note.md.tex:442: Preview: Snippet 435 started.
<-><->
      
l.442 $
       \mu_1, \cdots, \mu_n$
Not a real error.

./_9AD8_7B49_4EE3_65702_20note.md.tex:442: Preview: Snippet 435 ended.(291271+127431x3006078).
<-><->
      
l.442 $\mu_1, \cdots, \mu_n$
                            
Not a real error.

[435]
./_9AD8_7B49_4EE3_65702_20note.md.tex:443: Preview: Snippet 436 started.
<-><->
      
l.443 $
       T'$
Not a real error.

./_9AD8_7B49_4EE3_65702_20note.md.tex:443: Preview: Snippet 436 ended.(492688+0x657864).
<-><->
      
l.443 $T'$
          
Not a real error.

[436]
./_9AD8_7B49_4EE3_65702_20note.md.tex:444: Preview: Snippet 437 started.
<-><->
      
l.444 $
       V_{\mu_i} \perp V_{\mu_j}$
Not a real error.

./_9AD8_7B49_4EE3_65702_20note.md.tex:444: Preview: Snippet 437 ended.(455111+227554x2793683).
<-><->
      
l.444 $V_{\mu_i} \perp V_{\mu_j}$
                                 
Not a real error.

[437]
./_9AD8_7B49_4EE3_65702_20note.md.tex:445: Preview: Snippet 438 started.
<-><->
      
l.445 $
       i \neq j$
Not a real error.

./_9AD8_7B49_4EE3_65702_20note.md.tex:445: Preview: Snippet 438 ended.(455111+127431x1406982).
<-><->
      
l.445 $i \neq j$
                
Not a real error.

[438]
./_9AD8_7B49_4EE3_65702_20note.md.tex:446: Preview: Snippet 439 started.
<-><->
      
l.446 $
       V_{\mu_i}$
Not a real error.

./_9AD8_7B49_4EE3_65702_20note.md.tex:446: Preview: Snippet 439 ended.(447828+187504x941326).
<-><->
      
l.446 $V_{\mu_i}$
                 
Not a real error.

[439]
./_9AD8_7B49_4EE3_65702_20note.md.tex:447: Preview: Snippet 440 started.
<-><->
      
l.447 $
       \mu_i$
Not a real error.

./_9AD8_7B49_4EE3_65702_20note.md.tex:447: Preview: Snippet 440 ended.(282168+127431x613074).
<-><->
      
l.447 $\mu_i$
             
Not a real error.

[440]
./_9AD8_7B49_4EE3_65702_20note.md.tex:448: Preview: Snippet 441 started.
<-><->
      
l.448 $
       T'T''=T''T'$
Not a real error.

./_9AD8_7B49_4EE3_65702_20note.md.tex:448: Preview: Snippet 441 ended.(492688+0x3807456).
<-><->
      
l.448 $T'T''=T''T'$
                   
Not a real error.

[441]
./_9AD8_7B49_4EE3_65702_20note.md.tex:449: Preview: Snippet 442 started.
<-><->
      
l.449 $
       V_{\mu_i}$
Not a real error.

./_9AD8_7B49_4EE3_65702_20note.md.tex:449: Preview: Snippet 442 ended.(447828+187504x941326).
<-><->
      
l.449 $V_{\mu_i}$
                 
Not a real error.

[442]
./_9AD8_7B49_4EE3_65702_20note.md.tex:450: Preview: Snippet 443 started.
<-><->
      
l.450 $
       T''$
Not a real error.

./_9AD8_7B49_4EE3_65702_20note.md.tex:450: Preview: Snippet 443 ended.(492688+0x808961).
<-><->
      
l.450 $T''$
           
Not a real error.

[443]
./_9AD8_7B49_4EE3_65702_20note.md.tex:451: Preview: Snippet 444 started.
<-><->
      
l.451 $
       (T''|_{V_{\mu_i}})^*=-(T''|_{V_{\mu_i}})$
Not a real error.

./_9AD8_7B49_4EE3_65702_20note.md.tex:451: Preview: Snippet 444 ended.(492688+269360x6408432).
<-><->
      
l.451 $(T''|_{V_{\mu_i}})^*=-(T''|_{V_{\mu_i}})$
                                                
Not a real error.

[444]
./_9AD8_7B49_4EE3_65702_20note.md.tex:452: Preview: Snippet 445 started.
<-><->
      
l.452 $
       V_{\mu_i}$
Not a real error.

./_9AD8_7B49_4EE3_65702_20note.md.tex:452: Preview: Snippet 445 ended.(447828+187504x941326).
<-><->
      
l.452 $V_{\mu_i}$
                 
Not a real error.

[445]
./_9AD8_7B49_4EE3_65702_20note.md.tex:453: Preview: Snippet 446 started.
<-><->
      
l.453 $
       ONB$
Not a real error.

./_9AD8_7B49_4EE3_65702_20note.md.tex:453: Preview: Snippet 446 ended.(447828+0x1646089).
<-><->
      
l.453 $ONB$
           
Not a real error.

[446]
./_9AD8_7B49_4EE3_65702_20note.md.tex:454: Preview: Snippet 447 started.
<-><->
      
l.454 $
       T''$
Not a real error.

./_9AD8_7B49_4EE3_65702_20note.md.tex:454: Preview: Snippet 447 ended.(492688+0x808961).
<-><->
      
l.454 $T''$
           
Not a real error.

[447]
./_9AD8_7B49_4EE3_65702_20note.md.tex:455: Preview: Snippet 448 started.
<-><->
      
l.455 $
       ONB$
Not a real error.

./_9AD8_7B49_4EE3_65702_20note.md.tex:455: Preview: Snippet 448 ended.(447828+0x1646089).
<-><->
      
l.455 $ONB$
           
Not a real error.

[448]
./_9AD8_7B49_4EE3_65702_20note.md.tex:456: Preview: Snippet 449 started.
<-><->
      
l.456 $
       V$
Not a real error.

./_9AD8_7B49_4EE3_65702_20note.md.tex:456: Preview: Snippet 449 ended.(447828+0x527929).
<-><->
      
l.456 $V$
         
Not a real error.

[449]
./_9AD8_7B49_4EE3_65702_20note.md.tex:457: Preview: Snippet 450 started.
<-><->
      
l.457 $
       T',T''$
Not a real error.

./_9AD8_7B49_4EE3_65702_20note.md.tex:457: Preview: Snippet 450 ended.(492688+127431x1758094).
<-><->
      
l.457 $T',T''$
              
Not a real error.

[450]
./_9AD8_7B49_4EE3_65702_20note.md.tex:458: Preview: Snippet 451 started.
<-><->
      
l.458 $
       T=T'+T''$
Not a real error.

./_9AD8_7B49_4EE3_65702_20note.md.tex:458: Preview: Snippet 451 ended.(492688+54613x3615620).
<-><->
      
l.458 $T=T'+T''$
                
Not a real error.

[451]
./_9AD8_7B49_4EE3_65702_20note.md.tex:459: Preview: Snippet 452 started.
<-><->
      
l.459 $
       IPS/\mathbb{R}$
Not a real error.

./_9AD8_7B49_4EE3_65702_20note.md.tex:459: Preview: Snippet 452 ended.(491520+163840x2055509).
<-><->
      
l.459 $IPS/\mathbb{R}$
                      
Not a real error.

[452]
./_9AD8_7B49_4EE3_65702_20note.md.tex:460: Preview: Snippet 453 started.
<-><->
      
l.460 $
       \mathbb{C}$
Not a real error.

./_9AD8_7B49_4EE3_65702_20note.md.tex:460: Preview: Snippet 453 ended.(451470+0x473316).
<-><->
      
l.460 $\mathbb{C}$
                  
Not a real error.

[453]
./_9AD8_7B49_4EE3_65702_20note.md.tex:461: Preview: Snippet 454 started.
<-><->
      
l.461 $
       f:\mathbb{C}^n \rightarrow \mathbb{R}$
Not a real error.

./_9AD8_7B49_4EE3_65702_20note.md.tex:461: Preview: Snippet 454 ended.(455111+127431x3260330).
<-><->
      
l.461 $f:\mathbb{C}^n \rightarrow \mathbb{R}$
                                             
Not a real error.

[454]
./_9AD8_7B49_4EE3_65702_20note.md.tex:462: Preview: Snippet 455 started.
<-><->
      
l.462 $
       A \in M_{n \times n}(\mathbb{C})$
Not a real error.

./_9AD8_7B49_4EE3_65702_20note.md.tex:462: Preview: Snippet 455 ended.(491520+163840x4001643).
<-><->
      
l.462 $A \in M_{n \times n}(\mathbb{C})$
                                        
Not a real error.

[455]
./_9AD8_7B49_4EE3_65702_20note.md.tex:463: Preview: Snippet 456 started.
<-><->
      
l.463 $
       f$
Not a real error.

./_9AD8_7B49_4EE3_65702_20note.md.tex:463: Preview: Snippet 456 ended.(455111+127431x391398).
<-><->
      
l.463 $f$
         
Not a real error.

[456]
./_9AD8_7B49_4EE3_65702_20note.md.tex:464: Preview: Snippet 457 started.
<-><->
      
l.464 $
       A$
Not a real error.

./_9AD8_7B49_4EE3_65702_20note.md.tex:464: Preview: Snippet 457 ended.(447828+0x491521).
<-><->
      
l.464 $A$
         
Not a real error.

[457]
./_9AD8_7B49_4EE3_65702_20note.md.tex:465: Preview: Snippet 458 started.
<-><->
      
l.465 $
       C$
Not a real error.

./_9AD8_7B49_4EE3_65702_20note.md.tex:465: Preview: Snippet 458 ended.(447828+0x515276).
<-><->
      
l.465 $C$
         
Not a real error.

[458]
./_9AD8_7B49_4EE3_65702_20note.md.tex:466: Preview: Snippet 459 started.
<-><->
      
l.466 $
       ^\dagger CAC=\begin{pmatrix}\lambda_1&&\\&\ddots&\\&&\lambda_n\end{pm...
Not a real error.

./_9AD8_7B49_4EE3_65702_20note.md.tex:466: Preview: Snippet 459 ended.(1561570+1233890x7306323).
<-><->
      
l.466 ..._1&&\\&\ddots&\\&&\lambda_n\end{pmatrix}$
                                                  
Not a real error.

[459]
./_9AD8_7B49_4EE3_65702_20note.md.tex:467: Preview: Snippet 460 started.
<-><->
      
l.467 $
       \lambda_i \in \mathbb{R}$
Not a real error.

./_9AD8_7B49_4EE3_65702_20note.md.tex:467: Preview: Snippet 460 ended.(455111+98303x1874787).
<-><->
      
l.467 $\lambda_i \in \mathbb{R}$
                                
Not a real error.

[460]
./_9AD8_7B49_4EE3_65702_20note.md.tex:468: Preview: Snippet 461 started.
<-><->
      
l.468 $
       f \simeq \sum\limits_{i=1}^n \lambda_i|x_i|^2$
Not a real error.

./_9AD8_7B49_4EE3_65702_20note.md.tex:468: Preview: Snippet 461 ended.(885649+642164x4074723).
<-><->
      
l.468 ...meq \sum\limits_{i=1}^n \lambda_i|x_i|^2$
                                                  
Not a real error.

[461]
./_9AD8_7B49_4EE3_65702_20note.md.tex:469: Preview: Snippet 462 started.
<-><->
      
l.469 $
       \mathbb{C}^n$
Not a real error.

./_9AD8_7B49_4EE3_65702_20note.md.tex:469: Preview: Snippet 462 ended.(451470+0x830050).
<-><->
      
l.469 $\mathbb{C}^n$
                    
Not a real error.

[462]
./_9AD8_7B49_4EE3_65702_20note.md.tex:470: Preview: Snippet 463 started.
<-><->
      
l.470 $
       \lambda_i \geq 0$
Not a real error.

./_9AD8_7B49_4EE3_65702_20note.md.tex:470: Preview: Snippet 463 ended.(455111+98303x1801970).
<-><->
      
l.470 $\lambda_i \geq 0$
                        
Not a real error.

[463]
./_9AD8_7B49_4EE3_65702_20note.md.tex:471: Preview: Snippet 464 started.
<-><->
      
l.471 $
       T \in End(V),\,^*T=T$
Not a real error.

./_9AD8_7B49_4EE3_65702_20note.md.tex:471: Preview: Snippet 464 ended.(491520+163840x6092255).
<-><->
      
l.471 $T \in End(V),\,^*T=T$
                            
Not a real error.

[464]
./_9AD8_7B49_4EE3_65702_20note.md.tex:472: Preview: Snippet 465 started.
<-><->
      
l.472 $
       (v_1,v_2) \mapsto (Tv_1|v_2)=(v_1|Tv_2)$
Not a real error.

./_9AD8_7B49_4EE3_65702_20note.md.tex:472: Preview: Snippet 465 ended.(491520+163840x8695808).
<-><->
      
l.472 $(v_1,v_2) \mapsto (Tv_1|v_2)=(v_1|Tv_2)$
                                               
Not a real error.

[465]
./_9AD8_7B49_4EE3_65702_20note.md.tex:473: Preview: Snippet 466 started.
<-><->
      
l.473 $
       T$
Not a real error.

./_9AD8_7B49_4EE3_65702_20note.md.tex:473: Preview: Snippet 466 ended.(447828+0x473999).
<-><->
      
l.473 $T$
         
Not a real error.

[466]
./_9AD8_7B49_4EE3_65702_20note.md.tex:474: Preview: Snippet 467 started.
<-><->
      
l.474 $
       V,W$
Not a real error.

./_9AD8_7B49_4EE3_65702_20note.md.tex:474: Preview: Snippet 467 ended.(447828+127431x1419945).
<-><->
      
l.474 $V,W$
           
Not a real error.

[467]
./_9AD8_7B49_4EE3_65702_20note.md.tex:475: Preview: Snippet 468 started.
<-><->
      
l.475 $
       IPS/\mathbb{C}$
Not a real error.

./_9AD8_7B49_4EE3_65702_20note.md.tex:475: Preview: Snippet 468 ended.(491520+163840x2055509).
<-><->
      
l.475 $IPS/\mathbb{C}$
                      
Not a real error.

[468]
./_9AD8_7B49_4EE3_65702_20note.md.tex:476: Preview: Snippet 469 started.
<-><->
      
l.476 $
       Hom(V,W)$
Not a real error.

./_9AD8_7B49_4EE3_65702_20note.md.tex:476: Preview: Snippet 469 ended.(491520+163840x3420768).
<-><->
      
l.476 $Hom(V,W)$
                
Not a real error.

[469]
./_9AD8_7B49_4EE3_65702_20note.md.tex:477: Preview: Snippet 470 started.
<-><->
      
l.477 $
       \Rightarrow$
Not a real error.

./_9AD8_7B49_4EE3_65702_20note.md.tex:477: Preview: Snippet 470 ended.(240435+0x655361).
<-><->
      
l.477 $\Rightarrow$
                   
Not a real error.

[470]
./_9AD8_7B49_4EE3_65702_20note.md.tex:478: Preview: Snippet 471 started.
<-><->
      
l.478 $
       T^*T \in End(V),\,TT^* \in End(W)$
Not a real error.

./_9AD8_7B49_4EE3_65702_20note.md.tex:478: Preview: Snippet 471 ended.(491520+163840x9270452).
<-><->
      
l.478 $T^*T \in End(V),\,TT^* \in End(W)$
                                         
Not a real error.

[471]
./_9AD8_7B49_4EE3_65702_20note.md.tex:479: Preview: Snippet 472 started.
<-><->
      
l.479 $
       (T^*Tv|v)=(Tv|Tv) \geq 0$
Not a real error.

./_9AD8_7B49_4EE3_65702_20note.md.tex:479: Preview: Snippet 472 ended.(491520+163840x7020839).
<-><->
      
l.479 $(T^*Tv|v)=(Tv|Tv) \geq 0$
                                
Not a real error.

[472]
./_9AD8_7B49_4EE3_65702_20note.md.tex:480: Preview: Snippet 473 started.
<-><->
      
l.480 $
       kerT^*=(imT)^\perp$
Not a real error.

./_9AD8_7B49_4EE3_65702_20note.md.tex:480: Preview: Snippet 473 ended.(556402+163840x4857221).
<-><->
      
l.480 $kerT^*=(imT)^\perp$
                          
Not a real error.

[473]
./_9AD8_7B49_4EE3_65702_20note.md.tex:481: Preview: Snippet 474 started.
<-><->
      
l.481 $
       (T^*w|v)_W=(w|Tv)_V$
Not a real error.

./_9AD8_7B49_4EE3_65702_20note.md.tex:481: Preview: Snippet 474 ended.(491520+163840x6213938).
<-><->
      
l.481 $(T^*w|v)_W=(w|Tv)_V$
                           
Not a real error.

[474]
./_9AD8_7B49_4EE3_65702_20note.md.tex:482: Preview: Snippet 475 started.
<-><->
      
l.482 $
       T\in End(V)$
Not a real error.

./_9AD8_7B49_4EE3_65702_20note.md.tex:482: Preview: Snippet 475 ended.(491520+163840x3568674).
<-><->
      
l.482 $T\in End(V)$
                   
Not a real error.

[475]
./_9AD8_7B49_4EE3_65702_20note.md.tex:483: Preview: Snippet 476 started.
<-><->
      
l.483 $
       S \in End(V)$
Not a real error.

./_9AD8_7B49_4EE3_65702_20note.md.tex:483: Preview: Snippet 476 ended.(491520+163840x3534311).
<-><->
      
l.483 $S \in End(V)$
                    
Not a real error.

[476]
./_9AD8_7B49_4EE3_65702_20note.md.tex:484: Preview: Snippet 477 started.
<-><->
      
l.484 $
       T$
Not a real error.

./_9AD8_7B49_4EE3_65702_20note.md.tex:484: Preview: Snippet 477 ended.(447828+0x473999).
<-><->
      
l.484 $T$
         
Not a real error.

[477]
./_9AD8_7B49_4EE3_65702_20note.md.tex:485: Preview: Snippet 478 started.
<-><->
      
l.485 $
       S^2=T$
Not a real error.

./_9AD8_7B49_4EE3_65702_20note.md.tex:485: Preview: Snippet 478 ended.(533465+0x2081444).
<-><->
      
l.485 $S^2=T$
             
Not a real error.

[478]
./_9AD8_7B49_4EE3_65702_20note.md.tex:486: Preview: Snippet 479 started.
<-><->
      
l.486 $
       S$
Not a real error.

./_9AD8_7B49_4EE3_65702_20note.md.tex:486: Preview: Snippet 479 ended.(447828+0x439636).
<-><->
      
l.486 $S$
         
Not a real error.

[479]
./_9AD8_7B49_4EE3_65702_20note.md.tex:487: Preview: Snippet 480 started.
<-><->
      
l.487 $
       \sqrt{T}$
Not a real error.

./_9AD8_7B49_4EE3_65702_20note.md.tex:487: Preview: Snippet 480 ended.(607296+74276x1020134).
<-><->
      
l.487 $\sqrt{T}$
                
Not a real error.

[480]
./_9AD8_7B49_4EE3_65702_20note.md.tex:488: Preview: Snippet 481 started.
<-><->
      
l.488 $
       \mathbb{R}$
Not a real error.

./_9AD8_7B49_4EE3_65702_20note.md.tex:488: Preview: Snippet 481 ended.(451470+0x473316).
<-><->
      
l.488 $\mathbb{R}$
                  
Not a real error.

[481]
./_9AD8_7B49_4EE3_65702_20note.md.tex:489: Preview: Snippet 482 started.
<-><->
      
l.489 $
       T \in End(V)$
Not a real error.

./_9AD8_7B49_4EE3_65702_20note.md.tex:489: Preview: Snippet 482 ended.(491520+163840x3568674).
<-><->
      
l.489 $T \in End(V)$
                    
Not a real error.

[482]
./_9AD8_7B49_4EE3_65702_20note.md.tex:490: Preview: Snippet 483 started.
<-><->
      
l.490 $
       R,U \in End(V)$
Not a real error.

./_9AD8_7B49_4EE3_65702_20note.md.tex:490: Preview: Snippet 483 ended.(491520+163840x4407531).
<-><->
      
l.490 $R,U \in End(V)$
                      
Not a real error.

[483]
./_9AD8_7B49_4EE3_65702_20note.md.tex:491: Preview: Snippet 484 started.
<-><->
      
l.491 $
       T=RU$
Not a real error.

./_9AD8_7B49_4EE3_65702_20note.md.tex:491: Preview: Snippet 484 ended.(447828+0x2369392).
<-><->
      
l.491 $T=RU$
            
Not a real error.

[484]
./_9AD8_7B49_4EE3_65702_20note.md.tex:492: Preview: Snippet 485 started.
<-><->
      
l.492 $
       R$
Not a real error.

./_9AD8_7B49_4EE3_65702_20note.md.tex:492: Preview: Snippet 485 ended.(447828+0x502671).
<-><->
      
l.492 $R$
         
Not a real error.

[485]
./_9AD8_7B49_4EE3_65702_20note.md.tex:493: Preview: Snippet 486 started.
<-><->
      
l.493 $
       R^*=R$
Not a real error.

./_9AD8_7B49_4EE3_65702_20note.md.tex:493: Preview: Snippet 486 ended.(451272+0x2180432).
<-><->
      
l.493 $R^*=R$
             
Not a real error.

[486]
./_9AD8_7B49_4EE3_65702_20note.md.tex:494: Preview: Snippet 487 started.
<-><->
      
l.494 $
       U$
Not a real error.

./_9AD8_7B49_4EE3_65702_20note.md.tex:494: Preview: Snippet 487 ended.(447828+0x518916).
<-><->
      
l.494 $U$
         
Not a real error.

[487]
./_9AD8_7B49_4EE3_65702_20note.md.tex:495: Preview: Snippet 488 started.
<-><->
      
l.495 $
       V=\mathbb{C}$
Not a real error.

./_9AD8_7B49_4EE3_65702_20note.md.tex:495: Preview: Snippet 488 ended.(451470+0x1875051).
<-><->
      
l.495 $V=\mathbb{C}$
                    
Not a real error.

[488]
./_9AD8_7B49_4EE3_65702_20note.md.tex:496: Preview: Snippet 489 started.
<-><->
      
l.496 $
       z=r \cdot e^{i\pi\theta}$
Not a real error.

./_9AD8_7B49_4EE3_65702_20note.md.tex:496: Preview: Snippet 489 ended.(556402+0x3104592).
<-><->
      
l.496 $z=r \cdot e^{i\pi\theta}$
                                
Not a real error.

[489]
./_9AD8_7B49_4EE3_65702_20note.md.tex:497: Preview: Snippet 490 started.
<-><->
      
l.497 $
       \mathbb{C}$
Not a real error.

./_9AD8_7B49_4EE3_65702_20note.md.tex:497: Preview: Snippet 490 ended.(451470+0x473316).
<-><->
      
l.497 $\mathbb{C}$
                  
Not a real error.

[490]
./_9AD8_7B49_4EE3_65702_20note.md.tex:498: Preview: Snippet 491 started.
<-><->
      
l.498 $
       V,W$
Not a real error.

./_9AD8_7B49_4EE3_65702_20note.md.tex:498: Preview: Snippet 491 ended.(447828+127431x1419945).
<-><->
      
l.498 $V,W$
           
Not a real error.

[491]
./_9AD8_7B49_4EE3_65702_20note.md.tex:499: Preview: Snippet 492 started.
<-><->
      
l.499 $
       IPS/\mathbb{C}$
Not a real error.

./_9AD8_7B49_4EE3_65702_20note.md.tex:499: Preview: Snippet 492 ended.(491520+163840x2055509).
<-><->
      
l.499 $IPS/\mathbb{C}$
                      
Not a real error.

[492]
./_9AD8_7B49_4EE3_65702_20note.md.tex:500: Preview: Snippet 493 started.
<-><->
      
l.500 $
       dim(V)=m,dim(W)=n$
Not a real error.

./_9AD8_7B49_4EE3_65702_20note.md.tex:500: Preview: Snippet 493 ended.(491520+163840x7549623).
<-><->
      
l.500 $dim(V)=m,dim(W)=n$
                         
Not a real error.

[493]
./_9AD8_7B49_4EE3_65702_20note.md.tex:501: Preview: Snippet 494 started.
<-><->
      
l.501 $
       T \in Hom(V,W)$
Not a real error.

./_9AD8_7B49_4EE3_65702_20note.md.tex:501: Preview: Snippet 494 ended.(491520+163840x4695755).
<-><->
      
l.501 $T \in Hom(V,W)$
                      
Not a real error.

[494]
./_9AD8_7B49_4EE3_65702_20note.md.tex:502: Preview: Snippet 495 started.
<-><->
      
l.502 $
       ONB$
Not a real error.

./_9AD8_7B49_4EE3_65702_20note.md.tex:502: Preview: Snippet 495 ended.(447828+0x1646089).
<-><->
      
l.502 $ONB$
           
Not a real error.

[495]
./_9AD8_7B49_4EE3_65702_20note.md.tex:503: Preview: Snippet 496 started.
<-><->
      
l.503 $
       v_1,\cdots,v_m$
Not a real error.

./_9AD8_7B49_4EE3_65702_20note.md.tex:503: Preview: Snippet 496 ended.(291271+127431x2992727).
<-><->
      
l.503 $v_1,\cdots,v_m$
                      
Not a real error.

[496]
./_9AD8_7B49_4EE3_65702_20note.md.tex:504: Preview: Snippet 497 started.
<-><->
      
l.504 $
       V$
Not a real error.

./_9AD8_7B49_4EE3_65702_20note.md.tex:504: Preview: Snippet 497 ended.(447828+0x527929).
<-><->
      
l.504 $V$
         
Not a real error.

[497]
./_9AD8_7B49_4EE3_65702_20note.md.tex:505: Preview: Snippet 498 started.
<-><->
      
l.505 $
       w_1,\cdots,w_n$
Not a real error.

./_9AD8_7B49_4EE3_65702_20note.md.tex:505: Preview: Snippet 498 ended.(291271+127431x3154672).
<-><->
      
l.505 $w_1,\cdots,w_n$
                      
Not a real error.

[498]
./_9AD8_7B49_4EE3_65702_20note.md.tex:506: Preview: Snippet 499 started.
<-><->
      
l.506 $
       W$
Not a real error.

./_9AD8_7B49_4EE3_65702_20note.md.tex:506: Preview: Snippet 499 ended.(447828+0x709974).
<-><->
      
l.506 $W$
         
Not a real error.

[499]
./_9AD8_7B49_4EE3_65702_20note.md.tex:507: Preview: Snippet 500 started.
<-><->
      
l.507 $
       \sigma_1 \geq \cdots \geq \sigma_p \geq 0,p:=\min\{m,n\}$
Not a real error.

./_9AD8_7B49_4EE3_65702_20note.md.tex:507: Preview: Snippet 500 ended.(491520+187504x9744111).
<-><->
      
l.507 ...dots \geq \sigma_p \geq 0,p:=\min\{m,n\}$
                                                  
Not a real error.

[500]
./_9AD8_7B49_4EE3_65702_20note.md.tex:508: Preview: Snippet 501 started.
<-><->
      
l.508 $
       Tv_i=w_i$
Not a real error.

./_9AD8_7B49_4EE3_65702_20note.md.tex:508: Preview: Snippet 501 ended.(447828+98303x2571032).
<-><->
      
l.508 $Tv_i=w_i$
                
Not a real error.

[501]
./_9AD8_7B49_4EE3_65702_20note.md.tex:509: Preview: Snippet 502 started.
<-><->
      
l.509 $
       1 \leq i \leq p$
Not a real error.

./_9AD8_7B49_4EE3_65702_20note.md.tex:509: Preview: Snippet 502 ended.(432226+127431x2630801).
<-><->
      
l.509 $1 \leq i \leq p$
                       
Not a real error.

[502]
./_9AD8_7B49_4EE3_65702_20note.md.tex:510: Preview: Snippet 503 started.
<-><->
      
l.510 $
       \sigma_i$
Not a real error.

./_9AD8_7B49_4EE3_65702_20note.md.tex:510: Preview: Snippet 503 ended.(282168+98303x592669).
<-><->
      
l.510 $\sigma_i$
                
Not a real error.

[503]
./_9AD8_7B49_4EE3_65702_20note.md.tex:511: Preview: Snippet 504 started.
<-><->
      
l.511 $
       T$
Not a real error.

./_9AD8_7B49_4EE3_65702_20note.md.tex:511: Preview: Snippet 504 ended.(447828+0x473999).
<-><->
      
l.511 $T$
         
Not a real error.

[504]
./_9AD8_7B49_4EE3_65702_20note.md.tex:512: Preview: Snippet 505 started.
<-><->
      
l.512 $
       T$
Not a real error.

./_9AD8_7B49_4EE3_65702_20note.md.tex:512: Preview: Snippet 505 ended.(447828+0x473999).
<-><->
      
l.512 $T$
         
Not a real error.

[505]
./_9AD8_7B49_4EE3_65702_20note.md.tex:513: Preview: Snippet 506 started.
<-><->
      
l.513 $
       T^*T \in End(V)$
Not a real error.

./_9AD8_7B49_4EE3_65702_20note.md.tex:513: Preview: Snippet 506 ended.(491520+163840x4343957).
<-><->
      
l.513 $T^*T \in End(V)$
                       
Not a real error.

[506]
./_9AD8_7B49_4EE3_65702_20note.md.tex:514: Preview: Snippet 507 started.
<-><->
      
l.514 $
       \lambda_1 \geq \cdots \geq \lambda_p \geq \cdots \geq 0$
Not a real error.

./_9AD8_7B49_4EE3_65702_20note.md.tex:514: Preview: Snippet 507 ended.(455111+187504x6713594).
<-><->
      
l.514 ...\cdots \geq \lambda_p \geq \cdots \geq 0$
                                                  
Not a real error.

[507]
./_9AD8_7B49_4EE3_65702_20note.md.tex:515: Preview: Snippet 508 started.
<-><->
      
l.515 $
       v_1,\cdots,v_m$
Not a real error.

./_9AD8_7B49_4EE3_65702_20note.md.tex:515: Preview: Snippet 508 ended.(291271+127431x2992727).
<-><->
      
l.515 $v_1,\cdots,v_m$
                      
Not a real error.

[508]
./_9AD8_7B49_4EE3_65702_20note.md.tex:516: Preview: Snippet 509 started.
<-><->
      
l.516 $
       \sigma_i=\sqrt{\lambda_i}$
Not a real error.

./_9AD8_7B49_4EE3_65702_20note.md.tex:516: Preview: Snippet 509 ended.(561786+119786x2613093).
<-><->
      
l.516 $\sigma_i=\sqrt{\lambda_i}$
                                 
Not a real error.

[509]
./_9AD8_7B49_4EE3_65702_20note.md.tex:517: Preview: Snippet 510 started.
<-><->
      
l.517 $
       \exists$
Not a real error.

./_9AD8_7B49_4EE3_65702_20note.md.tex:517: Preview: Snippet 510 ended.(455111+0x364090).
<-><->
      
l.517 $\exists$
               
Not a real error.

[510]
./_9AD8_7B49_4EE3_65702_20note.md.tex:518: Preview: Snippet 511 started.
<-><->
      
l.518 $
       P:m \times m,Q:n \times n$
Not a real error.

./_9AD8_7B49_4EE3_65702_20note.md.tex:518: Preview: Snippet 511 ended.(447828+127431x5952940).
<-><->
      
l.518 $P:m \times m,Q:n \times n$
                                 
Not a real error.

[511]
./_9AD8_7B49_4EE3_65702_20note.md.tex:519: Preview: Snippet 512 started.
<-><->
      
l.519 $
       \sigma_1 \geq \cdots \geq \sigma_p \geq 0$
Not a real error.

./_9AD8_7B49_4EE3_65702_20note.md.tex:519: Preview: Snippet 512 ended.(422343+187504x5059577).
<-><->
      
l.519 $\sigma_1 \geq \cdots \geq \sigma_p \geq 0$
                                                 
Not a real error.

[512]
./_9AD8_7B49_4EE3_65702_20note.md.tex:520: Preview: Snippet 513 started.
<-><->
      
l.520 $
       ^\dagger QAP=P^{-1}AP=\begin{pmatrix}\sigma_1&&\\&\ddots&\\&&\sigma_p...
Not a real error.

./_9AD8_7B49_4EE3_65702_20note.md.tex:520: Preview: Snippet 513 ended.(1561570+1321271x11560073).
<-><->
      
l.520 ...s&\\&&\sigma_p\end{pmatrix}_{n \times m}$
                                                  
Not a real error.

[513]
./_9AD8_7B49_4EE3_65702_20note.md.tex:521: Preview: Snippet 514 started.
<-><->
      
l.521 $
       T \in Hom(V,W),\exists!S \in Hom(W,V)$
Not a real error.

./_9AD8_7B49_4EE3_65702_20note.md.tex:521: Preview: Snippet 514 ended.(491520+163840x10194551).
<-><->
      
l.521 $T \in Hom(V,W),\exists!S \in Hom(W,V)$
                                             
Not a real error.

[514]
./_9AD8_7B49_4EE3_65702_20note.md.tex:522: Preview: Snippet 515 started.
<-><->
      
l.522 $
       TST=T,STS=S,(TS)^*=TS,(ST)^*=ST$
Not a real error.

./_9AD8_7B49_4EE3_65702_20note.md.tex:522: Preview: Snippet 515 ended.(491520+163840x13190904).
<-><->
      
l.522 $TST=T,STS=S,(TS)^*=TS,(ST)^*=ST$
                                       
Not a real error.

[515]
./_9AD8_7B49_4EE3_65702_20note.md.tex:523: Preview: Snippet 516 started.
<-><->
      
l.523 $
       \mathbb{R}$
Not a real error.

./_9AD8_7B49_4EE3_65702_20note.md.tex:523: Preview: Snippet 516 ended.(451470+0x473316).
<-><->
      
l.523 $\mathbb{R}$
                  
Not a real error.

[516]
./_9AD8_7B49_4EE3_65702_20note.md.tex:524: Preview: Snippet 517 started.
<-><->
      
l.524 $
       IPS/\mathbb{R}$
Not a real error.

./_9AD8_7B49_4EE3_65702_20note.md.tex:524: Preview: Snippet 517 ended.(491520+163840x2055509).
<-><->
      
l.524 $IPS/\mathbb{R}$
                      
Not a real error.

[517]
./_9AD8_7B49_4EE3_65702_20note.md.tex:525: Preview: Snippet 518 started.
<-><->
      
l.525 $
       V:IPS\mathbb{R}$
Not a real error.

./_9AD8_7B49_4EE3_65702_20note.md.tex:525: Preview: Snippet 518 ended.(451470+0x2838291).
<-><->
      
l.525 $V:IPS\mathbb{R}$
                       
Not a real error.

[518]
./_9AD8_7B49_4EE3_65702_20note.md.tex:526: Preview: Snippet 519 started.
<-><->
      
l.526 $
       dimV<\infty$
Not a real error.

./_9AD8_7B49_4EE3_65702_20note.md.tex:526: Preview: Snippet 519 ended.(455111+25623x3199397).
<-><->
      
l.526 $dimV<\infty$
                   
Not a real error.

[519]
./_9AD8_7B49_4EE3_65702_20note.md.tex:527: Preview: Snippet 520 started.
<-><->
      
l.527 $
       T \in End(V)$
Not a real error.

./_9AD8_7B49_4EE3_65702_20note.md.tex:527: Preview: Snippet 520 ended.(491520+163840x3568674).
<-><->
      
l.527 $T \in End(V)$
                    
Not a real error.

[520]
./_9AD8_7B49_4EE3_65702_20note.md.tex:528: Preview: Snippet 521 started.
<-><->
      
l.528 $
       T^*=T^{-1}$
Not a real error.

./_9AD8_7B49_4EE3_65702_20note.md.tex:528: Preview: Snippet 521 ended.(533465+0x2826692).
<-><->
      
l.528 $T^*=T^{-1}$
                  
Not a real error.

[521]
./_9AD8_7B49_4EE3_65702_20note.md.tex:529: Preview: Snippet 522 started.
<-><->
      
l.529 $
       detT = \pm 1$
Not a real error.

./_9AD8_7B49_4EE3_65702_20note.md.tex:529: Preview: Snippet 522 ended.(455111+54613x3068129).
<-><->
      
l.529 $detT = \pm 1$
                    
Not a real error.

[522]
./_9AD8_7B49_4EE3_65702_20note.md.tex:530: Preview: Snippet 523 started.
<-><->
      
l.530 $
       T \in End(V)$
Not a real error.

./_9AD8_7B49_4EE3_65702_20note.md.tex:530: Preview: Snippet 523 ended.(491520+163840x3568674).
<-><->
      
l.530 $T \in End(V)$
                    
Not a real error.

[523]
./_9AD8_7B49_4EE3_65702_20note.md.tex:531: Preview: Snippet 524 started.
<-><->
      
l.531 $
       ^*TT=TT^*$
Not a real error.

./_9AD8_7B49_4EE3_65702_20note.md.tex:531: Preview: Snippet 524 ended.(451272+0x3372370).
<-><->
      
l.531 $^*TT=TT^*$
                 
Not a real error.

[524]
./_9AD8_7B49_4EE3_65702_20note.md.tex:532: Preview: Snippet 525 started.
<-><->
      
l.532 $
       T$
Not a real error.

./_9AD8_7B49_4EE3_65702_20note.md.tex:532: Preview: Snippet 525 ended.(447828+0x473999).
<-><->
      
l.532 $T$
         
Not a real error.

[525]
./_9AD8_7B49_4EE3_65702_20note.md.tex:533: Preview: Snippet 526 started.
<-><->
      
l.533 $
       \exists k \geq 0$
Not a real error.

./_9AD8_7B49_4EE3_65702_20note.md.tex:533: Preview: Snippet 526 ended.(455111+89110x1927391).
<-><->
      
l.533 $\exists k \geq 0$
                        
Not a real error.

[526]
./_9AD8_7B49_4EE3_65702_20note.md.tex:534: Preview: Snippet 527 started.
<-><->
      
l.534 $
       T^k=0_V \in End(V)$
Not a real error.

./_9AD8_7B49_4EE3_65702_20note.md.tex:534: Preview: Snippet 527 ended.(556402+163840x5547722).
<-><->
      
l.534 $T^k=0_V \in End(V)$
                          
Not a real error.

[527]
./_9AD8_7B49_4EE3_65702_20note.md.tex:535: Preview: Snippet 528 started.
<-><->
      
l.535 $
       T=0_V$
Not a real error.

./_9AD8_7B49_4EE3_65702_20note.md.tex:535: Preview: Snippet 528 ended.(447828+98303x2130599).
<-><->
      
l.535 $T=0_V$
             
Not a real error.

[528]
./_9AD8_7B49_4EE3_65702_20note.md.tex:536: Preview: Snippet 529 started.
<-><->
      
l.536 $
       \mathbb{C}$
Not a real error.

./_9AD8_7B49_4EE3_65702_20note.md.tex:536: Preview: Snippet 529 ended.(451470+0x473316).
<-><->
      
l.536 $\mathbb{C}$
                  
Not a real error.

[529]
./_9AD8_7B49_4EE3_65702_20note.md.tex:537: Preview: Snippet 530 started.
<-><->
      
l.537 $
       P$
Not a real error.

./_9AD8_7B49_4EE3_65702_20note.md.tex:537: Preview: Snippet 530 ended.(447828+0x511773).
<-><->
      
l.537 $P$
         
Not a real error.

[530]
./_9AD8_7B49_4EE3_65702_20note.md.tex:538: Preview: Snippet 531 started.
<-><->
      
l.538 $
       P^{-1}AP=\begin{pmatrix}\lambda_1&&\\&\ddots&\\&&\lambda_p\end{pmatrix}$
Not a real error.

./_9AD8_7B49_4EE3_65702_20note.md.tex:538: Preview: Snippet 531 ended.(1561570+1233890x7676050).
<-><->
      
l.538 ..._1&&\\&\ddots&\\&&\lambda_p\end{pmatrix}$
                                                  
Not a real error.

[531]
./_9AD8_7B49_4EE3_65702_20note.md.tex:539: Preview: Snippet 532 started.
<-><->
      
l.539 $
       P^{-1}A^kP=\begin{pmatrix}\lambda_1^k&&\\&\ddots&\\&&\lambda_p^k\end{...
Not a real error.

./_9AD8_7B49_4EE3_65702_20note.md.tex:539: Preview: Snippet 532 ended.(1575115+1247434x8046461).
<-><->
      
l.539 ...&&\\&\ddots&\\&&\lambda_p^k\end{pmatrix}$
                                                  
Not a real error.

[532]
./_9AD8_7B49_4EE3_65702_20note.md.tex:540: Preview: Snippet 533 started.
<-><->
      
l.540 $
       \lambda_i=0$
Not a real error.

./_9AD8_7B49_4EE3_65702_20note.md.tex:540: Preview: Snippet 533 ended.(455111+98303x1801970).
<-><->
      
l.540 $\lambda_i=0$
                   
Not a real error.

[533]
./_9AD8_7B49_4EE3_65702_20note.md.tex:541: Preview: Snippet 534 started.
<-><->
      
l.541 $
       T=0$
Not a real error.

./_9AD8_7B49_4EE3_65702_20note.md.tex:541: Preview: Snippet 534 ended.(447828+0x1675486).
<-><->
      
l.541 $T=0$
           
Not a real error.

[534]
./_9AD8_7B49_4EE3_65702_20note.md.tex:542: Preview: Snippet 535 started.
<-><->
      
l.542 $
       V:IPS/\mathbb{R}$
Not a real error.

./_9AD8_7B49_4EE3_65702_20note.md.tex:542: Preview: Snippet 535 ended.(491520+163840x3129563).
<-><->
      
l.542 $V:IPS/\mathbb{R}$
                        
Not a real error.

[535]
./_9AD8_7B49_4EE3_65702_20note.md.tex:543: Preview: Snippet 536 started.
<-><->
      
l.543 $
       dimV=n$
Not a real error.

./_9AD8_7B49_4EE3_65702_20note.md.tex:543: Preview: Snippet 536 ended.(455111+0x2937406).
<-><->
      
l.543 $dimV=n$
              
Not a real error.

[536]
./_9AD8_7B49_4EE3_65702_20note.md.tex:544: Preview: Snippet 537 started.
<-><->
      
l.544 $
       A \in M_{n \times n}(\mathbb{R})$
Not a real error.

./_9AD8_7B49_4EE3_65702_20note.md.tex:544: Preview: Snippet 537 ended.(491520+163840x4001643).
<-><->
      
l.544 $A \in M_{n \times n}(\mathbb{R})$
                                        
Not a real error.

[537]
./_9AD8_7B49_4EE3_65702_20note.md.tex:545: Preview: Snippet 538 started.
<-><->
      
l.545 $
       \Longleftrightarrow$
Not a real error.

./_9AD8_7B49_4EE3_65702_20note.md.tex:545: Preview: Snippet 538 ended.(240435+0x1201498).
<-><->
      
l.545 $\Longleftrightarrow$
                           
Not a real error.

[538]
./_9AD8_7B49_4EE3_65702_20note.md.tex:546: Preview: Snippet 539 started.
<-><->
      
l.546 $
       A=(v_1| \cdots | v_n)$
Not a real error.

./_9AD8_7B49_4EE3_65702_20note.md.tex:546: Preview: Snippet 539 ended.(491520+163840x4508247).
<-><->
      
l.546 $A=(v_1| \cdots | v_n)$
                             
Not a real error.

[539]
./_9AD8_7B49_4EE3_65702_20note.md.tex:547: Preview: Snippet 540 started.
<-><->
      
l.547 $
       ONB$
Not a real error.

./_9AD8_7B49_4EE3_65702_20note.md.tex:547: Preview: Snippet 540 ended.(447828+0x1646089).
<-><->
      
l.547 $ONB$
           
Not a real error.

[540]
./_9AD8_7B49_4EE3_65702_20note.md.tex:548: Preview: Snippet 541 started.
<-><->
      
l.548 $
       \mathbb{R}^n$
Not a real error.

./_9AD8_7B49_4EE3_65702_20note.md.tex:548: Preview: Snippet 541 ended.(451470+0x830050).
<-><->
      
l.548 $\mathbb{R}^n$
                    
Not a real error.

[541]
./_9AD8_7B49_4EE3_65702_20note.md.tex:549: Preview: Snippet 542 started.
<-><->
      
l.549 $
       \{\pm id_V\}$
Not a real error.

./_9AD8_7B49_4EE3_65702_20note.md.tex:549: Preview: Snippet 542 ended.(491520+163840x2187087).
<-><->
      
l.549 $\{\pm id_V\}$
                    
Not a real error.

[542]
./_9AD8_7B49_4EE3_65702_20note.md.tex:550: Preview: Snippet 543 started.
<-><->
      
l.550 $
       V=\mathbb{R}^2+std.IP$
Not a real error.

./_9AD8_7B49_4EE3_65702_20note.md.tex:550: Preview: Snippet 543 ended.(533465+54613x4888338).
<-><->
      
l.550 $V=\mathbb{R}^2+std.IP$
                             
Not a real error.

[543]
./_9AD8_7B49_4EE3_65702_20note.md.tex:551: Preview: Snippet 544 started.
<-><->
      
l.551 $
       R(\theta)=\begin{pmatrix}\cos\theta&-\sin\theta\\\sin\theta&\cos\thet...
Not a real error.

./_9AD8_7B49_4EE3_65702_20note.md.tex:551: Preview: Snippet 544 ended.(950279+622600x7003474).
<-><->
      
l.551 ...heta\\\sin\theta&\cos\theta\end{pmatrix}$
                                                  
Not a real error.

[544]
./_9AD8_7B49_4EE3_65702_20note.md.tex:552: Preview: Snippet 545 started.
<-><->
      
l.552 $
       \mathbb{R}$
Not a real error.

./_9AD8_7B49_4EE3_65702_20note.md.tex:552: Preview: Snippet 545 ended.(451470+0x473316).
<-><->
      
l.552 $\mathbb{R}$
                  
Not a real error.

[545]
./_9AD8_7B49_4EE3_65702_20note.md.tex:553: Preview: Snippet 546 started.
<-><->
      
l.553 $
       n:=dim(V)$
Not a real error.

./_9AD8_7B49_4EE3_65702_20note.md.tex:553: Preview: Snippet 546 ended.(491520+163840x3629177).
<-><->
      
l.553 $n:=dim(V)$
                 
Not a real error.

[546]
./_9AD8_7B49_4EE3_65702_20note.md.tex:554: Preview: Snippet 547 started.
<-><->
      
l.554 $
       T \in End(V)$
Not a real error.

./_9AD8_7B49_4EE3_65702_20note.md.tex:554: Preview: Snippet 547 ended.(491520+163840x3568674).
<-><->
      
l.554 $T \in End(V)$
                    
Not a real error.

[547]
./_9AD8_7B49_4EE3_65702_20note.md.tex:555: Preview: Snippet 548 started.
<-><->
      
l.555 $
       ONB$
Not a real error.

./_9AD8_7B49_4EE3_65702_20note.md.tex:555: Preview: Snippet 548 ended.(447828+0x1646089).
<-><->
      
l.555 $ONB$
           
Not a real error.

[548]
./_9AD8_7B49_4EE3_65702_20note.md.tex:556: Preview: Snippet 549 started.
<-><->
      
l.556 $
       T$
Not a real error.

./_9AD8_7B49_4EE3_65702_20note.md.tex:556: Preview: Snippet 549 ended.(447828+0x473999).
<-><->
      
l.556 $T$
         
Not a real error.

[549]
./_9AD8_7B49_4EE3_65702_20note.md.tex:557: Preview: Snippet 550 started.
<-><->
      
l.557 $
       $
Not a real error.

./_9AD8_7B49_4EE3_65702_20note.md.tex:563: Preview: Snippet 550 ended.(4433860+0x22609920).
<-><->
      
l.563 $$
        
Not a real error.

[550]
./_9AD8_7B49_4EE3_65702_20note.md.tex:564: Preview: Snippet 551 started.
<-><->
      
l.564 $
       a+b+2m=n,\theta_1,\cdots,\theta_m \in \mathbb{R}-\mathbb{Z}\pi$
Not a real error.

./_9AD8_7B49_4EE3_65702_20note.md.tex:564: Preview: Snippet 551 ended.(455111+127431x10573184).
<-><->
      
l.564 ...ts,\theta_m \in \mathbb{R}-\mathbb{Z}\pi$
                                                  
Not a real error.

[551]
./_9AD8_7B49_4EE3_65702_20note.md.tex:565: Preview: Snippet 552 started.
<-><->
      
l.565 $
       T$
Not a real error.

./_9AD8_7B49_4EE3_65702_20note.md.tex:565: Preview: Snippet 552 ended.(447828+0x473999).
<-><->
      
l.565 $T$
         
Not a real error.

[552]
./_9AD8_7B49_4EE3_65702_20note.md.tex:566: Preview: Snippet 553 started.
<-><->
      
l.566 $
       T+T^{-1}$
Not a real error.

./_9AD8_7B49_4EE3_65702_20note.md.tex:566: Preview: Snippet 553 ended.(533465+54613x2452592).
<-><->
      
l.566 $T+T^{-1}$
                
Not a real error.

[553]
./_9AD8_7B49_4EE3_65702_20note.md.tex:567: Preview: Snippet 554 started.
<-><->
      
l.567 $
       \in [-2,2]$
Not a real error.

./_9AD8_7B49_4EE3_65702_20note.md.tex:567: Preview: Snippet 554 ended.(491520+163840x2439395).
<-><->
      
l.567 $\in [-2,2]$
                  
Not a real error.

[554]
./_9AD8_7B49_4EE3_65702_20note.md.tex:568: Preview: Snippet 555 started.
<-><->
      
l.568 $
       S=T+T^{-1}$
Not a real error.

./_9AD8_7B49_4EE3_65702_20note.md.tex:568: Preview: Snippet 555 ended.(533465+54613x3766034).
<-><->
      
l.568 $S=T+T^{-1}$
                  
Not a real error.

[555]
./_9AD8_7B49_4EE3_65702_20note.md.tex:569: Preview: Snippet 556 started.
<-><->
      
l.569 $
       V= \oplus_{\lambda \in [-2,2]} V_\lambda$
Not a real error.

./_9AD8_7B49_4EE3_65702_20note.md.tex:569: Preview: Snippet 556 ended.(447828+233018x4718594).
<-><->
      
l.569 $V= \oplus_{\lambda \in [-2,2]} V_\lambda$
                                                
Not a real error.

[556]
./_9AD8_7B49_4EE3_65702_20note.md.tex:570: Preview: Snippet 557 started.
<-><->
      
l.570 $
       V_\lambda:=\{v \in V: Sv=\lambda_v\}$
Not a real error.

./_9AD8_7B49_4EE3_65702_20note.md.tex:570: Preview: Snippet 557 ended.(491520+163840x7001631).
<-><->
      
l.570 $V_\lambda:=\{v \in V: Sv=\lambda_v\}$
                                            
Not a real error.

[557]
./_9AD8_7B49_4EE3_65702_20note.md.tex:571: Preview: Snippet 558 started.
<-><->
      
l.571 $
       \lambda$
Not a real error.

./_9AD8_7B49_4EE3_65702_20note.md.tex:571: Preview: Snippet 558 ended.(455111+0x382295).
<-><->
      
l.571 $\lambda$
               
Not a real error.

[558]
./_9AD8_7B49_4EE3_65702_20note.md.tex:572: Preview: Snippet 559 started.
<-><->
      
l.572 $
       S$
Not a real error.

./_9AD8_7B49_4EE3_65702_20note.md.tex:572: Preview: Snippet 559 ended.(447828+0x439636).
<-><->
      
l.572 $S$
         
Not a real error.

[559]
./_9AD8_7B49_4EE3_65702_20note.md.tex:573: Preview: Snippet 560 started.
<-><->
      
l.573 $
       TS=T^2+1=ST$
Not a real error.

./_9AD8_7B49_4EE3_65702_20note.md.tex:573: Preview: Snippet 560 ended.(533465+54613x5471555).
<-><->
      
l.573 $TS=T^2+1=ST$
                   
Not a real error.

[560]
./_9AD8_7B49_4EE3_65702_20note.md.tex:574: Preview: Snippet 561 started.
<-><->
      
l.574 $
       V_\lambda$
Not a real error.

./_9AD8_7B49_4EE3_65702_20note.md.tex:574: Preview: Snippet 561 ended.(447828+98303x725903).
<-><->
      
l.574 $V_\lambda$
                 
Not a real error.

[561]
./_9AD8_7B49_4EE3_65702_20note.md.tex:575: Preview: Snippet 562 started.
<-><->
      
l.575 $
       T-invariant$
Not a real error.

./_9AD8_7B49_4EE3_65702_20note.md.tex:575: Preview: Snippet 562 ended.(447828+54613x4097836).
<-><->
      
l.575 $T-invariant$
                   
Not a real error.

[562]
./_9AD8_7B49_4EE3_65702_20note.md.tex:576: Preview: Snippet 563 started.
<-><->
      
l.576 $
       V=V_\lambda$
Not a real error.

./_9AD8_7B49_4EE3_65702_20note.md.tex:576: Preview: Snippet 563 ended.(447828+98303x2127638).
<-><->
      
l.576 $V=V_\lambda$
                   
Not a real error.

[563]
./_9AD8_7B49_4EE3_65702_20note.md.tex:577: Preview: Snippet 564 started.
<-><->
      
l.577 $
       T+T^{-1}=\lambda \cdot id_V$
Not a real error.

./_9AD8_7B49_4EE3_65702_20note.md.tex:577: Preview: Snippet 564 ended.(533465+98303x5204001).
<-><->
      
l.577 $T+T^{-1}=\lambda \cdot id_V$
                                   
Not a real error.

[564]
./_9AD8_7B49_4EE3_65702_20note.md.tex:578: Preview: Snippet 565 started.
<-><->
      
l.578 $
       \lambda = \pm 2$
Not a real error.

./_9AD8_7B49_4EE3_65702_20note.md.tex:578: Preview: Snippet 565 ended.(455111+54613x2093508).
<-><->
      
l.578 $\lambda = \pm 2$
                       
Not a real error.

[565]
./_9AD8_7B49_4EE3_65702_20note.md.tex:579: Preview: Snippet 566 started.
<-><->
      
l.579 $
       (T \mp id_V)^2=0_V$
Not a real error.

./_9AD8_7B49_4EE3_65702_20note.md.tex:579: Preview: Snippet 566 ended.(533465+163840x4757317).
<-><->
      
l.579 $(T \mp id_V)^2=0_V$
                          
Not a real error.

[566]
./_9AD8_7B49_4EE3_65702_20note.md.tex:580: Preview: Snippet 567 started.
<-><->
      
l.580 $
       T \mp id_V$
Not a real error.

./_9AD8_7B49_4EE3_65702_20note.md.tex:580: Preview: Snippet 567 ended.(455111+98303x2296988).
<-><->
      
l.580 $T \mp id_V$
                  
Not a real error.

[567]
./_9AD8_7B49_4EE3_65702_20note.md.tex:581: Preview: Snippet 568 started.
<-><->
      
l.581 $
       T=\pm id_V$
Not a real error.

./_9AD8_7B49_4EE3_65702_20note.md.tex:581: Preview: Snippet 568 ended.(455111+98303x2879530).
<-><->
      
l.581 $T=\pm id_V$
                  
Not a real error.

[568]
./_9AD8_7B49_4EE3_65702_20note.md.tex:582: Preview: Snippet 569 started.
<-><->
      
l.582 $
       |\lambda|<2$
Not a real error.

./_9AD8_7B49_4EE3_65702_20note.md.tex:582: Preview: Snippet 569 ended.(491520+163840x1947872).
<-><->
      
l.582 $|\lambda|<2$
                   
Not a real error.

[569]
./_9AD8_7B49_4EE3_65702_20note.md.tex:583: Preview: Snippet 570 started.
<-><->
      
l.583 $
       T$
Not a real error.

./_9AD8_7B49_4EE3_65702_20note.md.tex:583: Preview: Snippet 570 ended.(447828+0x473999).
<-><->
      
l.583 $T$
         
Not a real error.

[570]
./_9AD8_7B49_4EE3_65702_20note.md.tex:584: Preview: Snippet 571 started.
<-><->
      
l.584 $
       v \in V$
Not a real error.

./_9AD8_7B49_4EE3_65702_20note.md.tex:584: Preview: Snippet 571 ended.(447828+25623x1670098).
<-><->
      
l.584 $v \in V$
               
Not a real error.

[571]
./_9AD8_7B49_4EE3_65702_20note.md.tex:585: Preview: Snippet 572 started.
<-><->
      
l.585 $
       v \neq 0$
Not a real error.

./_9AD8_7B49_4EE3_65702_20note.md.tex:585: Preview: Snippet 572 ended.(455111+127430x1542668).
<-><->
      
l.585 $v \neq 0$
                
Not a real error.

[572]
./_9AD8_7B49_4EE3_65702_20note.md.tex:586: Preview: Snippet 573 started.
<-><->
      
l.586 $
       Tv,v$
Not a real error.

./_9AD8_7B49_4EE3_65702_20note.md.tex:586: Preview: Snippet 573 ended.(447828+127431x1447630).
<-><->
      
l.586 $Tv,v$
            
Not a real error.

[573]
./_9AD8_7B49_4EE3_65702_20note.md.tex:587: Preview: Snippet 574 started.
<-><->
      
l.587 $
       W= \langle v,Tv \rangle$
Not a real error.

./_9AD8_7B49_4EE3_65702_20note.md.tex:587: Preview: Snippet 574 ended.(491520+163840x3541136).
<-><->
      
l.587 $W= \langle v,Tv \rangle$
                               
Not a real error.

[574]
./_9AD8_7B49_4EE3_65702_20note.md.tex:588: Preview: Snippet 575 started.
<-><->
      
l.588 $
       dimW=2$
Not a real error.

./_9AD8_7B49_4EE3_65702_20note.md.tex:588: Preview: Snippet 575 ended.(455111+0x3053762).
<-><->
      
l.588 $dimW=2$
              
Not a real error.

[575]
./_9AD8_7B49_4EE3_65702_20note.md.tex:589: Preview: Snippet 576 started.
<-><->
      
l.589 $
       T$
Not a real error.

./_9AD8_7B49_4EE3_65702_20note.md.tex:589: Preview: Snippet 576 ended.(447828+0x473999).
<-><->
      
l.589 $T$
         
Not a real error.

[576]
./_9AD8_7B49_4EE3_65702_20note.md.tex:590: Preview: Snippet 577 started.
<-><->
      
l.590 $
       W^\perp$
Not a real error.

./_9AD8_7B49_4EE3_65702_20note.md.tex:590: Preview: Snippet 577 ended.(556402+0x1152343).
<-><->
      
l.590 $W^\perp$
               
Not a real error.

[577]
./_9AD8_7B49_4EE3_65702_20note.md.tex:591: Preview: Snippet 578 started.
<-><->
      
l.591 $
       T^*=T^{-1}$
Not a real error.

./_9AD8_7B49_4EE3_65702_20note.md.tex:591: Preview: Snippet 578 ended.(533465+0x2826692).
<-><->
      
l.591 $T^*=T^{-1}$
                  
Not a real error.

[578]
./_9AD8_7B49_4EE3_65702_20note.md.tex:592: Preview: Snippet 579 started.
<-><->
      
l.592 $
       W^\perp$
Not a real error.

./_9AD8_7B49_4EE3_65702_20note.md.tex:592: Preview: Snippet 579 ended.(556402+0x1152343).
<-><->
      
l.592 $W^\perp$
               
Not a real error.

[579]
./_9AD8_7B49_4EE3_65702_20note.md.tex:593: Preview: Snippet 580 started.
<-><->
      
l.593 $
       T-invariant$
Not a real error.

./_9AD8_7B49_4EE3_65702_20note.md.tex:593: Preview: Snippet 580 ended.(447828+54613x4097836).
<-><->
      
l.593 $T-invariant$
                   
Not a real error.

[580]
./_9AD8_7B49_4EE3_65702_20note.md.tex:594: Preview: Snippet 581 started.
<-><->
      
l.594 $
       V=W \oplus W^\perp$
Not a real error.

./_9AD8_7B49_4EE3_65702_20note.md.tex:594: Preview: Snippet 581 ended.(556402+54613x4065042).
<-><->
      
l.594 $V=W \oplus W^\perp$
                          
Not a real error.

[581]
./_9AD8_7B49_4EE3_65702_20note.md.tex:595: Preview: Snippet 582 started.
<-><->
      
l.595 $
       V=V_\lambda, |\lambda|<2, dimV=2$
Not a real error.

./_9AD8_7B49_4EE3_65702_20note.md.tex:595: Preview: Snippet 582 ended.(491520+163840x7529765).
<-><->
      
l.595 $V=V_\lambda, |\lambda|<2, dimV=2$
                                        
Not a real error.

[582]
./_9AD8_7B49_4EE3_65702_20note.md.tex:596: Preview: Snippet 583 started.
<-><->
      
l.596 $
       x^2-\lambda x+1$
Not a real error.

./_9AD8_7B49_4EE3_65702_20note.md.tex:596: Preview: Snippet 583 ended.(533465+54613x3355071).
<-><->
      
l.596 $x^2-\lambda x+1$
                       
Not a real error.

[583]
./_9AD8_7B49_4EE3_65702_20note.md.tex:597: Preview: Snippet 584 started.
<-><->
      
l.597 $
       T$
Not a real error.

./_9AD8_7B49_4EE3_65702_20note.md.tex:597: Preview: Snippet 584 ended.(447828+0x473999).
<-><->
      
l.597 $T$
         
Not a real error.

[584]
./_9AD8_7B49_4EE3_65702_20note.md.tex:598: Preview: Snippet 585 started.
<-><->
      
l.598 $
       T=R(\theta),\theta \in \mathbb{R}-\mathbb{Z}\pi$
Not a real error.

./_9AD8_7B49_4EE3_65702_20note.md.tex:598: Preview: Snippet 585 ended.(491520+163840x6212479).
<-><->
      
l.598 ...eta),\theta \in \mathbb{R}-\mathbb{Z}\pi$
                                                  
Not a real error.

[585]
./_9AD8_7B49_4EE3_65702_20note.md.tex:599: Preview: Snippet 586 started.
<-><->
      
l.599 $
       ONB$
Not a real error.

./_9AD8_7B49_4EE3_65702_20note.md.tex:599: Preview: Snippet 586 ended.(447828+0x1646089).
<-><->
      
l.599 $ONB$
           
Not a real error.

[586]
./_9AD8_7B49_4EE3_65702_20note.md.tex:600: Preview: Snippet 587 started.
<-><->
      
l.600 $
       a,b,\theta_1,\cdots, \theta_m$
Not a real error.

./_9AD8_7B49_4EE3_65702_20note.md.tex:600: Preview: Snippet 587 ended.(455111+127431x4182913).
<-><->
      
l.600 $a,b,\theta_1,\cdots, \theta_m$
                                     
Not a real error.

[587]
./_9AD8_7B49_4EE3_65702_20note.md.tex:601: Preview: Snippet 588 started.
<-><->
      
l.601 $
       T$
Not a real error.

./_9AD8_7B49_4EE3_65702_20note.md.tex:601: Preview: Snippet 588 ended.(447828+0x473999).
<-><->
      
l.601 $T$
         
Not a real error.

[588]
./_9AD8_7B49_4EE3_65702_20note.md.tex:602: Preview: Snippet 589 started.
<-><->
      
l.602 $
       \pi\mathbb{Z}$
Not a real error.

./_9AD8_7B49_4EE3_65702_20note.md.tex:602: Preview: Snippet 589 ended.(451470+0x833994).
<-><->
      
l.602 $\pi\mathbb{Z}$
                     
Not a real error.

[589]
./_9AD8_7B49_4EE3_65702_20note.md.tex:603: Preview: Snippet 590 started.
<-><->
      
l.603 $
       dimV=3$
Not a real error.

./_9AD8_7B49_4EE3_65702_20note.md.tex:603: Preview: Snippet 590 ended.(455111+0x2871717).
<-><->
      
l.603 $dimV=3$
              
Not a real error.

[590]
./_9AD8_7B49_4EE3_65702_20note.md.tex:604: Preview: Snippet 591 started.
<-><->
      
l.604 $
       T \in End(V)$
Not a real error.

./_9AD8_7B49_4EE3_65702_20note.md.tex:604: Preview: Snippet 591 ended.(491520+163840x3568674).
<-><->
      
l.604 $T \in End(V)$
                    
Not a real error.

[591]
./_9AD8_7B49_4EE3_65702_20note.md.tex:605: Preview: Snippet 592 started.
<-><->
      
l.605 $
       T$
Not a real error.

./_9AD8_7B49_4EE3_65702_20note.md.tex:605: Preview: Snippet 592 ended.(447828+0x473999).
<-><->
      
l.605 $T$
         
Not a real error.

[592]
./_9AD8_7B49_4EE3_65702_20note.md.tex:606: Preview: Snippet 593 started.
<-><->
      
l.606 $
       det(T)=1$
Not a real error.

./_9AD8_7B49_4EE3_65702_20note.md.tex:606: Preview: Snippet 593 ended.(491520+163840x3068129).
<-><->
      
l.606 $det(T)=1$
                
Not a real error.

[593]
./_9AD8_7B49_4EE3_65702_20note.md.tex:607: Preview: Snippet 594 started.
<-><->
      
l.607 $
       V:IPS/\mathbb{R}$
Not a real error.

./_9AD8_7B49_4EE3_65702_20note.md.tex:607: Preview: Snippet 594 ended.(491520+163840x3129563).
<-><->
      
l.607 $V:IPS/\mathbb{R}$
                        
Not a real error.

[594]
./_9AD8_7B49_4EE3_65702_20note.md.tex:608: Preview: Snippet 595 started.
<-><->
      
l.608 $
       V:=$
Not a real error.

./_9AD8_7B49_4EE3_65702_20note.md.tex:608: Preview: Snippet 595 ended.(447828+0x1401740).
<-><->
      
l.608 $V:=$
           
Not a real error.

[595]
./_9AD8_7B49_4EE3_65702_20note.md.tex:609: Preview: Snippet 596 started.
<-><->
      
l.609 $
       T \in End(V)$
Not a real error.

./_9AD8_7B49_4EE3_65702_20note.md.tex:609: Preview: Snippet 596 ended.(491520+163840x3568674).
<-><->
      
l.609 $T \in End(V)$
                    
Not a real error.

[596]
./_9AD8_7B49_4EE3_65702_20note.md.tex:610: Preview: Snippet 597 started.
<-><->
      
l.610 $
       det(T)=1$
Not a real error.

./_9AD8_7B49_4EE3_65702_20note.md.tex:610: Preview: Snippet 597 ended.(491520+163840x3068129).
<-><->
      
l.610 $det(T)=1$
                
Not a real error.

[597]
./_9AD8_7B49_4EE3_65702_20note.md.tex:611: Preview: Snippet 598 started.
<-><->
      
l.611 $
       I_3,\begin{pmatrix}1&\\&-I_2\end{pmatrix},\begin{pmatrix}1&\\&R(\thet...
Not a real error.

./_9AD8_7B49_4EE3_65702_20note.md.tex:611: Preview: Snippet 598 ended.(950279+622600x7599685).
<-><->
      
l.611 ...egin{pmatrix}1&\\&R(\theta)\end{pmatrix}$
                                                  
Not a real error.

[598]
./_9AD8_7B49_4EE3_65702_20note.md.tex:612: Preview: Snippet 599 started.
<-><->
      
l.612 $
       ONB$
Not a real error.

./_9AD8_7B49_4EE3_65702_20note.md.tex:612: Preview: Snippet 599 ended.(447828+0x1646089).
<-><->
      
l.612 $ONB$
           
Not a real error.

[599]
./_9AD8_7B49_4EE3_65702_20note.md.tex:613: Preview: Snippet 600 started.
<-><->
      
l.613 $
       v_2$
Not a real error.

./_9AD8_7B49_4EE3_65702_20note.md.tex:613: Preview: Snippet 600 ended.(282168+98303x611671).
<-><->
      
l.613 $v_2$
           
Not a real error.

[600]
./_9AD8_7B49_4EE3_65702_20note.md.tex:614: Preview: Snippet 601 started.
<-><->
      
l.614 $
       \theta$
Not a real error.

./_9AD8_7B49_4EE3_65702_20note.md.tex:614: Preview: Snippet 601 ended.(455111+0x325860).
<-><->
      
l.614 $\theta$
              
Not a real error.

[601]
./_9AD8_7B49_4EE3_65702_20note.md.tex:615: Preview: Snippet 602 started.
<-><->
      
l.615 $
       v_1$
Not a real error.

./_9AD8_7B49_4EE3_65702_20note.md.tex:615: Preview: Snippet 602 ended.(282168+98303x611671).
<-><->
      
l.615 $v_1$
           
Not a real error.

[602]
./_9AD8_7B49_4EE3_65702_20note.md.tex:616: Preview: Snippet 603 started.
<-><->
      
l.616 $
       V= \mathbb{R}^n$
Not a real error.

./_9AD8_7B49_4EE3_65702_20note.md.tex:616: Preview: Snippet 603 ended.(451470+0x2231785).
<-><->
      
l.616 $V= \mathbb{R}^n$
                       
Not a real error.

[603]
./_9AD8_7B49_4EE3_65702_20note.md.tex:617: Preview: Snippet 604 started.
<-><->
      
l.617 $
       \{T \in GL(V)\} \leftrightarrow \{\text{ordered basis in } V\}$
Not a real error.

./_9AD8_7B49_4EE3_65702_20note.md.tex:617: Preview: Snippet 604 ended.(491520+163840x10874942).
<-><->
      
l.617 ...ightarrow \{\text{ordered basis in } V\}$
                                                  
Not a real error.

[604]
./_9AD8_7B49_4EE3_65702_20note.md.tex:618: Preview: Snippet 605 started.
<-><->
      
l.618 $
       V$
Not a real error.

./_9AD8_7B49_4EE3_65702_20note.md.tex:618: Preview: Snippet 605 ended.(447828+0x527929).
<-><->
      
l.618 $V$
         
Not a real error.

[605]
./_9AD8_7B49_4EE3_65702_20note.md.tex:619: Preview: Snippet 606 started.
<-><->
      
l.619 $
       V$
Not a real error.

./_9AD8_7B49_4EE3_65702_20note.md.tex:619: Preview: Snippet 606 ended.(447828+0x527929).
<-><->
      
l.619 $V$
         
Not a real error.

[606]
./_9AD8_7B49_4EE3_65702_20note.md.tex:620: Preview: Snippet 607 started.
<-><->
      
l.620 $
       v_1, \cdots, v_n$
Not a real error.

./_9AD8_7B49_4EE3_65702_20note.md.tex:620: Preview: Snippet 607 ended.(291271+127431x2851642).
<-><->
      
l.620 $v_1, \cdots, v_n$
                        
Not a real error.

[607]
./_9AD8_7B49_4EE3_65702_20note.md.tex:621: Preview: Snippet 608 started.
<-><->
      
l.621 $
       detT>0$
Not a real error.

./_9AD8_7B49_4EE3_65702_20note.md.tex:621: Preview: Snippet 608 ended.(455111+25623x2558403).
<-><->
      
l.621 $detT>0$
              
Not a real error.

[608]
./_9AD8_7B49_4EE3_65702_20note.md.tex:622: Preview: Snippet 609 started.
<-><->
      
l.622 $
       T(e_1, \cdots, e_n)=(v_1, \cdots,v_n)$
Not a real error.

./_9AD8_7B49_4EE3_65702_20note.md.tex:622: Preview: Snippet 609 ended.(491520+163840x8045511).
<-><->
      
l.622 $T(e_1, \cdots, e_n)=(v_1, \cdots,v_n)$
                                             
Not a real error.

[609]
./_9AD8_7B49_4EE3_65702_20note.md.tex:623: Preview: Snippet 610 started.
<-><->
      
l.623 $
       V:IPS/\mathbb{R},dimV=n$
Not a real error.

./_9AD8_7B49_4EE3_65702_20note.md.tex:623: Preview: Snippet 610 ended.(491520+163840x6358238).
<-><->
      
l.623 $V:IPS/\mathbb{R},dimV=n$
                               
Not a real error.

[610]
./_9AD8_7B49_4EE3_65702_20note.md.tex:624: Preview: Snippet 611 started.
<-><->
      
l.624 $
       e_1, \cdots, e_n$
Not a real error.

./_9AD8_7B49_4EE3_65702_20note.md.tex:624: Preview: Snippet 611 ended.(291271+127431x2826612).
<-><->
      
l.624 $e_1, \cdots, e_n$
                        
Not a real error.

[611]
./_9AD8_7B49_4EE3_65702_20note.md.tex:625: Preview: Snippet 612 started.
<-><->
      
l.625 $
       ONB$
Not a real error.

./_9AD8_7B49_4EE3_65702_20note.md.tex:625: Preview: Snippet 612 ended.(447828+0x1646089).
<-><->
      
l.625 $ONB$
           
Not a real error.

[612]
./_9AD8_7B49_4EE3_65702_20note.md.tex:626: Preview: Snippet 613 started.
<-><->
      
l.626 $
       v_1, \cdots,v_n$
Not a real error.

./_9AD8_7B49_4EE3_65702_20note.md.tex:626: Preview: Snippet 613 ended.(291271+127431x2851642).
<-><->
      
l.626 $v_1, \cdots,v_n$
                       
Not a real error.

[613]
./_9AD8_7B49_4EE3_65702_20note.md.tex:627: Preview: Snippet 614 started.
<-><->
      
l.627 $
       ONB$
Not a real error.

./_9AD8_7B49_4EE3_65702_20note.md.tex:627: Preview: Snippet 614 ended.(447828+0x1646089).
<-><->
      
l.627 $ONB$
           
Not a real error.

[614]
./_9AD8_7B49_4EE3_65702_20note.md.tex:628: Preview: Snippet 615 started.
<-><->
      
l.628 $
       V$
Not a real error.

./_9AD8_7B49_4EE3_65702_20note.md.tex:628: Preview: Snippet 615 ended.(447828+0x527929).
<-><->
      
l.628 $V$
         
Not a real error.

[615]
./_9AD8_7B49_4EE3_65702_20note.md.tex:629: Preview: Snippet 616 started.
<-><->
      
l.629 $
       e_1, \cdots, e_n$
Not a real error.

./_9AD8_7B49_4EE3_65702_20note.md.tex:629: Preview: Snippet 616 ended.(291271+127431x2826612).
<-><->
      
l.629 $e_1, \cdots, e_n$
                        
Not a real error.

[616]
./_9AD8_7B49_4EE3_65702_20note.md.tex:630: Preview: Snippet 617 started.
<-><->
      
l.630 $
       \{\text{rotations in } \mathbb{R}^3\} \leftrightarrow \{\text{positiv...
Not a real error.

./_9AD8_7B49_4EE3_65702_20note.md.tex:630: Preview: Snippet 617 ended.(533465+163840x15249740).
<-><->
      
l.630 ...itive orientated frame in } \mathbb{R}\}$
                                                  
Not a real error.

[617]
./_9AD8_7B49_4EE3_65702_20note.md.tex:631: Preview: Snippet 618 started.
<-><->
      
l.631 $
       \forall u \in \mathbb{R}^3$
Not a real error.

./_9AD8_7B49_4EE3_65702_20note.md.tex:631: Preview: Snippet 618 ended.(533465+25623x2307563).
<-><->
      
l.631 $\forall u \in \mathbb{R}^3$
                                  
Not a real error.

[618]
./_9AD8_7B49_4EE3_65702_20note.md.tex:632: Preview: Snippet 619 started.
<-><->
      
l.632 $
       R_u(\theta):=$
Not a real error.

./_9AD8_7B49_4EE3_65702_20note.md.tex:632: Preview: Snippet 619 ended.(491520+163840x2549631).
<-><->
      
l.632 $R_u(\theta):=$
                     
Not a real error.

[619]
./_9AD8_7B49_4EE3_65702_20note.md.tex:633: Preview: Snippet 620 started.
<-><->
      
l.633 $
       \theta$
Not a real error.

./_9AD8_7B49_4EE3_65702_20note.md.tex:633: Preview: Snippet 620 ended.(455111+0x325860).
<-><->
      
l.633 $\theta$
              
Not a real error.

[620]
./_9AD8_7B49_4EE3_65702_20note.md.tex:634: Preview: Snippet 621 started.
<-><->
      
l.634 $
       u$
Not a real error.

./_9AD8_7B49_4EE3_65702_20note.md.tex:634: Preview: Snippet 621 ended.(282168+0x375166).
<-><->
      
l.634 $u$
         
Not a real error.

[621]
./_9AD8_7B49_4EE3_65702_20note.md.tex:635: Preview: Snippet 622 started.
<-><->
      
l.635 $
       u=u_1,u_2,u_3$
Not a real error.

./_9AD8_7B49_4EE3_65702_20note.md.tex:635: Preview: Snippet 622 ended.(282168+127431x3839017).
<-><->
      
l.635 $u=u_1,u_2,u_3$
                     
Not a real error.

[622]
./_9AD8_7B49_4EE3_65702_20note.md.tex:636: Preview: Snippet 623 started.
<-><->
      
l.636 $
       R_u(\theta):=\begin{pmatrix}1&\\&R(\theta)\end{pmatrix}$
Not a real error.

./_9AD8_7B49_4EE3_65702_20note.md.tex:636: Preview: Snippet 623 ended.(950279+622600x6017809).
<-><->
      
l.636 ...egin{pmatrix}1&\\&R(\theta)\end{pmatrix}$
                                                  
Not a real error.

[623]
./_9AD8_7B49_4EE3_65702_20note.md.tex:637: Preview: Snippet 624 started.
<-><->
      
l.637 $
       ONB$
Not a real error.

./_9AD8_7B49_4EE3_65702_20note.md.tex:637: Preview: Snippet 624 ended.(447828+0x1646089).
<-><->
      
l.637 $ONB$
           
Not a real error.

[624]
./_9AD8_7B49_4EE3_65702_20note.md.tex:638: Preview: Snippet 625 started.
<-><->
      
l.638 $
       u_1,u_2,u_3$
Not a real error.

./_9AD8_7B49_4EE3_65702_20note.md.tex:638: Preview: Snippet 625 ended.(282168+127431x2590045).
<-><->
      
l.638 $u_1,u_2,u_3$
                   
Not a real error.

[625]
./_9AD8_7B49_4EE3_65702_20note.md.tex:639: Preview: Snippet 626 started.
<-><->
      
l.639 $
       u_2,u_3$
Not a real error.

./_9AD8_7B49_4EE3_65702_20note.md.tex:639: Preview: Snippet 626 ended.(282168+127431x1629607).
<-><->
      
l.639 $u_2,u_3$
               
Not a real error.

[626]
./_9AD8_7B49_4EE3_65702_20note.md.tex:640: Preview: Snippet 627 started.
<-><->
      
l.640 $
       T$
Not a real error.

./_9AD8_7B49_4EE3_65702_20note.md.tex:640: Preview: Snippet 627 ended.(447828+0x473999).
<-><->
      
l.640 $T$
         
Not a real error.

[627]
./_9AD8_7B49_4EE3_65702_20note.md.tex:641: Preview: Snippet 628 started.
<-><->
      
l.641 $
       u_1,u_2,u_3$
Not a real error.

./_9AD8_7B49_4EE3_65702_20note.md.tex:641: Preview: Snippet 628 ended.(282168+127431x2590045).
<-><->
      
l.641 $u_1,u_2,u_3$
                   
Not a real error.

[628]
./_9AD8_7B49_4EE3_65702_20note.md.tex:642: Preview: Snippet 629 started.
<-><->
      
l.642 $
       f_2=e_3 \times u_3$
Not a real error.

./_9AD8_7B49_4EE3_65702_20note.md.tex:642: Preview: Snippet 629 ended.(455111+127431x3557979).
<-><->
      
l.642 $f_2=e_3 \times u_3$
                          
Not a real error.

[629]
./_9AD8_7B49_4EE3_65702_20note.md.tex:643: Preview: Snippet 630 started.
<-><->
      
l.643 $
       e_3,u_3$
Not a real error.

./_9AD8_7B49_4EE3_65702_20note.md.tex:643: Preview: Snippet 630 ended.(282168+127431x1559594).
<-><->
      
l.643 $e_3,u_3$
               
Not a real error.

[630]
./_9AD8_7B49_4EE3_65702_20note.md.tex:644: Preview: Snippet 631 started.
<-><->
      
l.644 $
       f_2=e_2$
Not a real error.

./_9AD8_7B49_4EE3_65702_20note.md.tex:644: Preview: Snippet 631 ended.(455111+127431x2087820).
<-><->
      
l.644 $f_2=e_2$
               
Not a real error.

[631]
./_9AD8_7B49_4EE3_65702_20note.md.tex:645: Preview: Snippet 632 started.
<-><->
      
l.645 $
       e_3 \parallel u_3$
Not a real error.

./_9AD8_7B49_4EE3_65702_20note.md.tex:645: Preview: Snippet 632 ended.(491520+163840x1960086).
<-><->
      
l.645 $e_3 \parallel u_3$
                         
Not a real error.

[632]
./_9AD8_7B49_4EE3_65702_20note.md.tex:646: Preview: Snippet 633 started.
<-><->
      
l.646 $
       f_2 \perp e_3,u_3$
Not a real error.

./_9AD8_7B49_4EE3_65702_20note.md.tex:646: Preview: Snippet 633 ended.(455111+127431x3048258).
<-><->
      
l.646 $f_2 \perp e_3,u_3$
                         
Not a real error.

[633]
./_9AD8_7B49_4EE3_65702_20note.md.tex:647: Preview: Snippet 634 started.
<-><->
      
l.647 $
       R_{e_3}(\psi)e_2=f_2$
Not a real error.

./_9AD8_7B49_4EE3_65702_20note.md.tex:647: Preview: Snippet 634 ended.(491520+163840x4082758).
<-><->
      
l.647 $R_{e_3}(\psi)e_2=f_2$
                            
Not a real error.

[634]
./_9AD8_7B49_4EE3_65702_20note.md.tex:648: Preview: Snippet 635 started.
<-><->
      
l.648 $
       R_{e_3}(\psi):(e_1,e_2,e_3) \mapsto (f_1,f_2,e_3)$
Not a real error.

./_9AD8_7B49_4EE3_65702_20note.md.tex:648: Preview: Snippet 635 ended.(491520+163840x9371372).
<-><->
      
l.648 ...psi):(e_1,e_2,e_3) \mapsto (f_1,f_2,e_3)$
                                                  
Not a real error.

[635]
./_9AD8_7B49_4EE3_65702_20note.md.tex:649: Preview: Snippet 636 started.
<-><->
      
l.649 $
       f_1$
Not a real error.

./_9AD8_7B49_4EE3_65702_20note.md.tex:649: Preview: Snippet 636 ended.(455111+127431x614858).
<-><->
      
l.649 $f_1$
           
Not a real error.

[636]
./_9AD8_7B49_4EE3_65702_20note.md.tex:650: Preview: Snippet 637 started.
<-><->
      
l.650 $
       \theta$
Not a real error.

./_9AD8_7B49_4EE3_65702_20note.md.tex:650: Preview: Snippet 637 ended.(455111+0x325860).
<-><->
      
l.650 $\theta$
              
Not a real error.

[637]
./_9AD8_7B49_4EE3_65702_20note.md.tex:651: Preview: Snippet 638 started.
<-><->
      
l.651 $
       R_{f_2}(\theta)e_3=u_3$
Not a real error.

./_9AD8_7B49_4EE3_65702_20note.md.tex:651: Preview: Snippet 638 ended.(491520+187504x4019417).
<-><->
      
l.651 $R_{f_2}(\theta)e_3=u_3$
                              
Not a real error.

[638]
./_9AD8_7B49_4EE3_65702_20note.md.tex:652: Preview: Snippet 639 started.
<-><->
      
l.652 $
       R_{f_2}(\theta):(f_1,f_2,e_3) \mapsto (g_1,f_2,u_3)$
Not a real error.

./_9AD8_7B49_4EE3_65702_20note.md.tex:652: Preview: Snippet 639 ended.(491520+187504x9346868).
<-><->
      
l.652 ...eta):(f_1,f_2,e_3) \mapsto (g_1,f_2,u_3)$
                                                  
Not a real error.

[639]
./_9AD8_7B49_4EE3_65702_20note.md.tex:653: Preview: Snippet 640 started.
<-><->
      
l.653 $
       g_1$
Not a real error.

./_9AD8_7B49_4EE3_65702_20note.md.tex:653: Preview: Snippet 640 ended.(282168+127431x606589).
<-><->
      
l.653 $g_1$
           
Not a real error.

[640]
./_9AD8_7B49_4EE3_65702_20note.md.tex:654: Preview: Snippet 641 started.
<-><->
      
l.654 $
       g_1,u_1$
Not a real error.

./_9AD8_7B49_4EE3_65702_20note.md.tex:654: Preview: Snippet 641 ended.(282168+127431x1567027).
<-><->
      
l.654 $g_1,u_1$
               
Not a real error.

[641]
./_9AD8_7B49_4EE3_65702_20note.md.tex:655: Preview: Snippet 642 started.
<-><->
      
l.655 $
       \perp u_3$
Not a real error.

./_9AD8_7B49_4EE3_65702_20note.md.tex:655: Preview: Snippet 642 ended.(455111+98303x1360935).
<-><->
      
l.655 $\perp u_3$
                 
Not a real error.

[642]
./_9AD8_7B49_4EE3_65702_20note.md.tex:656: Preview: Snippet 643 started.
<-><->
      
l.656 $
       \phi$
Not a real error.

./_9AD8_7B49_4EE3_65702_20note.md.tex:656: Preview: Snippet 643 ended.(455111+127431x390486).
<-><->
      
l.656 $\phi$
            
Not a real error.

[643]
./_9AD8_7B49_4EE3_65702_20note.md.tex:657: Preview: Snippet 644 started.
<-><->
      
l.657 $
       R_{u_3}(\phi)g_1=u_1$
Not a real error.

./_9AD8_7B49_4EE3_65702_20note.md.tex:657: Preview: Snippet 644 ended.(491520+163840x4145786).
<-><->
      
l.657 $R_{u_3}(\phi)g_1=u_1$
                            
Not a real error.

[644]
./_9AD8_7B49_4EE3_65702_20note.md.tex:658: Preview: Snippet 645 started.
<-><->
      
l.658 $
       R_{u_3}(\phi):(g_1,f_2,u_3) \mapsto (u_1, \cdot, u_3)$
Not a real error.

./_9AD8_7B49_4EE3_65702_20note.md.tex:658: Preview: Snippet 645 ended.(491520+163840x9157315).
<-><->
      
l.658 ...:(g_1,f_2,u_3) \mapsto (u_1, \cdot, u_3)$
                                                  
Not a real error.

[645]
./_9AD8_7B49_4EE3_65702_20note.md.tex:659: Preview: Snippet 646 started.
<-><->
      
l.659 $
       \cdot$
Not a real error.

./_9AD8_7B49_4EE3_65702_20note.md.tex:659: Preview: Snippet 646 ended.(291271+0x182045).
<-><->
      
l.659 $\cdot$
             
Not a real error.

[646]
./_9AD8_7B49_4EE3_65702_20note.md.tex:660: Preview: Snippet 647 started.
<-><->
      
l.660 $
       u_2$
Not a real error.

./_9AD8_7B49_4EE3_65702_20note.md.tex:660: Preview: Snippet 647 ended.(282168+98303x669169).
<-><->
      
l.660 $u_2$
           
Not a real error.

[647]
./_9AD8_7B49_4EE3_65702_20note.md.tex:661: Preview: Snippet 648 started.
<-><->
      
l.661 $
       T$
Not a real error.

./_9AD8_7B49_4EE3_65702_20note.md.tex:661: Preview: Snippet 648 ended.(447828+0x473999).
<-><->
      
l.661 $T$
         
Not a real error.

[648]
./_9AD8_7B49_4EE3_65702_20note.md.tex:662: Preview: Snippet 649 started.
<-><->
      
l.662 $
       \mathbb{R}^3$
Not a real error.

./_9AD8_7B49_4EE3_65702_20note.md.tex:662: Preview: Snippet 649 ended.(533465+0x767319).
<-><->
      
l.662 $\mathbb{R}^3$
                    
Not a real error.

[649]
./_9AD8_7B49_4EE3_65702_20note.md.tex:663: Preview: Snippet 650 started.
<-><->
      
l.663 $
       (u_1,u_2,u_3)$
Not a real error.

./_9AD8_7B49_4EE3_65702_20note.md.tex:663: Preview: Snippet 650 ended.(491520+163840x3099771).
<-><->
      
l.663 $(u_1,u_2,u_3)$
                     
Not a real error.

[650]
./_9AD8_7B49_4EE3_65702_20note.md.tex:664: Preview: Snippet 651 started.
<-><->
      
l.664 $
       T=R_{u_3}(\phi)R_{f_2}(\theta)R_{e_3}(\psi)$
Not a real error.

./_9AD8_7B49_4EE3_65702_20note.md.tex:664: Preview: Snippet 651 ended.(491520+187504x7216251).
<-><->
      
l.664 ..._{u_3}(\phi)R_{f_2}(\theta)R_{e_3}(\psi)$
                                                  
Not a real error.

[651]
./_9AD8_7B49_4EE3_65702_20note.md.tex:665: Preview: Snippet 652 started.
<-><->
      
l.665 $
       T$
Not a real error.

./_9AD8_7B49_4EE3_65702_20note.md.tex:665: Preview: Snippet 652 ended.(447828+0x473999).
<-><->
      
l.665 $T$
         
Not a real error.

[652]
./_9AD8_7B49_4EE3_65702_20note.md.tex:666: Preview: Snippet 653 started.
<-><->
      
l.666 $
       (\phi,\theta,\psi)$
Not a real error.

./_9AD8_7B49_4EE3_65702_20note.md.tex:666: Preview: Snippet 653 ended.(491520+163840x2259019).
<-><->
      
l.666 $(\phi,\theta,\psi)$
                          
Not a real error.

[653]
./_9AD8_7B49_4EE3_65702_20note.md.tex:667: Preview: Snippet 654 started.
<-><->
      
l.667 $
       \mathbb{R} \subset \mathbb{C} \subset \mathbb{H}$
Not a real error.

./_9AD8_7B49_4EE3_65702_20note.md.tex:667: Preview: Snippet 654 ended.(451470+25623x3203970).
<-><->
      
l.667 ...R} \subset \mathbb{C} \subset \mathbb{H}$
                                                  
Not a real error.

[654]
./_9AD8_7B49_4EE3_65702_20note.md.tex:668: Preview: Snippet 655 started.
<-><->
      
l.668 $
       \mathbb{H}$
Not a real error.

./_9AD8_7B49_4EE3_65702_20note.md.tex:668: Preview: Snippet 655 ended.(451470+0x509726).
<-><->
      
l.668 $\mathbb{H}$
                  
Not a real error.

[655]
./_9AD8_7B49_4EE3_65702_20note.md.tex:669: Preview: Snippet 656 started.
<-><->
      
l.669 $
       \mathbb{H}$
Not a real error.

./_9AD8_7B49_4EE3_65702_20note.md.tex:669: Preview: Snippet 656 ended.(451470+0x509726).
<-><->
      
l.669 $\mathbb{H}$
                  
Not a real error.

[656]
./_9AD8_7B49_4EE3_65702_20note.md.tex:670: Preview: Snippet 657 started.
<-><->
      
l.670 $
       \mathbb{R}$
Not a real error.

./_9AD8_7B49_4EE3_65702_20note.md.tex:670: Preview: Snippet 657 ended.(451470+0x473316).
<-><->
      
l.670 $\mathbb{R}$
                  
Not a real error.

[657]
./_9AD8_7B49_4EE3_65702_20note.md.tex:671: Preview: Snippet 658 started.
<-><->
      
l.671 $
       1,i,j,k$
Not a real error.

./_9AD8_7B49_4EE3_65702_20note.md.tex:671: Preview: Snippet 658 ended.(455111+127431x2060069).
<-><->
      
l.671 $1,i,j,k$
               
Not a real error.

[658]
./_9AD8_7B49_4EE3_65702_20note.md.tex:672: Preview: Snippet 659 started.
<-><->
      
l.672 $
       i^2=j^2=k^2=-1$
Not a real error.

./_9AD8_7B49_4EE3_65702_20note.md.tex:672: Preview: Snippet 659 ended.(533465+127431x5235824).
<-><->
      
l.672 $i^2=j^2=k^2=-1$
                      
Not a real error.

[659]
./_9AD8_7B49_4EE3_65702_20note.md.tex:673: Preview: Snippet 660 started.
<-><->
      
l.673 $
       ij=k,jk=i,ki=j$
Not a real error.

./_9AD8_7B49_4EE3_65702_20note.md.tex:673: Preview: Snippet 660 ended.(455111+127431x5888926).
<-><->
      
l.673 $ij=k,jk=i,ki=j$
                      
Not a real error.

[660]
./_9AD8_7B49_4EE3_65702_20note.md.tex:674: Preview: Snippet 661 started.
<-><->
      
l.674 $
       \mathbb{C} \hookrightarrow \mathbb{H}$
Not a real error.

./_9AD8_7B49_4EE3_65702_20note.md.tex:674: Preview: Snippet 661 ended.(451470+0x2075304).
<-><->
      
l.674 $\mathbb{C} \hookrightarrow \mathbb{H}$
                                             
Not a real error.

[661]
./_9AD8_7B49_4EE3_65702_20note.md.tex:675: Preview: Snippet 662 started.
<-><->
      
l.675 $
       a+bi \mapsto a+bi$
Not a real error.

./_9AD8_7B49_4EE3_65702_20note.md.tex:675: Preview: Snippet 662 ended.(455111+54613x4328329).
<-><->
      
l.675 $a+bi \mapsto a+bi$
                         
Not a real error.

[662]
./_9AD8_7B49_4EE3_65702_20note.md.tex:676: Preview: Snippet 663 started.
<-><->
      
l.676 $
       \mathbb{H}$
Not a real error.

./_9AD8_7B49_4EE3_65702_20note.md.tex:676: Preview: Snippet 663 ended.(451470+0x509726).
<-><->
      
l.676 $\mathbb{H}$
                  
Not a real error.

[663]
./_9AD8_7B49_4EE3_65702_20note.md.tex:677: Preview: Snippet 664 started.
<-><->
      
l.677 $
       \mathbb{C}-v.s.$
Not a real error.

./_9AD8_7B49_4EE3_65702_20note.md.tex:677: Preview: Snippet 664 ended.(451470+54613x2286777).
<-><->
      
l.677 $\mathbb{C}-v.s.$
                       
Not a real error.

[664]
./_9AD8_7B49_4EE3_65702_20note.md.tex:678: Preview: Snippet 665 started.
<-><->
      
l.678 $
       (a+bi,q) \mapsto (a+bi)q$
Not a real error.

./_9AD8_7B49_4EE3_65702_20note.md.tex:678: Preview: Snippet 665 ended.(491520+163840x6271198).
<-><->
      
l.678 $(a+bi,q) \mapsto (a+bi)q$
                                
Not a real error.

[665]
./_9AD8_7B49_4EE3_65702_20note.md.tex:679: Preview: Snippet 666 started.
<-><->
      
l.679 $
       dim_{\mathbb{C}}\mathbb{H}=2$
Not a real error.

./_9AD8_7B49_4EE3_65702_20note.md.tex:679: Preview: Snippet 666 ended.(455111+98303x3217599).
<-><->
      
l.679 $dim_{\mathbb{C}}\mathbb{H}=2$
                                    
Not a real error.

[666]
./_9AD8_7B49_4EE3_65702_20note.md.tex:680: Preview: Snippet 667 started.
<-><->
      
l.680 $
       \{1,j\}$
Not a real error.

./_9AD8_7B49_4EE3_65702_20note.md.tex:680: Preview: Snippet 667 ended.(491520+163840x1581708).
<-><->
      
l.680 $\{1,j\}$
               
Not a real error.

[667]
./_9AD8_7B49_4EE3_65702_20note.md.tex:681: Preview: Snippet 668 started.
<-><->
      
l.681 $
       Z(\mathbb{H})$
Not a real error.

./_9AD8_7B49_4EE3_65702_20note.md.tex:681: Preview: Snippet 668 ended.(491520+163840x1513703).
<-><->
      
l.681 $Z(\mathbb{H})$
                     
Not a real error.

[668]
./_9AD8_7B49_4EE3_65702_20note.md.tex:682: Preview: Snippet 669 started.
<-><->
      
l.682 $
       z=a+bi+cj+dk$
Not a real error.

./_9AD8_7B49_4EE3_65702_20note.md.tex:682: Preview: Snippet 669 ended.(455111+127431x5757755).
<-><->
      
l.682 $z=a+bi+cj+dk$
                    
Not a real error.

[669]
./_9AD8_7B49_4EE3_65702_20note.md.tex:683: Preview: Snippet 670 started.
<-><->
      
l.683 $
       zi=iz$
Not a real error.

./_9AD8_7B49_4EE3_65702_20note.md.tex:683: Preview: Snippet 670 ended.(432226+0x1992562).
<-><->
      
l.683 $zi=iz$
             
Not a real error.

[670]
./_9AD8_7B49_4EE3_65702_20note.md.tex:684: Preview: Snippet 671 started.
<-><->
      
l.684 $
       c=d=0$
Not a real error.

./_9AD8_7B49_4EE3_65702_20note.md.tex:684: Preview: Snippet 671 ended.(455111+0x2700010).
<-><->
      
l.684 $c=d=0$
             
Not a real error.

[671]
./_9AD8_7B49_4EE3_65702_20note.md.tex:685: Preview: Snippet 672 started.
<-><->
      
l.685 $
       b=c=d=0$
Not a real error.

./_9AD8_7B49_4EE3_65702_20note.md.tex:685: Preview: Snippet 672 ended.(455111+0x3855074).
<-><->
      
l.685 $b=c=d=0$
               
Not a real error.

[672]
./_9AD8_7B49_4EE3_65702_20note.md.tex:686: Preview: Snippet 673 started.
<-><->
      
l.686 $
       Z(\mathbb{H})=\mathbb{R}$
Not a real error.

./_9AD8_7B49_4EE3_65702_20note.md.tex:686: Preview: Snippet 673 ended.(491520+163840x2860825).
<-><->
      
l.686 $Z(\mathbb{H})=\mathbb{R}$
                                
Not a real error.

[673]
./_9AD8_7B49_4EE3_65702_20note.md.tex:687: Preview: Snippet 674 started.
<-><->
      
l.687 $
       \mathbb{H}$
Not a real error.

./_9AD8_7B49_4EE3_65702_20note.md.tex:687: Preview: Snippet 674 ended.(451470+0x509726).
<-><->
      
l.687 $\mathbb{H}$
                  
Not a real error.

[674]
./_9AD8_7B49_4EE3_65702_20note.md.tex:688: Preview: Snippet 675 started.
<-><->
      
l.688 $
       z \in \mathbb{H}$
Not a real error.

./_9AD8_7B49_4EE3_65702_20note.md.tex:688: Preview: Snippet 675 ended.(451470+25623x1644312).
<-><->
      
l.688 $z \in \mathbb{H}$
                        
Not a real error.

[675]
./_9AD8_7B49_4EE3_65702_20note.md.tex:689: Preview: Snippet 676 started.
<-><->
      
l.689 $
       q \in \mathbb{H}$
Not a real error.

./_9AD8_7B49_4EE3_65702_20note.md.tex:689: Preview: Snippet 676 ended.(451470+127431x1626788).
<-><->
      
l.689 $q \in \mathbb{H}$
                        
Not a real error.

[676]
./_9AD8_7B49_4EE3_65702_20note.md.tex:690: Preview: Snippet 677 started.
<-><->
      
l.690 $
       \overline{q}:=a-bi-cj-dk$
Not a real error.

./_9AD8_7B49_4EE3_65702_20note.md.tex:690: Preview: Snippet 677 ended.(455111+127431x5922276).
<-><->
      
l.690 $\overline{q}:=a-bi-cj-dk$
                                
Not a real error.

[677]
./_9AD8_7B49_4EE3_65702_20note.md.tex:691: Preview: Snippet 678 started.
<-><->
      
l.691 $
       q=a+bi+cj+dk$
Not a real error.

./_9AD8_7B49_4EE3_65702_20note.md.tex:691: Preview: Snippet 678 ended.(455111+127431x5740231).
<-><->
      
l.691 $q=a+bi+cj+dk$
                    
Not a real error.

[678]
./_9AD8_7B49_4EE3_65702_20note.md.tex:692: Preview: Snippet 679 started.
<-><->
      
l.692 $
       Tr(q):=q+\overline{q}=2a$
Not a real error.

./_9AD8_7B49_4EE3_65702_20note.md.tex:692: Preview: Snippet 679 ended.(491520+163840x5650567).
<-><->
      
l.692 $Tr(q):=q+\overline{q}=2a$
                                
Not a real error.

[679]
./_9AD8_7B49_4EE3_65702_20note.md.tex:693: Preview: Snippet 680 started.
<-><->
      
l.693 $
       N(q):=q \cdot \overline{q}=a^2+b^2+c^2+d^2$
Not a real error.

./_9AD8_7B49_4EE3_65702_20note.md.tex:693: Preview: Snippet 680 ended.(533465+163840x9290301).
<-><->
      
l.693 $N(q):=q \cdot \overline{q}=a^2+b^2+c^2+d^2$
                                                  
Not a real error.

[680]
./_9AD8_7B49_4EE3_65702_20note.md.tex:694: Preview: Snippet 681 started.
<-><->
      
l.694 $
       q \mapsto \overline{q}$
Not a real error.

./_9AD8_7B49_4EE3_65702_20note.md.tex:694: Preview: Snippet 681 ended.(413233+127431x1651589).
<-><->
      
l.694 $q \mapsto \overline{q}$
                              
Not a real error.

[681]
./_9AD8_7B49_4EE3_65702_20note.md.tex:695: Preview: Snippet 682 started.
<-><->
      
l.695 $
       \mathbb{R}$
Not a real error.

./_9AD8_7B49_4EE3_65702_20note.md.tex:695: Preview: Snippet 682 ended.(451470+0x473316).
<-><->
      
l.695 $\mathbb{R}$
                  
Not a real error.

[682]
./_9AD8_7B49_4EE3_65702_20note.md.tex:696: Preview: Snippet 683 started.
<-><->
      
l.696 $
       \overline{\overline{q}}=q$
Not a real error.

./_9AD8_7B49_4EE3_65702_20note.md.tex:696: Preview: Snippet 683 ended.(544298+127431x1505954).
<-><->
      
l.696 $\overline{\overline{q}}=q$
                                 
Not a real error.

[683]
./_9AD8_7B49_4EE3_65702_20note.md.tex:697: Preview: Snippet 684 started.
<-><->
      
l.697 $
       \overline{q_1q_2}=\overline{q_2} \cdot \overline{q_1}$
Not a real error.

./_9AD8_7B49_4EE3_65702_20note.md.tex:697: Preview: Snippet 684 ended.(413233+127431x3693371).
<-><->
      
l.697 ...q_2}=\overline{q_2} \cdot \overline{q_1}$
                                                  
Not a real error.

[684]
./_9AD8_7B49_4EE3_65702_20note.md.tex:698: Preview: Snippet 685 started.
<-><->
      
l.698 $
       Tr:\mathbb{H} \rightarrow \mathbb{R}$
Not a real error.

./_9AD8_7B49_4EE3_65702_20note.md.tex:698: Preview: Snippet 685 ended.(451470+0x3336483).
<-><->
      
l.698 $Tr:\mathbb{H} \rightarrow \mathbb{R}$
                                            
Not a real error.

[685]
./_9AD8_7B49_4EE3_65702_20note.md.tex:699: Preview: Snippet 686 started.
<-><->
      
l.699 $
       \mathbb{R}$
Not a real error.

./_9AD8_7B49_4EE3_65702_20note.md.tex:699: Preview: Snippet 686 ended.(451470+0x473316).
<-><->
      
l.699 $\mathbb{R}$
                  
Not a real error.

[686]
./_9AD8_7B49_4EE3_65702_20note.md.tex:700: Preview: Snippet 687 started.
<-><->
      
l.700 $
       N(1)=1;N(q) \in \mathbb{R}$
Not a real error.

./_9AD8_7B49_4EE3_65702_20note.md.tex:700: Preview: Snippet 687 ended.(491520+163840x5626295).
<-><->
      
l.700 $N(1)=1;N(q) \in \mathbb{R}$
                                  
Not a real error.

[687]
./_9AD8_7B49_4EE3_65702_20note.md.tex:701: Preview: Snippet 688 started.
<-><->
      
l.701 $
       N(q_1q_2)=N(q_1)N(q_2)$
Not a real error.

./_9AD8_7B49_4EE3_65702_20note.md.tex:701: Preview: Snippet 688 ended.(491520+163840x6543282).
<-><->
      
l.701 $N(q_1q_2)=N(q_1)N(q_2)$
                              
Not a real error.

[688]
./_9AD8_7B49_4EE3_65702_20note.md.tex:702: Preview: Snippet 689 started.
<-><->
      
l.702 $
       N(q_1q_2)=q_1q_2\overline{q_1q_2}=q_1q_2\overline{q_2}\overline{q_1}=...
Not a real error.

./_9AD8_7B49_4EE3_65702_20note.md.tex:702: Preview: Snippet 689 ended.(491520+163840x16203468).
<-><->
      
l.702 ...rline{q_1}q_2\overline{q_2}=N(q_1)N(q_2)$
                                                  
Not a real error.

[689]
./_9AD8_7B49_4EE3_65702_20note.md.tex:703: Preview: Snippet 690 started.
<-><->
      
l.703 $
       \mathbb{H}$
Not a real error.

./_9AD8_7B49_4EE3_65702_20note.md.tex:703: Preview: Snippet 690 ended.(451470+0x509726).
<-><->
      
l.703 $\mathbb{H}$
                  
Not a real error.

[690]
./_9AD8_7B49_4EE3_65702_20note.md.tex:704: Preview: Snippet 691 started.
<-><->
      
l.704 $
       q^{-1}=N(q)^{-1}\overline{q}$
Not a real error.

./_9AD8_7B49_4EE3_65702_20note.md.tex:704: Preview: Snippet 691 ended.(533465+163840x4336976).
<-><->
      
l.704 $q^{-1}=N(q)^{-1}\overline{q}$
                                    
Not a real error.

[691]
./_9AD8_7B49_4EE3_65702_20note.md.tex:705: Preview: Snippet 692 started.
<-><->
      
l.705 $
       q=a+bi+cj+dk$
Not a real error.

./_9AD8_7B49_4EE3_65702_20note.md.tex:705: Preview: Snippet 692 ended.(455111+127431x5740231).
<-><->
      
l.705 $q=a+bi+cj+dk$
                    
Not a real error.

[692]
./_9AD8_7B49_4EE3_65702_20note.md.tex:706: Preview: Snippet 693 started.
<-><->
      
l.706 $
       N(q)=a^2+b^2+c^2+d^2$
Not a real error.

./_9AD8_7B49_4EE3_65702_20note.md.tex:706: Preview: Snippet 693 ended.(533465+163840x7128993).
<-><->
      
l.706 $N(q)=a^2+b^2+c^2+d^2$
                            
Not a real error.

[693]
./_9AD8_7B49_4EE3_65702_20note.md.tex:707: Preview: Snippet 694 started.
<-><->
      
l.707 $
       \overline{q}=a-bi-cj-dk$
Not a real error.

./_9AD8_7B49_4EE3_65702_20note.md.tex:707: Preview: Snippet 694 ended.(455111+127431x5740231).
<-><->
      
l.707 $\overline{q}=a-bi-cj-dk$
                               
Not a real error.

[694]
./_9AD8_7B49_4EE3_65702_20note.md.tex:708: Preview: Snippet 695 started.
<-><->
      
l.708 $
       q \cdot N(q)^{-1}\overline{q}=N(q)^{-1}q\overline{q}=N(q)^{-1}N(q)=1$
Not a real error.

./_9AD8_7B49_4EE3_65702_20note.md.tex:708: Preview: Snippet 695 ended.(533465+163840x12492772).
<-><->
      
l.708 ...}=N(q)^{-1}q\overline{q}=N(q)^{-1}N(q)=1$
                                                  
Not a real error.

[695]
./_9AD8_7B49_4EE3_65702_20note.md.tex:709: Preview: Snippet 696 started.
<-><->
      
l.709 $
       D$
Not a real error.

./_9AD8_7B49_4EE3_65702_20note.md.tex:709: Preview: Snippet 696 ended.(447828+0x560788).
<-><->
      
l.709 $D$
         
Not a real error.

[696]
./_9AD8_7B49_4EE3_65702_20note.md.tex:710: Preview: Snippet 697 started.
<-><->
      
l.710 $
       \mathbb{R}$
Not a real error.

./_9AD8_7B49_4EE3_65702_20note.md.tex:710: Preview: Snippet 697 ended.(451470+0x473316).
<-><->
      
l.710 $\mathbb{R}$
                  
Not a real error.

[697]
./_9AD8_7B49_4EE3_65702_20note.md.tex:711: Preview: Snippet 698 started.
<-><->
      
l.711 $
       dim_\mathbb{R}D < \infty$
Not a real error.

./_9AD8_7B49_4EE3_65702_20note.md.tex:711: Preview: Snippet 698 ended.(455111+98303x3596341).
<-><->
      
l.711 $dim_\mathbb{R}D < \infty$
                                
Not a real error.

[698]
./_9AD8_7B49_4EE3_65702_20note.md.tex:712: Preview: Snippet 699 started.
<-><->
      
l.712 $
       D \simeq \mathbb{R},\mathbb{C},\mathbb{H}$
Not a real error.

./_9AD8_7B49_4EE3_65702_20note.md.tex:712: Preview: Snippet 699 ended.(451470+127431x3473490).
<-><->
      
l.712 $D \simeq \mathbb{R},\mathbb{C},\mathbb{H}$
                                                 
Not a real error.

[699]
./_9AD8_7B49_4EE3_65702_20note.md.tex:713: Preview: Snippet 700 started.
<-><->
      
l.713 $
       \mathbb{R}$
Not a real error.

./_9AD8_7B49_4EE3_65702_20note.md.tex:713: Preview: Snippet 700 ended.(451470+0x473316).
<-><->
      
l.713 $\mathbb{R}$
                  
Not a real error.

[700]
./_9AD8_7B49_4EE3_65702_20note.md.tex:714: Preview: Snippet 701 started.
<-><->
      
l.714 $
       \Phi:\mathbb{H} \hookrightarrow M_{2 \times 2} (\mathbb{C})$
Not a real error.

./_9AD8_7B49_4EE3_65702_20note.md.tex:714: Preview: Snippet 701 ended.(491520+163840x5205101).
<-><->
      
l.714 ...okrightarrow M_{2 \times 2} (\mathbb{C})$
                                                  
Not a real error.

[701]
./_9AD8_7B49_4EE3_65702_20note.md.tex:715: Preview: Snippet 702 started.
<-><->
      
l.715 $
       z+jw \mapsto \begin{pmatrix}z&-\overline{w}\\ w&\overline{z}\end{pmat...
Not a real error.

./_9AD8_7B49_4EE3_65702_20note.md.tex:715: Preview: Snippet 702 ended.(950279+622600x6051805).
<-><->
      
l.715 ...verline{w}\\ w&\overline{z}\end{pmatrix}$
                                                  
Not a real error.

[702]
./_9AD8_7B49_4EE3_65702_20note.md.tex:716: Preview: Snippet 703 started.
<-><->
      
l.716 $
       z,w \in \mathbb{C}$
Not a real error.

./_9AD8_7B49_4EE3_65702_20note.md.tex:716: Preview: Snippet 703 ended.(451470+127431x2385989).
<-><->
      
l.716 $z,w \in \mathbb{C}$
                          
Not a real error.

[703]
./_9AD8_7B49_4EE3_65702_20note.md.tex:717: Preview: Snippet 704 started.
<-><->
      
l.717 $
       \Phi(1)=id$
Not a real error.

./_9AD8_7B49_4EE3_65702_20note.md.tex:717: Preview: Snippet 704 ended.(491520+163840x2751415).
<-><->
      
l.717 $\Phi(1)=id$
                  
Not a real error.

[704]
./_9AD8_7B49_4EE3_65702_20note.md.tex:718: Preview: Snippet 705 started.
<-><->
      
l.718 $
       jw=\overline{w}j$
Not a real error.

./_9AD8_7B49_4EE3_65702_20note.md.tex:718: Preview: Snippet 705 ended.(432226+127431x2462234).
<-><->
      
l.718 $jw=\overline{w}j$
                        
Not a real error.

[705]
./_9AD8_7B49_4EE3_65702_20note.md.tex:719: Preview: Snippet 706 started.
<-><->
      
l.719 $
       \Phi(p_1p_2)=\Phi(p_1)\Phi(p_2)$
Not a real error.

./_9AD8_7B49_4EE3_65702_20note.md.tex:719: Preview: Snippet 706 ended.(491520+163840x6317856).
<-><->
      
l.719 $\Phi(p_1p_2)=\Phi(p_1)\Phi(p_2)$
                                       
Not a real error.

[706]
./_9AD8_7B49_4EE3_65702_20note.md.tex:720: Preview: Snippet 707 started.
<-><->
      
l.720 $
       Tr$
Not a real error.

./_9AD8_7B49_4EE3_65702_20note.md.tex:720: Preview: Snippet 707 ended.(447828+0x787875).
<-><->
      
l.720 $Tr$
          
Not a real error.

[707]
./_9AD8_7B49_4EE3_65702_20note.md.tex:721: Preview: Snippet 708 started.
<-><->
      
l.721 $
       \mathbb{H}$
Not a real error.

./_9AD8_7B49_4EE3_65702_20note.md.tex:721: Preview: Snippet 708 ended.(451470+0x509726).
<-><->
      
l.721 $\mathbb{H}$
                  
Not a real error.

[708]
./_9AD8_7B49_4EE3_65702_20note.md.tex:722: Preview: Snippet 709 started.
<-><->
      
l.722 $
       \leftrightarrow$
Not a real error.

./_9AD8_7B49_4EE3_65702_20note.md.tex:722: Preview: Snippet 709 ended.(240435+0x655361).
<-><->
      
l.722 $\leftrightarrow$
                       
Not a real error.

[709]
./_9AD8_7B49_4EE3_65702_20note.md.tex:723: Preview: Snippet 710 started.
<-><->
      
l.723 $
       Tr$
Not a real error.

./_9AD8_7B49_4EE3_65702_20note.md.tex:723: Preview: Snippet 710 ended.(447828+0x787875).
<-><->
      
l.723 $Tr$
          
Not a real error.

[710]
./_9AD8_7B49_4EE3_65702_20note.md.tex:724: Preview: Snippet 711 started.
<-><->
      
l.724 $
       M_{2 \times 2}(\mathbb{C})$
Not a real error.

./_9AD8_7B49_4EE3_65702_20note.md.tex:724: Preview: Snippet 711 ended.(491520+163840x2583672).
<-><->
      
l.724 $M_{2 \times 2}(\mathbb{C})$
                                  
Not a real error.

[711]
./_9AD8_7B49_4EE3_65702_20note.md.tex:725: Preview: Snippet 712 started.
<-><->
      
l.725 $
       N$
Not a real error.

./_9AD8_7B49_4EE3_65702_20note.md.tex:725: Preview: Snippet 712 ended.(447828+0x598014).
<-><->
      
l.725 $N$
         
Not a real error.

[712]
./_9AD8_7B49_4EE3_65702_20note.md.tex:726: Preview: Snippet 713 started.
<-><->
      
l.726 $
       \mathbb{H}$
Not a real error.

./_9AD8_7B49_4EE3_65702_20note.md.tex:726: Preview: Snippet 713 ended.(451470+0x509726).
<-><->
      
l.726 $\mathbb{H}$
                  
Not a real error.

[713]
./_9AD8_7B49_4EE3_65702_20note.md.tex:727: Preview: Snippet 714 started.
<-><->
      
l.727 $
       \leftrightarrow$
Not a real error.

./_9AD8_7B49_4EE3_65702_20note.md.tex:727: Preview: Snippet 714 ended.(240435+0x655361).
<-><->
      
l.727 $\leftrightarrow$
                       
Not a real error.

[714]
./_9AD8_7B49_4EE3_65702_20note.md.tex:728: Preview: Snippet 715 started.
<-><->
      
l.728 $
       det$
Not a real error.

./_9AD8_7B49_4EE3_65702_20note.md.tex:728: Preview: Snippet 715 ended.(455111+0x882917).
<-><->
      
l.728 $det$
           
Not a real error.

[715]
./_9AD8_7B49_4EE3_65702_20note.md.tex:729: Preview: Snippet 716 started.
<-><->
      
l.729 $
       M_{2 \times 2}(\mathbb{C})$
Not a real error.

./_9AD8_7B49_4EE3_65702_20note.md.tex:729: Preview: Snippet 716 ended.(491520+163840x2583672).
<-><->
      
l.729 $M_{2 \times 2}(\mathbb{C})$
                                  
Not a real error.

[716]
./_9AD8_7B49_4EE3_65702_20note.md.tex:730: Preview: Snippet 717 started.
<-><->
      
l.730 $
       \mathbb{R}^3$
Not a real error.

./_9AD8_7B49_4EE3_65702_20note.md.tex:730: Preview: Snippet 717 ended.(533465+0x767319).
<-><->
      
l.730 $\mathbb{R}^3$
                    
Not a real error.

[717]
./_9AD8_7B49_4EE3_65702_20note.md.tex:731: Preview: Snippet 718 started.
<-><->
      
l.731 $
       \mathbb{R}^3 \simeq \mathbb{H}_0:=\{q \in \mathbb{H}:\overline{q}=-q\...
Not a real error.

./_9AD8_7B49_4EE3_65702_20note.md.tex:731: Preview: Snippet 718 ended.(533465+163840x23113578).
<-><->
      
l.731 ...q)=0\}=\{ai+bj+ck:a,b,c \in \mathbb{R}\}$
                                                  
Not a real error.

[718]
./_9AD8_7B49_4EE3_65702_20note.md.tex:732: Preview: Snippet 719 started.
<-><->
      
l.732 $
       (a,b,c) \leftrightarrow ai+bj+ck=q$
Not a real error.

./_9AD8_7B49_4EE3_65702_20note.md.tex:732: Preview: Snippet 719 ended.(491520+163840x7621125).
<-><->
      
l.732 $(a,b,c) \leftrightarrow ai+bj+ck=q$
                                          
Not a real error.

[719]
./_9AD8_7B49_4EE3_65702_20note.md.tex:733: Preview: Snippet 720 started.
<-><->
      
l.733 $
       \mathbb{R}^3$
Not a real error.

./_9AD8_7B49_4EE3_65702_20note.md.tex:733: Preview: Snippet 720 ended.(533465+0x767319).
<-><->
      
l.733 $\mathbb{R}^3$
                    
Not a real error.

[720]
./_9AD8_7B49_4EE3_65702_20note.md.tex:734: Preview: Snippet 721 started.
<-><->
      
l.734 $
       \Vert q \Vert^2=N(q)$
Not a real error.

./_9AD8_7B49_4EE3_65702_20note.md.tex:734: Preview: Snippet 721 ended.(533465+163840x3563059).
<-><->
      
l.734 $\Vert q \Vert^2=N(q)$
                            
Not a real error.

[721]
./_9AD8_7B49_4EE3_65702_20note.md.tex:735: Preview: Snippet 722 started.
<-><->
      
l.735 $
       N(xqx^{-1})=N(q),\forall q \in \mathbb{H}$
Not a real error.

./_9AD8_7B49_4EE3_65702_20note.md.tex:735: Preview: Snippet 722 ended.(533465+163840x7456297).
<-><->
      
l.735 $N(xqx^{-1})=N(q),\forall q \in \mathbb{H}$
                                                 
Not a real error.

[722]
./_9AD8_7B49_4EE3_65702_20note.md.tex:736: Preview: Snippet 723 started.
<-><->
      
l.736 $
       R_x:q \mapsto xqx^{-1}$
Not a real error.

./_9AD8_7B49_4EE3_65702_20note.md.tex:736: Preview: Snippet 723 ended.(533465+127431x4477994).
<-><->
      
l.736 $R_x:q \mapsto xqx^{-1}$
                              
Not a real error.

[723]
./_9AD8_7B49_4EE3_65702_20note.md.tex:737: Preview: Snippet 724 started.
<-><->
      
l.737 $
       \mathbb{H}_0$
Not a real error.

./_9AD8_7B49_4EE3_65702_20note.md.tex:737: Preview: Snippet 724 ended.(451470+98303x803729).
<-><->
      
l.737 $\mathbb{H}_0$
                    
Not a real error.

[724]
./_9AD8_7B49_4EE3_65702_20note.md.tex:738: Preview: Snippet 725 started.
<-><->
      
l.738 $
       detR_x=1$
Not a real error.

./_9AD8_7B49_4EE3_65702_20note.md.tex:738: Preview: Snippet 725 ended.(455111+98303x2911968).
<-><->
      
l.738 $detR_x=1$
                
Not a real error.

[725]
./_9AD8_7B49_4EE3_65702_20note.md.tex:739: Preview: Snippet 726 started.
<-><->
      
l.739 $
       \mathbb{H}$
Not a real error.

./_9AD8_7B49_4EE3_65702_20note.md.tex:739: Preview: Snippet 726 ended.(451470+0x509726).
<-><->
      
l.739 $\mathbb{H}$
                  
Not a real error.

[726]
./_9AD8_7B49_4EE3_65702_20note.md.tex:740: Preview: Snippet 727 started.
<-><->
      
l.740 $
       \mathbb{R}^4$
Not a real error.

./_9AD8_7B49_4EE3_65702_20note.md.tex:740: Preview: Snippet 727 ended.(533465+0x767319).
<-><->
      
l.740 $\mathbb{R}^4$
                    
Not a real error.

[727]
./_9AD8_7B49_4EE3_65702_20note.md.tex:741: Preview: Snippet 728 started.
<-><->
      
l.741 $
       \mathbb{H}_0$
Not a real error.

./_9AD8_7B49_4EE3_65702_20note.md.tex:741: Preview: Snippet 728 ended.(451470+98303x803729).
<-><->
      
l.741 $\mathbb{H}_0$
                    
Not a real error.

[728]
./_9AD8_7B49_4EE3_65702_20note.md.tex:742: Preview: Snippet 729 started.
<-><->
      
l.742 $
       \mathbb{R}^3$
Not a real error.

./_9AD8_7B49_4EE3_65702_20note.md.tex:742: Preview: Snippet 729 ended.(533465+0x767319).
<-><->
      
l.742 $\mathbb{R}^3$
                    
Not a real error.

[729]
./_9AD8_7B49_4EE3_65702_20note.md.tex:743: Preview: Snippet 730 started.
<-><->
      
l.743 $
       R_x$
Not a real error.

./_9AD8_7B49_4EE3_65702_20note.md.tex:743: Preview: Snippet 730 ended.(447828+98303x827564).
<-><->
      
l.743 $R_x$
           
Not a real error.

[730]
./_9AD8_7B49_4EE3_65702_20note.md.tex:744: Preview: Snippet 731 started.
<-><->
      
l.744 $
       3 \times 3$
Not a real error.

./_9AD8_7B49_4EE3_65702_20note.md.tex:744: Preview: Snippet 731 ended.(422343+54613x1456352).
<-><->
      
l.744 $3 \times 3$
                  
Not a real error.

[731]
./_9AD8_7B49_4EE3_65702_20note.md.tex:745: Preview: Snippet 732 started.
<-><->
      
l.745 $
       detR_x=\pm1$
Not a real error.

./_9AD8_7B49_4EE3_65702_20note.md.tex:745: Preview: Snippet 732 ended.(455111+98303x3421694).
<-><->
      
l.745 $detR_x=\pm1$
                   
Not a real error.

[732]
./_9AD8_7B49_4EE3_65702_20note.md.tex:746: Preview: Snippet 733 started.
<-><->
      
l.746 $
       R_x$
Not a real error.

./_9AD8_7B49_4EE3_65702_20note.md.tex:746: Preview: Snippet 733 ended.(447828+98303x827564).
<-><->
      
l.746 $R_x$
           
Not a real error.

[733]
./_9AD8_7B49_4EE3_65702_20note.md.tex:747: Preview: Snippet 734 started.
<-><->
      
l.747 $
       x \in \mathbb{H}^\times \simeq \mathbb{R}^4-\{0\}$
Not a real error.

./_9AD8_7B49_4EE3_65702_20note.md.tex:747: Preview: Snippet 734 ended.(533465+163840x5552797).
<-><->
      
l.747 ...thbb{H}^\times \simeq \mathbb{R}^4-\{0\}$
                                                  
Not a real error.

[734]
./_9AD8_7B49_4EE3_65702_20note.md.tex:748: Preview: Snippet 735 started.
<-><->
      
l.748 $
       \mathbb{R}^4-\{0\} \rightarrow \{\pm 1\}$
Not a real error.

./_9AD8_7B49_4EE3_65702_20note.md.tex:748: Preview: Snippet 735 ended.(533465+163840x5063562).
<-><->
      
l.748 $\mathbb{R}^4-\{0\} \rightarrow \{\pm 1\}$
                                                
Not a real error.

[735]
./_9AD8_7B49_4EE3_65702_20note.md.tex:749: Preview: Snippet 736 started.
<-><->
      
l.749 $
       detR_1=1$
Not a real error.

./_9AD8_7B49_4EE3_65702_20note.md.tex:749: Preview: Snippet 736 ended.(455111+98303x2876015).
<-><->
      
l.749 $detR_1=1$
                
Not a real error.

[736]
./_9AD8_7B49_4EE3_65702_20note.md.tex:750: Preview: Snippet 737 started.
<-><->
      
l.750 $
       R_xR_y=R_{xy},R_1=id,R_{x^{-1}}=R_{x}^{-1},R_{tx}=R_x$
Not a real error.

./_9AD8_7B49_4EE3_65702_20note.md.tex:750: Preview: Snippet 737 ended.(533465+187504x12975234).
<-><->
      
l.750 ...,R_1=id,R_{x^{-1}}=R_{x}^{-1},R_{tx}=R_x$
                                                  
Not a real error.

[737]
./_9AD8_7B49_4EE3_65702_20note.md.tex:751: Preview: Snippet 738 started.
<-><->
      
l.751 $
       R_x$
Not a real error.

./_9AD8_7B49_4EE3_65702_20note.md.tex:751: Preview: Snippet 738 ended.(447828+98303x827564).
<-><->
      
l.751 $R_x$
           
Not a real error.

[738]
./_9AD8_7B49_4EE3_65702_20note.md.tex:752: Preview: Snippet 739 started.
<-><->
      
l.752 $
       \mathbb{R}^3$
Not a real error.

./_9AD8_7B49_4EE3_65702_20note.md.tex:752: Preview: Snippet 739 ended.(533465+0x767319).
<-><->
      
l.752 $\mathbb{R}^3$
                    
Not a real error.

[739]
./_9AD8_7B49_4EE3_65702_20note.md.tex:753: Preview: Snippet 740 started.
<-><->
      
l.753 $
       T$
Not a real error.

./_9AD8_7B49_4EE3_65702_20note.md.tex:753: Preview: Snippet 740 ended.(447828+0x473999).
<-><->
      
l.753 $T$
         
Not a real error.

[740]
./_9AD8_7B49_4EE3_65702_20note.md.tex:754: Preview: Snippet 741 started.
<-><->
      
l.754 $
       \mathbb{H}_0$
Not a real error.

./_9AD8_7B49_4EE3_65702_20note.md.tex:754: Preview: Snippet 741 ended.(451470+98303x803729).
<-><->
      
l.754 $\mathbb{H}_0$
                    
Not a real error.

[741]
./_9AD8_7B49_4EE3_65702_20note.md.tex:755: Preview: Snippet 742 started.
<-><->
      
l.755 $
       \exists x \in \mathbb{H},N(x)=1$
Not a real error.

./_9AD8_7B49_4EE3_65702_20note.md.tex:755: Preview: Snippet 742 ended.(491520+163840x5024412).
<-><->
      
l.755 $\exists x \in \mathbb{H},N(x)=1$
                                       
Not a real error.

[742]
./_9AD8_7B49_4EE3_65702_20note.md.tex:756: Preview: Snippet 743 started.
<-><->
      
l.756 $
       T=R_x$
Not a real error.

./_9AD8_7B49_4EE3_65702_20note.md.tex:756: Preview: Snippet 743 ended.(447828+98303x2175369).
<-><->
      
l.756 $T=R_x$
             
Not a real error.

[743]
./_9AD8_7B49_4EE3_65702_20note.md.tex:757: Preview: Snippet 744 started.
<-><->
      
l.757 $
       \mathbb{H}_0$
Not a real error.

./_9AD8_7B49_4EE3_65702_20note.md.tex:757: Preview: Snippet 744 ended.(451470+98303x803729).
<-><->
      
l.757 $\mathbb{H}_0$
                    
Not a real error.

[744]
./_9AD8_7B49_4EE3_65702_20note.md.tex:758: Preview: Snippet 745 started.
<-><->
      
l.758 $
       \mathbb{R}^3$
Not a real error.

./_9AD8_7B49_4EE3_65702_20note.md.tex:758: Preview: Snippet 745 ended.(533465+0x767319).
<-><->
      
l.758 $\mathbb{R}^3$
                    
Not a real error.

[745]
./_9AD8_7B49_4EE3_65702_20note.md.tex:759: Preview: Snippet 746 started.
<-><->
      
l.759 $
       \exists \phi,\theta,\psi \in \mathbb{R}$
Not a real error.

./_9AD8_7B49_4EE3_65702_20note.md.tex:759: Preview: Snippet 746 ended.(455111+127431x3387687).
<-><->
      
l.759 $\exists \phi,\theta,\psi \in \mathbb{R}$
                                               
Not a real error.

[746]
./_9AD8_7B49_4EE3_65702_20note.md.tex:760: Preview: Snippet 747 started.
<-><->
      
l.760 $
       T=R_{e_1}(\psi)R_{e_2}(\theta)R_{e_3}(\phi)$
Not a real error.

./_9AD8_7B49_4EE3_65702_20note.md.tex:760: Preview: Snippet 747 ended.(491520+163840x7148147).
<-><->
      
l.760 ..._{e_1}(\psi)R_{e_2}(\theta)R_{e_3}(\phi)$
                                                  
Not a real error.

[747]
./_9AD8_7B49_4EE3_65702_20note.md.tex:761: Preview: Snippet 748 started.
<-><->
      
l.761 $
       T=R_{e_l}(\psi)$
Not a real error.

./_9AD8_7B49_4EE3_65702_20note.md.tex:761: Preview: Snippet 748 ended.(491520+167844x3277129).
<-><->
      
l.761 $T=R_{e_l}(\psi)$
                       
Not a real error.

[748]
./_9AD8_7B49_4EE3_65702_20note.md.tex:762: Preview: Snippet 749 started.
<-><->
      
l.762 $
       x=\cos \theta + \sin \theta \cdot i \in \mathbb{H}^{\times}$
Not a real error.

./_9AD8_7B49_4EE3_65702_20note.md.tex:762: Preview: Snippet 749 ended.(521815+54613x7053785).
<-><->
      
l.762 ...n \theta \cdot i \in \mathbb{H}^{\times}$
                                                  
Not a real error.

[749]
./_9AD8_7B49_4EE3_65702_20note.md.tex:763: Preview: Snippet 750 started.
<-><->
      
l.763 $
       N(x)=1$
Not a real error.

./_9AD8_7B49_4EE3_65702_20note.md.tex:763: Preview: Snippet 750 ended.(491520+163840x2683783).
<-><->
      
l.763 $N(x)=1$
              
Not a real error.

[750]
./_9AD8_7B49_4EE3_65702_20note.md.tex:764: Preview: Snippet 751 started.
<-><->
      
l.764 $
       x^{-1}=\cos\theta-\sin\theta \cdot i$
Not a real error.

./_9AD8_7B49_4EE3_65702_20note.md.tex:764: Preview: Snippet 751 ended.(533465+54613x6004306).
<-><->
      
l.764 $x^{-1}=\cos\theta-\sin\theta \cdot i$
                                            
Not a real error.

[751]
./_9AD8_7B49_4EE3_65702_20note.md.tex:765: Preview: Snippet 752 started.
<-><->
      
l.765 $
       xix^{-1}=i,\ xjx^{-1}=\cos2\theta \cdot j+\sin2\theta \cdot k,\ xkx^{...
Not a real error.

./_9AD8_7B49_4EE3_65702_20note.md.tex:765: Preview: Snippet 752 ended.(533465+127431x20987506).
<-><->
      
l.765 ...-\sin2\theta \cdot j+\cos2\theta \cdot k$
                                                  
Not a real error.

[752]
./_9AD8_7B49_4EE3_65702_20note.md.tex:766: Preview: Snippet 753 started.
<-><->
      
l.766 $
       R_x$
Not a real error.

./_9AD8_7B49_4EE3_65702_20note.md.tex:766: Preview: Snippet 753 ended.(447828+98303x827564).
<-><->
      
l.766 $R_x$
           
Not a real error.

[753]
./_9AD8_7B49_4EE3_65702_20note.md.tex:767: Preview: Snippet 754 started.
<-><->
      
l.767 $
       \begin{pmatrix}1&\\&R(2\theta)\end{pmatrix}$
Not a real error.

./_9AD8_7B49_4EE3_65702_20note.md.tex:767: Preview: Snippet 754 ended.(950279+622600x3613819).
<-><->
      
l.767 ...gin{pmatrix}1&\\&R(2\theta)\end{pmatrix}$
                                                  
Not a real error.

[754]
./_9AD8_7B49_4EE3_65702_20note.md.tex:768: Preview: Snippet 755 started.
<-><->
      
l.768 $
       R_x=R_y$
Not a real error.

./_9AD8_7B49_4EE3_65702_20note.md.tex:768: Preview: Snippet 755 ended.(447828+187504x2513993).
<-><->
      
l.768 $R_x=R_y$
               
Not a real error.

[755]
./_9AD8_7B49_4EE3_65702_20note.md.tex:769: Preview: Snippet 756 started.
<-><->
      
l.769 $
       R_{xy^{-1}}=R_xR_y^{-1}=id$
Not a real error.

./_9AD8_7B49_4EE3_65702_20note.md.tex:769: Preview: Snippet 756 ended.(533465+251217x6068915).
<-><->
      
l.769 $R_{xy^{-1}}=R_xR_y^{-1}=id$
                                  
Not a real error.

[756]
./_9AD8_7B49_4EE3_65702_20note.md.tex:770: Preview: Snippet 757 started.
<-><->
      
l.770 $
       R_x=id,N(x)=1$
Not a real error.

./_9AD8_7B49_4EE3_65702_20note.md.tex:770: Preview: Snippet 757 ended.(491520+163840x5243308).
<-><->
      
l.770 $R_x=id,N(x)=1$
                     
Not a real error.

[757]
./_9AD8_7B49_4EE3_65702_20note.md.tex:771: Preview: Snippet 758 started.
<-><->
      
l.771 $
       x=\pm 1$
Not a real error.

./_9AD8_7B49_4EE3_65702_20note.md.tex:771: Preview: Snippet 758 ended.(422343+54613x2085769).
<-><->
      
l.771 $x=\pm 1$
               
Not a real error.

[758]
./_9AD8_7B49_4EE3_65702_20note.md.tex:772: Preview: Snippet 759 started.
<-><->
      
l.772 $
       R_x=id$
Not a real error.

./_9AD8_7B49_4EE3_65702_20note.md.tex:772: Preview: Snippet 759 ended.(455111+98303x2268256).
<-><->
      
l.772 $R_x=id$
              
Not a real error.

[759]
./_9AD8_7B49_4EE3_65702_20note.md.tex:773: Preview: Snippet 760 started.
<-><->
      
l.773 $
       \Rightarrow$
Not a real error.

./_9AD8_7B49_4EE3_65702_20note.md.tex:773: Preview: Snippet 760 ended.(240435+0x655361).
<-><->
      
l.773 $\Rightarrow$
                   
Not a real error.

[760]
./_9AD8_7B49_4EE3_65702_20note.md.tex:774: Preview: Snippet 761 started.
<-><->
      
l.774 $
       xqx^{-1}=q$
Not a real error.

./_9AD8_7B49_4EE3_65702_20note.md.tex:774: Preview: Snippet 761 ended.(533465+127431x2958670).
<-><->
      
l.774 $xqx^{-1}=q$
                  
Not a real error.

[761]
./_9AD8_7B49_4EE3_65702_20note.md.tex:775: Preview: Snippet 762 started.
<-><->
      
l.775 $
       q \in \mathbb{H}_0$
Not a real error.

./_9AD8_7B49_4EE3_65702_20note.md.tex:775: Preview: Snippet 762 ended.(451470+127431x1920791).
<-><->
      
l.775 $q \in \mathbb{H}_0$
                          
Not a real error.

[762]
./_9AD8_7B49_4EE3_65702_20note.md.tex:776: Preview: Snippet 763 started.
<-><->
      
l.776 $
       xqx^{-1}=q$
Not a real error.

./_9AD8_7B49_4EE3_65702_20note.md.tex:776: Preview: Snippet 763 ended.(533465+127431x2958670).
<-><->
      
l.776 $xqx^{-1}=q$
                  
Not a real error.

[763]
./_9AD8_7B49_4EE3_65702_20note.md.tex:777: Preview: Snippet 764 started.
<-><->
      
l.777 $
       q \in \mathbb{H}$
Not a real error.

./_9AD8_7B49_4EE3_65702_20note.md.tex:777: Preview: Snippet 764 ended.(451470+127431x1626788).
<-><->
      
l.777 $q \in \mathbb{H}$
                        
Not a real error.

[764]
./_9AD8_7B49_4EE3_65702_20note.md.tex:778: Preview: Snippet 765 started.
<-><->
      
l.778 $
       x \in Z(\mathbb{H})$
Not a real error.

./_9AD8_7B49_4EE3_65702_20note.md.tex:778: Preview: Snippet 765 ended.(491520+163840x2689247).
<-><->
      
l.778 $x \in Z(\mathbb{H})$
                           
Not a real error.

[765]
./_9AD8_7B49_4EE3_65702_20note.md.tex:779: Preview: Snippet 766 started.
<-><->
      
l.779 $
       x=\pm 1$
Not a real error.

./_9AD8_7B49_4EE3_65702_20note.md.tex:779: Preview: Snippet 766 ended.(422343+54613x2085769).
<-><->
      
l.779 $x=\pm 1$
               
Not a real error.

[766]
./_9AD8_7B49_4EE3_65702_20note.md.tex:780: Preview: Snippet 767 started.
<-><->
      
l.780 $
       u \in \mathbb{H}_0$
Not a real error.

./_9AD8_7B49_4EE3_65702_20note.md.tex:780: Preview: Snippet 767 ended.(451470+98303x1979883).
<-><->
      
l.780 $u \in \mathbb{H}_0$
                          
Not a real error.

[767]
./_9AD8_7B49_4EE3_65702_20note.md.tex:781: Preview: Snippet 768 started.
<-><->
      
l.781 $
       N(u)=1$
Not a real error.

./_9AD8_7B49_4EE3_65702_20note.md.tex:781: Preview: Snippet 768 ended.(491520+163840x2684393).
<-><->
      
l.781 $N(u)=1$
              
Not a real error.

[768]
./_9AD8_7B49_4EE3_65702_20note.md.tex:782: Preview: Snippet 769 started.
<-><->
      
l.782 $
       \theta \in \mathbb{R}$
Not a real error.

./_9AD8_7B49_4EE3_65702_20note.md.tex:782: Preview: Snippet 769 ended.(455111+25623x1600164).
<-><->
      
l.782 $\theta \in \mathbb{R}$
                             
Not a real error.

[769]
./_9AD8_7B49_4EE3_65702_20note.md.tex:783: Preview: Snippet 770 started.
<-><->
      
l.783 $
       R_u(\theta)$
Not a real error.

./_9AD8_7B49_4EE3_65702_20note.md.tex:783: Preview: Snippet 770 ended.(491520+163840x1675820).
<-><->
      
l.783 $R_u(\theta)$
                   
Not a real error.

[770]
./_9AD8_7B49_4EE3_65702_20note.md.tex:784: Preview: Snippet 771 started.
<-><->
      
l.784 $
       u$
Not a real error.

./_9AD8_7B49_4EE3_65702_20note.md.tex:784: Preview: Snippet 771 ended.(282168+0x375166).
<-><->
      
l.784 $u$
         
Not a real error.

[771]
./_9AD8_7B49_4EE3_65702_20note.md.tex:785: Preview: Snippet 772 started.
<-><->
      
l.785 $
       \theta$
Not a real error.

./_9AD8_7B49_4EE3_65702_20note.md.tex:785: Preview: Snippet 772 ended.(455111+0x325860).
<-><->
      
l.785 $\theta$
              
Not a real error.

[772]
./_9AD8_7B49_4EE3_65702_20note.md.tex:786: Preview: Snippet 773 started.
<-><->
      
l.786 $
       R_x$
Not a real error.

./_9AD8_7B49_4EE3_65702_20note.md.tex:786: Preview: Snippet 773 ended.(447828+98303x827564).
<-><->
      
l.786 $R_x$
           
Not a real error.

[773]
./_9AD8_7B49_4EE3_65702_20note.md.tex:787: Preview: Snippet 774 started.
<-><->
      
l.787 $
       x=\cos\frac{\theta}{2}+\sin\frac{\theta}{2}u$
Not a real error.

./_9AD8_7B49_4EE3_65702_20note.md.tex:787: Preview: Snippet 774 ended.(576613+225995x5167101).
<-><->
      
l.787 ...os\frac{\theta}{2}+\sin\frac{\theta}{2}u$
                                                  
Not a real error.

[774]
./_9AD8_7B49_4EE3_65702_20note.md.tex:788: Preview: Snippet 775 started.
<-><->
      
l.788 $
       \overline{u}=-u$
Not a real error.

./_9AD8_7B49_4EE3_65702_20note.md.tex:788: Preview: Snippet 775 ended.(413233+54613x2133864).
<-><->
      
l.788 $\overline{u}=-u$
                       
Not a real error.

[775]
./_9AD8_7B49_4EE3_65702_20note.md.tex:789: Preview: Snippet 776 started.
<-><->
      
l.789 $
       N(x)=\cos^2\frac{\theta}{2}-\sin^2\frac{\theta}{2}u^2$
Not a real error.

./_9AD8_7B49_4EE3_65702_20note.md.tex:789: Preview: Snippet 776 ended.(576613+225995x7156850).
<-><->
      
l.789 ...rac{\theta}{2}-\sin^2\frac{\theta}{2}u^2$
                                                  
Not a real error.

[776]
./_9AD8_7B49_4EE3_65702_20note.md.tex:790: Preview: Snippet 777 started.
<-><->
      
l.790 $
       1=u\overline{u}=-u^2$
Not a real error.

./_9AD8_7B49_4EE3_65702_20note.md.tex:790: Preview: Snippet 777 ended.(533465+54613x4004520).
<-><->
      
l.790 $1=u\overline{u}=-u^2$
                            
Not a real error.

[777]
./_9AD8_7B49_4EE3_65702_20note.md.tex:791: Preview: Snippet 778 started.
<-><->
      
l.791 $
       N(x)=1$
Not a real error.

./_9AD8_7B49_4EE3_65702_20note.md.tex:791: Preview: Snippet 778 ended.(491520+163840x2683783).
<-><->
      
l.791 $N(x)=1$
              
Not a real error.

[778]
./_9AD8_7B49_4EE3_65702_20note.md.tex:792: Preview: Snippet 779 started.
<-><->
      
l.792 $
       u=i$
Not a real error.

./_9AD8_7B49_4EE3_65702_20note.md.tex:792: Preview: Snippet 779 ended.(432226+0x1474752).
<-><->
      
l.792 $u=i$
           
Not a real error.

[779]
./_9AD8_7B49_4EE3_65702_20note.md.tex:793: Preview: Snippet 780 started.
<-><->
      
l.793 $
       R_u(\theta)=R_x$
Not a real error.

./_9AD8_7B49_4EE3_65702_20note.md.tex:793: Preview: Snippet 780 ended.(491520+163840x3377190).
<-><->
      
l.793 $R_u(\theta)=R_x$
                       
Not a real error.

[780]
./_9AD8_7B49_4EE3_65702_20note.md.tex:794: Preview: Snippet 781 started.
<-><->
      
l.794 $
       P$
Not a real error.

./_9AD8_7B49_4EE3_65702_20note.md.tex:794: Preview: Snippet 781 ended.(447828+0x511773).
<-><->
      
l.794 $P$
         
Not a real error.

[781]
./_9AD8_7B49_4EE3_65702_20note.md.tex:795: Preview: Snippet 782 started.
<-><->
      
l.795 $
       \mathbb{H}_0 \simeq \mathbb{R}^3$
Not a real error.

./_9AD8_7B49_4EE3_65702_20note.md.tex:795: Preview: Snippet 782 ended.(533465+98303x2444854).
<-><->
      
l.795 $\mathbb{H}_0 \simeq \mathbb{R}^3$
                                        
Not a real error.

[782]
./_9AD8_7B49_4EE3_65702_20note.md.tex:796: Preview: Snippet 783 started.
<-><->
      
l.796 $
       P(i)=u$
Not a real error.

./_9AD8_7B49_4EE3_65702_20note.md.tex:796: Preview: Snippet 783 ended.(491520+163840x2496251).
<-><->
      
l.796 $P(i)=u$
              
Not a real error.

[783]
./_9AD8_7B49_4EE3_65702_20note.md.tex:797: Preview: Snippet 784 started.
<-><->
      
l.797 $
       R_u(\theta)=PR_i(\theta)P^{-1}=R_yR_i(\theta)R_{y^{-1}}=R_x$
Not a real error.

./_9AD8_7B49_4EE3_65702_20note.md.tex:797: Preview: Snippet 784 ended.(533465+212993x12190729).
<-><->
      
l.797 ...heta)P^{-1}=R_yR_i(\theta)R_{y^{-1}}=R_x$
                                                  
Not a real error.

[784]
./_9AD8_7B49_4EE3_65702_20note.md.tex:798: Preview: Snippet 785 started.
<-><->
      
l.798 $
       x=y(\cos\frac{\theta}{2}+\sin\frac{\theta}{2}i)y^{-1}=\cos\frac{\thet...
Not a real error.

./_9AD8_7B49_4EE3_65702_20note.md.tex:798: Preview: Snippet 785 ended.(576613+225995x11713238).
<-><->
      
l.798 ...os\frac{\theta}{2}+\sin\frac{\theta}{2}u$
                                                  
Not a real error.

[785]
./_9AD8_7B49_4EE3_65702_20note.md.tex:799: Preview: Snippet 786 started.
<-><->
      
l.799 $
       \{1 \in \mathbb{H}^\times,\, N(x)=1\} \twoheadrightarrow \{\text{rota...
Not a real error.

./_9AD8_7B49_4EE3_65702_20note.md.tex:799: Undefined control sequence.
l.799 ...{H}^\times,\, N(x)=1\} \twoheadrightarrow
                                                   \{\text{rotation in } \ma...
The control sequence at the end of the top line
of your error message was never \def'ed. If you have
misspelled it (e.g., `\hobx'), type `I' and the correct
spelling (e.g., `I\hbox'). Otherwise just continue,
and I'll forget about whatever was undefined.

./_9AD8_7B49_4EE3_65702_20note.md.tex:799: Preview: Snippet 786 ended.(533465+163840x12198438).
<-><->
      
l.799 ... in } \mathbb{H}_0 \simeq \mathbb{R}^3\}$
                                                  
Not a real error.

[786]
./_9AD8_7B49_4EE3_65702_20note.md.tex:800: Preview: Snippet 787 started.
<-><->
      
l.800 $
       R_u(\theta)=R_x$
Not a real error.

./_9AD8_7B49_4EE3_65702_20note.md.tex:800: Preview: Snippet 787 ended.(491520+163840x3377190).
<-><->
      
l.800 $R_u(\theta)=R_x$
                       
Not a real error.

[787]
./_9AD8_7B49_4EE3_65702_20note.md.tex:801: Preview: Snippet 788 started.
<-><->
      
l.801 $
       \psi:=\frac{\theta}{2}$
Not a real error.

./_9AD8_7B49_4EE3_65702_20note.md.tex:801: Preview: Snippet 788 ended.(576613+225995x1927281).
<-><->
      
l.801 $\psi:=\frac{\theta}{2}$
                              
Not a real error.

[788]
./_9AD8_7B49_4EE3_65702_20note.md.tex:802: Preview: Snippet 789 started.
<-><->
      
l.802 $
       x=e^{\psi u}=\sum_{n=0}^{\infty}\frac{\psi^nu^n}{n!}=\cos\psi+\sin\ps...
Not a real error.

./_9AD8_7B49_4EE3_65702_20note.md.tex:802: Preview: Snippet 789 ended.(631219+225995x11278986).
<-><->
      
l.802 ...\frac{\psi^nu^n}{n!}=\cos\psi+\sin\psi u$
                                                  
Not a real error.

[789]
./_9AD8_7B49_4EE3_65702_20note.md.tex:803: Preview: Snippet 790 started.
<-><->
      
l.803 $
       e^{i\psi}=\cos\psi+\sin\psi i$
Not a real error.

./_9AD8_7B49_4EE3_65702_20note.md.tex:803: Preview: Snippet 790 ended.(556402+127431x5588533).
<-><->
      
l.803 $e^{i\psi}=\cos\psi+\sin\psi i$
                                     
Not a real error.

[790]
./_9AD8_7B49_4EE3_65702_20note.md.tex:804: Preview: Snippet 791 started.
<-><->
      
l.804 $
       R$
Not a real error.

./_9AD8_7B49_4EE3_65702_20note.md.tex:804: Preview: Snippet 791 ended.(447828+0x502671).
<-><->
      
l.804 $R$
         
Not a real error.

[791]
./_9AD8_7B49_4EE3_65702_20note.md.tex:805: Preview: Snippet 792 started.
<-><->
      
l.805 $
       \cdot$
Not a real error.

./_9AD8_7B49_4EE3_65702_20note.md.tex:805: Preview: Snippet 792 ended.(291271+0x182045).
<-><->
      
l.805 $\cdot$
             
Not a real error.

[792]
./_9AD8_7B49_4EE3_65702_20note.md.tex:806: Preview: Snippet 793 started.
<-><->
      
l.806 $
       \neq \{0\}$
Not a real error.

./_9AD8_7B49_4EE3_65702_20note.md.tex:806: Preview: Snippet 793 ended.(491520+163840x1674809).
<-><->
      
l.806 $\neq \{0\}$
                  
Not a real error.

[793]
./_9AD8_7B49_4EE3_65702_20note.md.tex:807: Preview: Snippet 794 started.
<-><->
      
l.807 $
       R^{\times}=R-\{0\}$
Not a real error.

./_9AD8_7B49_4EE3_65702_20note.md.tex:807: Preview: Snippet 794 ended.(521815+163840x4105550).
<-><->
      
l.807 $R^{\times}=R-\{0\}$
                          
Not a real error.

[794]
./_9AD8_7B49_4EE3_65702_20note.md.tex:808: Preview: Snippet 795 started.
<-><->
      
l.808 $
       F$
Not a real error.

./_9AD8_7B49_4EE3_65702_20note.md.tex:808: Preview: Snippet 795 ended.(447828+0x512456).
<-><->
      
l.808 $F$
         
Not a real error.

[795]
./_9AD8_7B49_4EE3_65702_20note.md.tex:809: Preview: Snippet 796 started.
<-><->
      
l.809 $
       n \in \mathbb{Z}_{\geq 1}$
Not a real error.

./_9AD8_7B49_4EE3_65702_20note.md.tex:809: Preview: Snippet 796 ended.(451470+183387x2334870).
<-><->
      
l.809 $n \in \mathbb{Z}_{\geq 1}$
                                 
Not a real error.

[796]
./_9AD8_7B49_4EE3_65702_20note.md.tex:810: Preview: Snippet 797 started.
<-><->
      
l.810 $
       S_n$
Not a real error.

./_9AD8_7B49_4EE3_65702_20note.md.tex:810: Preview: Snippet 797 ended.(447828+98303x758597).
<-><->
      
l.810 $S_n$
           
Not a real error.

[797]
./_9AD8_7B49_4EE3_65702_20note.md.tex:811: Preview: Snippet 798 started.
<-><->
      
l.811 $
       \forall f \in F[x_1, \cdots,x_n], \forall \sigma \in S_n$
Not a real error.

./_9AD8_7B49_4EE3_65702_20note.md.tex:811: Preview: Snippet 798 ended.(491520+163840x8011378).
<-><->
      
l.811 ...x_1, \cdots,x_n], \forall \sigma \in S_n$
                                                  
Not a real error.

[798]
./_9AD8_7B49_4EE3_65702_20note.md.tex:812: Preview: Snippet 799 started.
<-><->
      
l.812 $
       (\sigma f):=f(x_{\sigma(1)},\cdots,x_{\sigma(n)}) \in F[x_1,\cdots,x_n]$
Not a real error.

./_9AD8_7B49_4EE3_65702_20note.md.tex:812: Preview: Snippet 799 ended.(491520+233018x12323967).
<-><->
      
l.812 ...ots,x_{\sigma(n)}) \in F[x_1,\cdots,x_n]$
                                                  
Not a real error.

[799]
./_9AD8_7B49_4EE3_65702_20note.md.tex:813: Preview: Snippet 800 started.
<-><->
      
l.813 $
       idF=F,(\sigma\tau) f=\sigma(\tau f)$
Not a real error.

./_9AD8_7B49_4EE3_65702_20note.md.tex:813: Preview: Snippet 800 ended.(491520+163840x6877448).
<-><->
      
l.813 $idF=F,(\sigma\tau) f=\sigma(\tau f)$
                                           
Not a real error.

[800]
./_9AD8_7B49_4EE3_65702_20note.md.tex:814: Preview: Snippet 801 started.
<-><->
      
l.814 $
       f \in F[x_1,\cdots,x_n]$
Not a real error.

./_9AD8_7B49_4EE3_65702_20note.md.tex:814: Preview: Snippet 801 ended.(491520+163840x5034350).
<-><->
      
l.814 $f \in F[x_1,\cdots,x_n]$
                               
Not a real error.

[801]
./_9AD8_7B49_4EE3_65702_20note.md.tex:815: Preview: Snippet 802 started.
<-><->
      
l.815 $
       \forall \sigma \in S_n$
Not a real error.

./_9AD8_7B49_4EE3_65702_20note.md.tex:815: Preview: Snippet 802 ended.(455111+98303x2321669).
<-><->
      
l.815 $\forall \sigma \in S_n$
                              
Not a real error.

[802]
./_9AD8_7B49_4EE3_65702_20note.md.tex:816: Preview: Snippet 803 started.
<-><->
      
l.816 $
       \sigma f=f$
Not a real error.

./_9AD8_7B49_4EE3_65702_20note.md.tex:816: Preview: Snippet 803 ended.(455111+127431x2054596).
<-><->
      
l.816 $\sigma f=f$
                  
Not a real error.

[803]
./_9AD8_7B49_4EE3_65702_20note.md.tex:817: Preview: Snippet 804 started.
<-><->
      
l.817 $
       f$
Not a real error.

./_9AD8_7B49_4EE3_65702_20note.md.tex:817: Preview: Snippet 804 ended.(455111+127431x391398).
<-><->
      
l.817 $f$
         
Not a real error.

[804]
./_9AD8_7B49_4EE3_65702_20note.md.tex:818: Preview: Snippet 805 started.
<-><->
      
l.818 $
       F$
Not a real error.

./_9AD8_7B49_4EE3_65702_20note.md.tex:818: Preview: Snippet 805 ended.(447828+0x512456).
<-><->
      
l.818 $F$
         
Not a real error.

[805]
./_9AD8_7B49_4EE3_65702_20note.md.tex:819: Preview: Snippet 806 started.
<-><->
      
l.819 $
       F[x_1, \cdots, x_n]^{S_n}:=\{symmetric \ f\}$
Not a real error.

./_9AD8_7B49_4EE3_65702_20note.md.tex:819: Preview: Snippet 806 ended.(551306+163840x10006874).
<-><->
      
l.819 ...1, \cdots, x_n]^{S_n}:=\{symmetric \ f\}$
                                                  
Not a real error.

[806]
./_9AD8_7B49_4EE3_65702_20note.md.tex:820: Preview: Snippet 807 started.
<-><->
      
l.820 $
       F[x_1,\cdots,x_n]$
Not a real error.

./_9AD8_7B49_4EE3_65702_20note.md.tex:820: Preview: Snippet 807 ended.(491520+163840x3841964).
<-><->
      
l.820 $F[x_1,\cdots,x_n]$
                         
Not a real error.

[807]
./_9AD8_7B49_4EE3_65702_20note.md.tex:821: Preview: Snippet 808 started.
<-><->
      
l.821 $
       e_k:=\sum\limits_{1 \leq i_1 < \cdots < i_k \leq n}x_{i_1} \cdots x_{...
Not a real error.

./_9AD8_7B49_4EE3_65702_20note.md.tex:821: Preview: Snippet 808 ended.(491524+738150x11627855).
<-><->
      
l.821 ...} \cdots x_{i_n},\forall 1 \leq k \leq n$
                                                  
Not a real error.

[808]
./_9AD8_7B49_4EE3_65702_20note.md.tex:822: Preview: Snippet 809 started.
<-><->
      
l.822 $
       e_1=\sum_i x_i$
Not a real error.

./_9AD8_7B49_4EE3_65702_20note.md.tex:822: Preview: Snippet 809 ended.(491524+196611x3084889).
<-><->
      
l.822 $e_1=\sum_i x_i$
                      
Not a real error.

[809]
./_9AD8_7B49_4EE3_65702_20note.md.tex:823: Preview: Snippet 810 started.
<-><->
      
l.823 $
       e_n=\prod_ix_i$
Not a real error.

./_9AD8_7B49_4EE3_65702_20note.md.tex:823: Preview: Snippet 810 ended.(491524+196611x3074802).
<-><->
      
l.823 $e_n=\prod_ix_i$
                      
Not a real error.

[810]
./_9AD8_7B49_4EE3_65702_20note.md.tex:824: Preview: Snippet 811 started.
<-><->
      
l.824 $
       e_0=1$
Not a real error.

./_9AD8_7B49_4EE3_65702_20note.md.tex:824: Preview: Snippet 811 ended.(422343+98303x1800643).
<-><->
      
l.824 $e_0=1$
             
Not a real error.

[811]
./_9AD8_7B49_4EE3_65702_20note.md.tex:825: Preview: Snippet 812 started.
<-><->
      
l.825 $
       (y+x_1) \cdots (y+x_n)=\sum_ie_iy^i$
Not a real error.

./_9AD8_7B49_4EE3_65702_20note.md.tex:825: Preview: Snippet 812 ended.(541383+196611x8673302).
<-><->
      
l.825 $(y+x_1) \cdots (y+x_n)=\sum_ie_iy^i$
                                           
Not a real error.

[812]
./_9AD8_7B49_4EE3_65702_20note.md.tex:826: Preview: Snippet 813 started.
<-><->
      
l.826 $
       \forall f\in F[x_1,\cdots,x_n]^{S_n}, \exists g \in F[x_1,\cdots,x_n]$
Not a real error.

./_9AD8_7B49_4EE3_65702_20note.md.tex:826: Preview: Snippet 813 ended.(551306+163840x11708817).
<-><->
      
l.826 ...]^{S_n}, \exists g \in F[x_1,\cdots,x_n]$
                                                  
Not a real error.

[813]
./_9AD8_7B49_4EE3_65702_20note.md.tex:827: Preview: Snippet 814 started.
<-><->
      
l.827 $
       f=g(e_1,\cdots,e_n)$
Not a real error.

./_9AD8_7B49_4EE3_65702_20note.md.tex:827: Preview: Snippet 814 ended.(491520+163840x4937641).
<-><->
      
l.827 $f=g(e_1,\cdots,e_n)$
                           
Not a real error.

[814]
./_9AD8_7B49_4EE3_65702_20note.md.tex:828: Preview: Snippet 815 started.
<-><->
      
l.828 $
       f \in F[x_1,\cdots,x_n]$
Not a real error.

./_9AD8_7B49_4EE3_65702_20note.md.tex:828: Preview: Snippet 815 ended.(491520+163840x5034350).
<-><->
      
l.828 $f \in F[x_1,\cdots,x_n]$
                               
Not a real error.

[815]
./_9AD8_7B49_4EE3_65702_20note.md.tex:829: Preview: Snippet 816 started.
<-><->
      
l.829 $
       f=\sum_df_d$
Not a real error.

./_9AD8_7B49_4EE3_65702_20note.md.tex:829: Preview: Snippet 816 ended.(491524+196611x2998226).
<-><->
      
l.829 $f=\sum_df_d$
                   
Not a real error.

[816]
./_9AD8_7B49_4EE3_65702_20note.md.tex:830: Preview: Snippet 817 started.
<-><->
      
l.830 $
       f_d:=\sum\limits_{i_1+\cdots+i_n=d}x_1^{i_1}\cdots x_n^{i_n}$
Not a real error.

./_9AD8_7B49_4EE3_65702_20note.md.tex:830: Preview: Snippet 817 ended.(594828+722719x7431925).
<-><->
      
l.830 ...1+\cdots+i_n=d}x_1^{i_1}\cdots x_n^{i_n}$
                                                  
Not a real error.

[817]
./_9AD8_7B49_4EE3_65702_20note.md.tex:831: Preview: Snippet 818 started.
<-><->
      
l.831 $
       f$
Not a real error.

./_9AD8_7B49_4EE3_65702_20note.md.tex:831: Preview: Snippet 818 ended.(455111+127431x391398).
<-><->
      
l.831 $f$
         
Not a real error.

[818]
./_9AD8_7B49_4EE3_65702_20note.md.tex:832: Preview: Snippet 819 started.
<-><->
      
l.832 $
       f=\sum\limits_{i_1,\cdots,i_n\geq 0}C_{i_1,\cdots,i_n}x_1^{i_1}\cdots...
Not a real error.

./_9AD8_7B49_4EE3_65702_20note.md.tex:832: Preview: Snippet 819 ended.(594828+742267x8923613).
<-><->
      
l.832 ...i_1,\cdots,i_n}x_1^{i_1}\cdots x_n^{i_n}$
                                                  
Not a real error.

[819]
./_9AD8_7B49_4EE3_65702_20note.md.tex:833: Preview: Snippet 820 started.
<-><->
      
l.833 $
       f=f_d$
Not a real error.

./_9AD8_7B49_4EE3_65702_20note.md.tex:833: Preview: Snippet 820 ended.(455111+127431x1891645).
<-><->
      
l.833 $f=f_d$
             
Not a real error.

[820]
./_9AD8_7B49_4EE3_65702_20note.md.tex:834: Preview: Snippet 821 started.
<-><->
      
l.834 $
       f$
Not a real error.

./_9AD8_7B49_4EE3_65702_20note.md.tex:834: Preview: Snippet 821 ended.(455111+127431x391398).
<-><->
      
l.834 $f$
         
Not a real error.

[821]
./_9AD8_7B49_4EE3_65702_20note.md.tex:835: Preview: Snippet 822 started.
<-><->
      
l.835 $
       degf:=\begin{cases}\max\{d \geq 0:f_d \neq 0\} &\text{ if }f \neq 0\\...
Not a real error.

./_9AD8_7B49_4EE3_65702_20note.md.tex:835: Preview: Snippet 822 ended.(1146889+819210x11894976).
<-><->
      
l.835 ...q 0\\-\infty &\text{ if } f=0\end{cases}$
                                                  
Not a real error.

[822]
./_9AD8_7B49_4EE3_65702_20note.md.tex:836: Preview: Snippet 823 started.
<-><->
      
l.836 $
       f \in F[x_1,\cdots,x_n]^{S_n}$
Not a real error.

./_9AD8_7B49_4EE3_65702_20note.md.tex:836: Preview: Snippet 823 ended.(551306+163840x5710317).
<-><->
      
l.836 $f \in F[x_1,\cdots,x_n]^{S_n}$
                                     
Not a real error.

[823]
./_9AD8_7B49_4EE3_65702_20note.md.tex:837: Preview: Snippet 824 started.
<-><->
      
l.837 $
       f(x_1,\cdots,x_{n-1},0)=0 \Leftrightarrow e_n|f$
Not a real error.

./_9AD8_7B49_4EE3_65702_20note.md.tex:837: Preview: Snippet 824 ended.(491520+163840x8612586).
<-><->
      
l.837 ...cdots,x_{n-1},0)=0 \Leftrightarrow e_n|f$
                                                  
Not a real error.

[824]
./_9AD8_7B49_4EE3_65702_20note.md.tex:838: Preview: Snippet 825 started.
<-><->
      
l.838 $
       f \in F[x_1,\cdots,x_n]^{S_n}$
Not a real error.

./_9AD8_7B49_4EE3_65702_20note.md.tex:838: Preview: Snippet 825 ended.(551306+163840x5710317).
<-><->
      
l.838 $f \in F[x_1,\cdots,x_n]^{S_n}$
                                     
Not a real error.

[825]
./_9AD8_7B49_4EE3_65702_20note.md.tex:839: Preview: Snippet 826 started.
<-><->
      
l.839 $
       \forall d \geq 0$
Not a real error.

./_9AD8_7B49_4EE3_65702_20note.md.tex:839: Preview: Snippet 826 ended.(455111+89110x1906683).
<-><->
      
l.839 $\forall d \geq 0$
                        
Not a real error.

[826]
./_9AD8_7B49_4EE3_65702_20note.md.tex:840: Preview: Snippet 827 started.
<-><->
      
l.840 $
       f_d$
Not a real error.

./_9AD8_7B49_4EE3_65702_20note.md.tex:840: Preview: Snippet 827 ended.(455111+127431x626441).
<-><->
      
l.840 $f_d$
           
Not a real error.

[827]
./_9AD8_7B49_4EE3_65702_20note.md.tex:841: Preview: Snippet 828 started.
<-><->
      
l.841 $
       f=f_d$
Not a real error.

./_9AD8_7B49_4EE3_65702_20note.md.tex:841: Preview: Snippet 828 ended.(455111+127431x1891645).
<-><->
      
l.841 $f=f_d$
             
Not a real error.

[828]
./_9AD8_7B49_4EE3_65702_20note.md.tex:842: Preview: Snippet 829 started.
<-><->
      
l.842 $
       d$
Not a real error.

./_9AD8_7B49_4EE3_65702_20note.md.tex:842: Preview: Snippet 829 ended.(455111+0x341106).
<-><->
      
l.842 $d$
         
Not a real error.

[829]
./_9AD8_7B49_4EE3_65702_20note.md.tex:843: Preview: Snippet 830 started.
<-><->
      
l.843 $
       \forall g \in F[x_1,\cdots,x_n]$
Not a real error.

./_9AD8_7B49_4EE3_65702_20note.md.tex:843: Preview: Snippet 830 ended.(491520+163840x5343141).
<-><->
      
l.843 $\forall g \in F[x_1,\cdots,x_n]$
                                       
Not a real error.

[830]
./_9AD8_7B49_4EE3_65702_20note.md.tex:844: Preview: Snippet 831 started.
<-><->
      
l.844 $
       wt(g):=\begin{cases}\max{\sum_{k=1}^{n}ki_k:C_{i_1,\cdots,i_n} \neq 0...
Not a real error.

./_9AD8_7B49_4EE3_65702_20note.md.tex:844: Preview: Snippet 831 ended.(1146889+819210x13697052).
<-><->
      
l.844 ...q 0},& g \neq 0\\-\infty &g=0\end{cases}$
                                                  
Not a real error.

[831]
./_9AD8_7B49_4EE3_65702_20note.md.tex:845: Preview: Snippet 832 started.
<-><->
      
l.845 $
       f=f_d$
Not a real error.

./_9AD8_7B49_4EE3_65702_20note.md.tex:845: Preview: Snippet 832 ended.(455111+127431x1891645).
<-><->
      
l.845 $f=f_d$
             
Not a real error.

[832]
./_9AD8_7B49_4EE3_65702_20note.md.tex:846: Preview: Snippet 833 started.
<-><->
      
l.846 $
       \exists g$
Not a real error.

./_9AD8_7B49_4EE3_65702_20note.md.tex:846: Preview: Snippet 833 ended.(455111+127431x700189).
<-><->
      
l.846 $\exists g$
                 
Not a real error.

[833]
./_9AD8_7B49_4EE3_65702_20note.md.tex:847: Preview: Snippet 834 started.
<-><->
      
l.847 $
       wt(g) \leq d$
Not a real error.

./_9AD8_7B49_4EE3_65702_20note.md.tex:847: Preview: Snippet 834 ended.(491520+163840x2784213).
<-><->
      
l.847 $wt(g) \leq d$
                    
Not a real error.

[834]
./_9AD8_7B49_4EE3_65702_20note.md.tex:848: Preview: Snippet 835 started.
<-><->
      
l.848 $
       f=g(e_1,\cdots,e_n)$
Not a real error.

./_9AD8_7B49_4EE3_65702_20note.md.tex:848: Preview: Snippet 835 ended.(491520+163840x4937641).
<-><->
      
l.848 $f=g(e_1,\cdots,e_n)$
                           
Not a real error.

[835]
./_9AD8_7B49_4EE3_65702_20note.md.tex:849: Preview: Snippet 836 started.
<-><->
      
l.849 $
       n+d$
Not a real error.

./_9AD8_7B49_4EE3_65702_20note.md.tex:849: Preview: Snippet 836 ended.(455111+54613x1535466).
<-><->
      
l.849 $n+d$
           
Not a real error.

[836]
./_9AD8_7B49_4EE3_65702_20note.md.tex:850: Preview: Snippet 837 started.
<-><->
      
l.850 $
       d=0$
Not a real error.

./_9AD8_7B49_4EE3_65702_20note.md.tex:850: Preview: Snippet 837 ended.(455111+0x1542593).
<-><->
      
l.850 $d=0$
           
Not a real error.

[837]
./_9AD8_7B49_4EE3_65702_20note.md.tex:851: Preview: Snippet 838 started.
<-><->
      
l.851 $
       f \in F$
Not a real error.

./_9AD8_7B49_4EE3_65702_20note.md.tex:851: Preview: Snippet 838 ended.(455111+127431x1704842).
<-><->
      
l.851 $f \in F$
               
Not a real error.

[838]
./_9AD8_7B49_4EE3_65702_20note.md.tex:852: Preview: Snippet 839 started.
<-><->
      
l.852 $
       g=f$
Not a real error.

./_9AD8_7B49_4EE3_65702_20note.md.tex:852: Preview: Snippet 839 ended.(455111+127431x1601303).
<-><->
      
l.852 $g=f$
           
Not a real error.

[839]
./_9AD8_7B49_4EE3_65702_20note.md.tex:853: Preview: Snippet 840 started.
<-><->
      
l.853 $
       wt(g) \leq 0$
Not a real error.

./_9AD8_7B49_4EE3_65702_20note.md.tex:853: Preview: Snippet 840 ended.(491520+163840x2770788).
<-><->
      
l.853 $wt(g) \leq 0$
                    
Not a real error.

[840]
./_9AD8_7B49_4EE3_65702_20note.md.tex:854: Preview: Snippet 841 started.
<-><->
      
l.854 $
       d \geq 1$
Not a real error.

./_9AD8_7B49_4EE3_65702_20note.md.tex:854: Preview: Snippet 841 ended.(455111+89110x1542593).
<-><->
      
l.854 $d \geq 1$
                
Not a real error.

[841]
./_9AD8_7B49_4EE3_65702_20note.md.tex:855: Preview: Snippet 842 started.
<-><->
      
l.855 $
       \forall h \in F[x_1, \cdots,x_n]$
Not a real error.

./_9AD8_7B49_4EE3_65702_20note.md.tex:855: Preview: Snippet 842 ended.(491520+163840x5384633).
<-><->
      
l.855 $\forall h \in F[x_1, \cdots,x_n]$
                                        
Not a real error.

[842]
./_9AD8_7B49_4EE3_65702_20note.md.tex:856: Preview: Snippet 843 started.
<-><->
      
l.856 $
       h^{\mathfrak{b}}:=h(x_1,\cdots,x_{n-1},0)\in F[x_1,\cdots,x_n]$
Not a real error.

LaTeX Font Info:    Trying to load font information for U+euf on input line 856.
(/usr/share/texmf-dist/tex/latex/amsfonts/ueuf.fd
File: ueuf.fd 2013/01/14 v3.01 Euler Fraktur
)
./_9AD8_7B49_4EE3_65702_20note.md.tex:856: Preview: Snippet 843 ended.(555264+163840x11533083).
<-><->
      
l.856 ...1,\cdots,x_{n-1},0)\in F[x_1,\cdots,x_n]$
                                                  
Not a real error.

[843]
./_9AD8_7B49_4EE3_65702_20note.md.tex:857: Preview: Snippet 844 started.
<-><->
      
l.857 $
       n=1 \Rightarrow$
Not a real error.

./_9AD8_7B49_4EE3_65702_20note.md.tex:857: Preview: Snippet 844 ended.(422343+0x2432258).
<-><->
      
l.857 $n=1 \Rightarrow$
                       
Not a real error.

[844]
./_9AD8_7B49_4EE3_65702_20note.md.tex:858: Preview: Snippet 845 started.
<-><->
      
l.858 $
       F$
Not a real error.

./_9AD8_7B49_4EE3_65702_20note.md.tex:858: Preview: Snippet 845 ended.(447828+0x512456).
<-><->
      
l.858 $F$
         
Not a real error.

[845]
./_9AD8_7B49_4EE3_65702_20note.md.tex:859: Preview: Snippet 846 started.
<-><->
      
l.859 $
       h^{\mathfrak{b}}$
Not a real error.

./_9AD8_7B49_4EE3_65702_20note.md.tex:859: Preview: Snippet 846 ended.(555264+0x691759).
<-><->
      
l.859 $h^{\mathfrak{b}}$
                        
Not a real error.

[846]
./_9AD8_7B49_4EE3_65702_20note.md.tex:860: Preview: Snippet 847 started.
<-><->
      
l.860 $
       n-1$
Not a real error.

./_9AD8_7B49_4EE3_65702_20note.md.tex:860: Preview: Snippet 847 ended.(422343+54613x1522041).
<-><->
      
l.860 $n-1$
           
Not a real error.

[847]
./_9AD8_7B49_4EE3_65702_20note.md.tex:861: Preview: Snippet 848 started.
<-><->
      
l.861 $
       f^\mathfrak{b}$
Not a real error.

./_9AD8_7B49_4EE3_65702_20note.md.tex:861: Preview: Snippet 848 ended.(555264+127431x705566).
<-><->
      
l.861 $f^\mathfrak{b}$
                      
Not a real error.

[848]
./_9AD8_7B49_4EE3_65702_20note.md.tex:862: Preview: Snippet 849 started.
<-><->
      
l.862 $
       d$
Not a real error.

./_9AD8_7B49_4EE3_65702_20note.md.tex:862: Preview: Snippet 849 ended.(455111+0x341106).
<-><->
      
l.862 $d$
         
Not a real error.

[849]
./_9AD8_7B49_4EE3_65702_20note.md.tex:863: Preview: Snippet 850 started.
<-><->
      
l.863 $
       g_1 \in F[x_1, \cdots,x_{n-1}]$
Not a real error.

./_9AD8_7B49_4EE3_65702_20note.md.tex:863: Preview: Snippet 850 ended.(491520+163840x5920377).
<-><->
      
l.863 $g_1 \in F[x_1, \cdots,x_{n-1}]$
                                      
Not a real error.

[850]
./_9AD8_7B49_4EE3_65702_20note.md.tex:864: Preview: Snippet 851 started.
<-><->
      
l.864 $
       f^\mathfrak{b}=g_1(e_1^{\mathfrak{b}},\cdots,e_n^{\mathfrak{b}})$
Not a real error.

./_9AD8_7B49_4EE3_65702_20note.md.tex:864: Preview: Snippet 851 ended.(555264+163840x5542464).
<-><->
      
l.864 ...\mathfrak{b}},\cdots,e_n^{\mathfrak{b}})$
                                                  
Not a real error.

[851]
./_9AD8_7B49_4EE3_65702_20note.md.tex:865: Preview: Snippet 852 started.
<-><->
      
l.865 $
       degg_1(e_1^{\mathfrak{b}},\cdots,e_n^{\mathfrak{b}}) \leq wt(g_1) \le...
Not a real error.

./_9AD8_7B49_4EE3_65702_20note.md.tex:865: Preview: Snippet 852 ended.(555264+163840x8873959).
<-><->
      
l.865 ...,e_n^{\mathfrak{b}}) \leq wt(g_1) \leq d$
                                                  
Not a real error.

[852]
./_9AD8_7B49_4EE3_65702_20note.md.tex:866: Preview: Snippet 853 started.
<-><->
      
l.866 $
       f_1=f-g_1(e_1,\cdots,e_{n-1})$
Not a real error.

./_9AD8_7B49_4EE3_65702_20note.md.tex:866: Preview: Snippet 853 ended.(491520+163840x7294815).
<-><->
      
l.866 $f_1=f-g_1(e_1,\cdots,e_{n-1})$
                                     
Not a real error.

[853]
./_9AD8_7B49_4EE3_65702_20note.md.tex:867: Preview: Snippet 854 started.
<-><->
      
l.867 $
       \leq d$
Not a real error.

./_9AD8_7B49_4EE3_65702_20note.md.tex:867: Preview: Snippet 854 ended.(455111+89110x1032872).
<-><->
      
l.867 $\leq d$
              
Not a real error.

[854]
./_9AD8_7B49_4EE3_65702_20note.md.tex:868: Preview: Snippet 855 started.
<-><->
      
l.868 $
       f_1^{\mathfrak{b}}=f^{\mathfrak{b}}-g_1(e_1^{\mathfrak{b}},\cdots,e_{...
Not a real error.

./_9AD8_7B49_4EE3_65702_20note.md.tex:868: Preview: Snippet 855 ended.(555264+217281x8921343).
<-><->
      
l.868 ...rak{b}},\cdots,e_{n-1}^{\mathfrak{b}})=0$
                                                  
Not a real error.

[855]
./_9AD8_7B49_4EE3_65702_20note.md.tex:869: Preview: Snippet 856 started.
<-><->
      
l.869 $
       e_n|f_1$
Not a real error.

./_9AD8_7B49_4EE3_65702_20note.md.tex:869: Preview: Snippet 856 ended.(491520+163840x1458790).
<-><->
      
l.869 $e_n|f_1$
               
Not a real error.

[856]
./_9AD8_7B49_4EE3_65702_20note.md.tex:870: Preview: Snippet 857 started.
<-><->
      
l.870 $
       f_2:=\frac{f_1}{e_n}$
Not a real error.

./_9AD8_7B49_4EE3_65702_20note.md.tex:870: Preview: Snippet 857 ended.(610938+291531x2398034).
<-><->
      
l.870 $f_2:=\frac{f_1}{e_n}$
                            
Not a real error.

[857]
./_9AD8_7B49_4EE3_65702_20note.md.tex:871: Preview: Snippet 858 started.
<-><->
      
l.871 $
       degf_2 \leq d-n$
Not a real error.

./_9AD8_7B49_4EE3_65702_20note.md.tex:871: Preview: Snippet 858 ended.(455111+127431x4006488).
<-><->
      
l.871 $degf_2 \leq d-n$
                       
Not a real error.

[858]
./_9AD8_7B49_4EE3_65702_20note.md.tex:872: Preview: Snippet 859 started.
<-><->
      
l.872 $
       f$
Not a real error.

./_9AD8_7B49_4EE3_65702_20note.md.tex:872: Preview: Snippet 859 ended.(455111+127431x391398).
<-><->
      
l.872 $f$
         
Not a real error.

[859]
./_9AD8_7B49_4EE3_65702_20note.md.tex:873: Preview: Snippet 860 started.
<-><->
      
l.873 $
       x_1$
Not a real error.

./_9AD8_7B49_4EE3_65702_20note.md.tex:873: Preview: Snippet 860 ended.(282168+98303x668559).
<-><->
      
l.873 $x_1$
           
Not a real error.

[860]
./_9AD8_7B49_4EE3_65702_20note.md.tex:874: Preview: Snippet 861 started.
<-><->
      
l.874 $
       g_1(e_1,\cdots,e_n)=g_2(e_1,\cdots,e_n)$
Not a real error.

./_9AD8_7B49_4EE3_65702_20note.md.tex:874: Preview: Snippet 861 ended.(491520+163840x8759660).
<-><->
      
l.874 $g_1(e_1,\cdots,e_n)=g_2(e_1,\cdots,e_n)$
                                               
Not a real error.

[861]
./_9AD8_7B49_4EE3_65702_20note.md.tex:875: Preview: Snippet 862 started.
<-><->
      
l.875 $
       g_1=g_2$
Not a real error.

./_9AD8_7B49_4EE3_65702_20note.md.tex:875: Preview: Snippet 862 ended.(282168+127431x2086984).
<-><->
      
l.875 $g_1=g_2$
               
Not a real error.

[862]
./_9AD8_7B49_4EE3_65702_20note.md.tex:876: Preview: Snippet 863 started.
<-><->
      
l.876 $
       g \in F[x_1,\cdots,x_n]$
Not a real error.

./_9AD8_7B49_4EE3_65702_20note.md.tex:876: Preview: Snippet 863 ended.(491520+163840x4979051).
<-><->
      
l.876 $g \in F[x_1,\cdots,x_n]$
                               
Not a real error.

[863]
./_9AD8_7B49_4EE3_65702_20note.md.tex:877: Preview: Snippet 864 started.
<-><->
      
l.877 $
       g(e_1,\cdots,e_n)=0$
Not a real error.

./_9AD8_7B49_4EE3_65702_20note.md.tex:877: Preview: Snippet 864 ended.(491520+163840x4873924).
<-><->
      
l.877 $g(e_1,\cdots,e_n)=0$
                           
Not a real error.

[864]
./_9AD8_7B49_4EE3_65702_20note.md.tex:878: Preview: Snippet 865 started.
<-><->
      
l.878 $
       g=0$
Not a real error.

./_9AD8_7B49_4EE3_65702_20note.md.tex:878: Preview: Snippet 865 ended.(422343+127431x1537586).
<-><->
      
l.878 $g=0$
           
Not a real error.

[865]
./_9AD8_7B49_4EE3_65702_20note.md.tex:879: Preview: Snippet 866 started.
<-><->
      
l.879 $
       F$
Not a real error.

./_9AD8_7B49_4EE3_65702_20note.md.tex:879: Preview: Snippet 866 ended.(447828+0x512456).
<-><->
      
l.879 $F$
         
Not a real error.

[866]
./_9AD8_7B49_4EE3_65702_20note.md.tex:880: Preview: Snippet 867 started.
<-><->
      
l.880 $
       F$
Not a real error.

./_9AD8_7B49_4EE3_65702_20note.md.tex:880: Preview: Snippet 867 ended.(447828+0x512456).
<-><->
      
l.880 $F$
         
Not a real error.

[867]
./_9AD8_7B49_4EE3_65702_20note.md.tex:881: Preview: Snippet 868 started.
<-><->
      
l.881 $
       F \hookrightarrow F(t)$
Not a real error.

./_9AD8_7B49_4EE3_65702_20note.md.tex:881: Preview: Snippet 868 ended.(491520+163840x2863558).
<-><->
      
l.881 $F \hookrightarrow F(t)$
                              
Not a real error.

[868]
./_9AD8_7B49_4EE3_65702_20note.md.tex:882: Preview: Snippet 869 started.
<-><->
      
l.882 $
       F$
Not a real error.

./_9AD8_7B49_4EE3_65702_20note.md.tex:882: Preview: Snippet 869 ended.(447828+0x512456).
<-><->
      
l.882 $F$
         
Not a real error.

[869]
./_9AD8_7B49_4EE3_65702_20note.md.tex:883: Preview: Snippet 870 started.
<-><->
      
l.883 $
       g \neq 0$
Not a real error.

./_9AD8_7B49_4EE3_65702_20note.md.tex:883: Preview: Snippet 870 ended.(455111+127431x1537586).
<-><->
      
l.883 $g \neq 0$
                
Not a real error.

[870]
./_9AD8_7B49_4EE3_65702_20note.md.tex:884: Preview: Snippet 871 started.
<-><->
      
l.884 $
       (y_1, \cdots,y_n) \in F^{n}$
Not a real error.

./_9AD8_7B49_4EE3_65702_20note.md.tex:884: Preview: Snippet 871 ended.(491520+163840x5038832).
<-><->
      
l.884 $(y_1, \cdots,y_n) \in F^{n}$
                                   
Not a real error.

[871]
./_9AD8_7B49_4EE3_65702_20note.md.tex:885: Preview: Snippet 872 started.
<-><->
      
l.885 $
       g(y_1, \cdots,y_n)$
Not a real error.

./_9AD8_7B49_4EE3_65702_20note.md.tex:885: Preview: Snippet 872 ended.(491520+163840x3704753).
<-><->
      
l.885 $g(y_1, \cdots,y_n)$
                          
Not a real error.

[872]
./_9AD8_7B49_4EE3_65702_20note.md.tex:886: Preview: Snippet 873 started.
<-><->
      
l.886 $
       p:=x^n-y_1x^{n-1}+ \cdots+(-1)^{n}y_n$
Not a real error.

./_9AD8_7B49_4EE3_65702_20note.md.tex:886: Preview: Snippet 873 ended.(533465+163840x9683774).
<-><->
      
l.886 $p:=x^n-y_1x^{n-1}+ \cdots+(-1)^{n}y_n$
                                             
Not a real error.

[873]
./_9AD8_7B49_4EE3_65702_20note.md.tex:887: Preview: Snippet 874 started.
<-><->
      
l.887 $
       F \hookrightarrow L$
Not a real error.

./_9AD8_7B49_4EE3_65702_20note.md.tex:887: Preview: Snippet 874 ended.(447828+0x2050728).
<-><->
      
l.887 $F \hookrightarrow L$
                           
Not a real error.

[874]
./_9AD8_7B49_4EE3_65702_20note.md.tex:888: Preview: Snippet 875 started.
<-><->
      
l.888 $
       p$
Not a real error.

./_9AD8_7B49_4EE3_65702_20note.md.tex:888: Preview: Snippet 875 ended.(282168+127431x329728).
<-><->
      
l.888 $p$
         
Not a real error.

[875]
./_9AD8_7B49_4EE3_65702_20note.md.tex:889: Preview: Snippet 876 started.
<-><->
      
l.889 $
       L[x]:p=\prod_i(x-x_i)$
Not a real error.

./_9AD8_7B49_4EE3_65702_20note.md.tex:889: Preview: Snippet 876 ended.(491524+196611x6049472).
<-><->
      
l.889 $L[x]:p=\prod_i(x-x_i)$
                             
Not a real error.

[876]
./_9AD8_7B49_4EE3_65702_20note.md.tex:890: Preview: Snippet 877 started.
<-><->
      
l.890 $
       e_k(x_1, \cdots, x_n)=y_k$
Not a real error.

./_9AD8_7B49_4EE3_65702_20note.md.tex:890: Preview: Snippet 877 ended.(491520+163840x5620310).
<-><->
      
l.890 $e_k(x_1, \cdots, x_n)=y_k$
                                 
Not a real error.

[877]
./_9AD8_7B49_4EE3_65702_20note.md.tex:891: Preview: Snippet 878 started.
<-><->
      
l.891 $
       g(e_1, \cdots,e_n) \neq 0$
Not a real error.

./_9AD8_7B49_4EE3_65702_20note.md.tex:891: Preview: Snippet 878 ended.(491520+163840x4873924).
<-><->
      
l.891 $g(e_1, \cdots,e_n) \neq 0$
                                 
Not a real error.

[878]
./_9AD8_7B49_4EE3_65702_20note.md.tex:892: Preview: Snippet 879 started.
<-><->
      
l.892 $
       F$
Not a real error.

./_9AD8_7B49_4EE3_65702_20note.md.tex:892: Preview: Snippet 879 ended.(447828+0x512456).
<-><->
      
l.892 $F$
         
Not a real error.

[879]
./_9AD8_7B49_4EE3_65702_20note.md.tex:893: Preview: Snippet 880 started.
<-><->
      
l.893 $
       g \in F[x_1, \cdots,x_n],g \neq 0$
Not a real error.

./_9AD8_7B49_4EE3_65702_20note.md.tex:893: Preview: Snippet 880 ended.(491520+163840x6807906).
<-><->
      
l.893 $g \in F[x_1, \cdots,x_n],g \neq 0$
                                         
Not a real error.

[880]
./_9AD8_7B49_4EE3_65702_20note.md.tex:894: Preview: Snippet 881 started.
<-><->
      
l.894 $
       (y_1, \cdots,y_n) \in F^n$
Not a real error.

./_9AD8_7B49_4EE3_65702_20note.md.tex:894: Preview: Snippet 881 ended.(491520+163840x5038832).
<-><->
      
l.894 $(y_1, \cdots,y_n) \in F^n$
                                 
Not a real error.

[881]
./_9AD8_7B49_4EE3_65702_20note.md.tex:895: Preview: Snippet 882 started.
<-><->
      
l.895 $
       g(y_1,\cdots,y_n) \neq 0$
Not a real error.

./_9AD8_7B49_4EE3_65702_20note.md.tex:895: Preview: Snippet 882 ended.(491520+163840x4906240).
<-><->
      
l.895 $g(y_1,\cdots,y_n) \neq 0$
                                
Not a real error.

[882]
./_9AD8_7B49_4EE3_65702_20note.md.tex:896: Preview: Snippet 883 started.
<-><->
      
l.896 $
       n=1$
Not a real error.

./_9AD8_7B49_4EE3_65702_20note.md.tex:896: Preview: Snippet 883 ended.(422343+0x1594857).
<-><->
      
l.896 $n=1$
           
Not a real error.

[883]
./_9AD8_7B49_4EE3_65702_20note.md.tex:897: Preview: Snippet 884 started.
<-><->
      
l.897 $
       n>1$
Not a real error.

./_9AD8_7B49_4EE3_65702_20note.md.tex:897: Preview: Snippet 884 ended.(422343+25623x1594857).
<-><->
      
l.897 $n>1$
           
Not a real error.

[884]
./_9AD8_7B49_4EE3_65702_20note.md.tex:898: Preview: Snippet 885 started.
<-><->
      
l.898 $
       (g_1,\cdots,g_{n-1})$
Not a real error.

./_9AD8_7B49_4EE3_65702_20note.md.tex:898: Preview: Snippet 885 ended.(491520+163840x4022040).
<-><->
      
l.898 $(g_1,\cdots,g_{n-1})$
                            
Not a real error.

[885]
./_9AD8_7B49_4EE3_65702_20note.md.tex:899: Preview: Snippet 886 started.
<-><->
      
l.899 $
       g_k(y_1,\cdots,y_k) \neq 0$
Not a real error.

./_9AD8_7B49_4EE3_65702_20note.md.tex:899: Preview: Snippet 886 ended.(491520+163840x5170889).
<-><->
      
l.899 $g_k(y_1,\cdots,y_k) \neq 0$
                                  
Not a real error.

[886]
./_9AD8_7B49_4EE3_65702_20note.md.tex:900: Preview: Snippet 887 started.
<-><->
      
l.900 $
       g$
Not a real error.

./_9AD8_7B49_4EE3_65702_20note.md.tex:900: Preview: Snippet 887 ended.(282168+127431x336099).
<-><->
      
l.900 $g$
         
Not a real error.

[887]
./_9AD8_7B49_4EE3_65702_20note.md.tex:901: Preview: Snippet 888 started.
<-><->
      
l.901 $
       x_n$
Not a real error.

./_9AD8_7B49_4EE3_65702_20note.md.tex:901: Preview: Snippet 888 ended.(282168+98303x731290).
<-><->
      
l.901 $x_n$
           
Not a real error.

[888]
./_9AD8_7B49_4EE3_65702_20note.md.tex:902: Preview: Snippet 889 started.
<-><->
      
l.902 $
       F$
Not a real error.

./_9AD8_7B49_4EE3_65702_20note.md.tex:902: Preview: Snippet 889 ended.(447828+0x512456).
<-><->
      
l.902 $F$
         
Not a real error.

[889]
./_9AD8_7B49_4EE3_65702_20note.md.tex:903: Preview: Snippet 890 started.
<-><->
      
l.903 $
       \mathbb{C}$
Not a real error.

./_9AD8_7B49_4EE3_65702_20note.md.tex:903: Preview: Snippet 890 ended.(451470+0x473316).
<-><->
      
l.903 $\mathbb{C}$
                  
Not a real error.

[890]
./_9AD8_7B49_4EE3_65702_20note.md.tex:904: Preview: Snippet 891 started.
<-><->
      
l.904 $
       \mathbb{C}$
Not a real error.

./_9AD8_7B49_4EE3_65702_20note.md.tex:904: Preview: Snippet 891 ended.(451470+0x473316).
<-><->
      
l.904 $\mathbb{C}$
                  
Not a real error.

[891]
./_9AD8_7B49_4EE3_65702_20note.md.tex:905: Preview: Snippet 892 started.
<-><->
      
l.905 $
       F$
Not a real error.

./_9AD8_7B49_4EE3_65702_20note.md.tex:905: Preview: Snippet 892 ended.(447828+0x512456).
<-><->
      
l.905 $F$
         
Not a real error.

[892]
./_9AD8_7B49_4EE3_65702_20note.md.tex:906: Preview: Snippet 893 started.
<-><->
      
l.906 $
       \Rightarrow$
Not a real error.

./_9AD8_7B49_4EE3_65702_20note.md.tex:906: Preview: Snippet 893 ended.(240435+0x655361).
<-><->
      
l.906 $\Rightarrow$
                   
Not a real error.

[893]
./_9AD8_7B49_4EE3_65702_20note.md.tex:907: Preview: Snippet 894 started.
<-><->
      
l.907 $
       R \hookrightarrow F$
Not a real error.

./_9AD8_7B49_4EE3_65702_20note.md.tex:907: Preview: Snippet 894 ended.(447828+0x2107389).
<-><->
      
l.907 $R \hookrightarrow F$
                           
Not a real error.

[894]
./_9AD8_7B49_4EE3_65702_20note.md.tex:908: Preview: Snippet 895 started.
<-><->
      
l.908 $
       F$
Not a real error.

./_9AD8_7B49_4EE3_65702_20note.md.tex:908: Preview: Snippet 895 ended.(447828+0x512456).
<-><->
      
l.908 $F$
         
Not a real error.

[895]
./_9AD8_7B49_4EE3_65702_20note.md.tex:909: Preview: Snippet 896 started.
<-><->
      
l.909 $
       f=x^n-c_{1}x^{n-1} + \cdots+(-1)^nc_{n}=\prod_i(x-\alpha_i)$
Not a real error.

./_9AD8_7B49_4EE3_65702_20note.md.tex:909: Preview: Snippet 896 ended.(533465+196611x13521641).
<-><->
      
l.909 ...+ \cdots+(-1)^nc_{n}=\prod_i(x-\alpha_i)$
                                                  
Not a real error.

[896]
./_9AD8_7B49_4EE3_65702_20note.md.tex:910: Preview: Snippet 897 started.
<-><->
      
l.910 $
       disc(f):=\prod_{i<j}(\alpha_i-\alpha_j)^2$
Not a real error.

./_9AD8_7B49_4EE3_65702_20note.md.tex:910: Preview: Snippet 897 ended.(533465+285812x7542303).
<-><->
      
l.910 $disc(f):=\prod_{i<j}(\alpha_i-\alpha_j)^2$
                                                 
Not a real error.

[897]
./_9AD8_7B49_4EE3_65702_20note.md.tex:911: Preview: Snippet 898 started.
<-><->
      
l.911 $
       \alpha_1,\cdots,\alpha_n$
Not a real error.

./_9AD8_7B49_4EE3_65702_20note.md.tex:911: Preview: Snippet 898 ended.(291271+127431x3054776).
<-><->
      
l.911 $\alpha_1,\cdots,\alpha_n$
                                
Not a real error.

[898]
./_9AD8_7B49_4EE3_65702_20note.md.tex:912: Preview: Snippet 899 started.
<-><->
      
l.912 $
       disc(f)$
Not a real error.

./_9AD8_7B49_4EE3_65702_20note.md.tex:912: Preview: Snippet 899 ended.(491520+163840x2058821).
<-><->
      
l.912 $disc(f)$
               
Not a real error.

[899]
./_9AD8_7B49_4EE3_65702_20note.md.tex:913: Preview: Snippet 900 started.
<-><->
      
l.913 $
       \alpha_1, \cdots,\alpha_n$
Not a real error.

./_9AD8_7B49_4EE3_65702_20note.md.tex:913: Preview: Snippet 900 ended.(291271+127431x3054776).
<-><->
      
l.913 $\alpha_1, \cdots,\alpha_n$
                                 
Not a real error.

[900]
./_9AD8_7B49_4EE3_65702_20note.md.tex:914: Preview: Snippet 901 started.
<-><->
      
l.914 $
       disc(f)$
Not a real error.

./_9AD8_7B49_4EE3_65702_20note.md.tex:914: Preview: Snippet 901 ended.(491520+163840x2058821).
<-><->
      
l.914 $disc(f)$
               
Not a real error.

[901]
./_9AD8_7B49_4EE3_65702_20note.md.tex:915: Preview: Snippet 902 started.
<-><->
      
l.915 $
       e_i(\alpha_1, \cdots,\alpha_n)=c_i$
Not a real error.

./_9AD8_7B49_4EE3_65702_20note.md.tex:915: Preview: Snippet 902 ended.(491520+163840x5463448).
<-><->
      
l.915 $e_i(\alpha_1, \cdots,\alpha_n)=c_i$
                                          
Not a real error.

[902]
./_9AD8_7B49_4EE3_65702_20note.md.tex:916: Preview: Snippet 903 started.
<-><->
      
l.916 $
       disc(x^2-bx+c)=(\alpha_1+\alpha_2)^2-4\alpha_1\alpha_2=b^2-4c$
Not a real error.

./_9AD8_7B49_4EE3_65702_20note.md.tex:916: Preview: Snippet 903 ended.(533465+163840x14198884).
<-><->
      
l.916 ...a_1+\alpha_2)^2-4\alpha_1\alpha_2=b^2-4c$
                                                  
Not a real error.

[903]
./_9AD8_7B49_4EE3_65702_20note.md.tex:917: Preview: Snippet 904 started.
<-><->
      
l.917 $
       disc(x^3+px+q)=((\alpha_1-\alpha_2)(\alpha_2-\alpha_3)(\alpha_3-\alph...
Not a real error.

./_9AD8_7B49_4EE3_65702_20note.md.tex:917: Preview: Snippet 904 ended.(533465+163840x19248804).
<-><->
      
l.917 ...pha_3)(\alpha_3-\alpha_1))^2=-4p^3-27q^2$
                                                  
Not a real error.

[904]
./_9AD8_7B49_4EE3_65702_20note.md.tex:918: Preview: Snippet 905 started.
<-><->
      
l.918 $
       F$
Not a real error.

./_9AD8_7B49_4EE3_65702_20note.md.tex:918: Preview: Snippet 905 ended.(447828+0x512456).
<-><->
      
l.918 $F$
         
Not a real error.

[905]
./_9AD8_7B49_4EE3_65702_20note.md.tex:919: Preview: Snippet 906 started.
<-><->
      
l.919 $
       f,g \in F[x]$
Not a real error.

./_9AD8_7B49_4EE3_65702_20note.md.tex:919: Preview: Snippet 906 ended.(491520+163840x3034447).
<-><->
      
l.919 $f,g \in F[x]$
                    
Not a real error.

[906]
./_9AD8_7B49_4EE3_65702_20note.md.tex:920: Preview: Snippet 907 started.
<-><->
      
l.920 $
       f,g$
Not a real error.

./_9AD8_7B49_4EE3_65702_20note.md.tex:920: Preview: Snippet 907 ended.(455111+127431x982357).
<-><->
      
l.920 $f,g$
           
Not a real error.

[907]
./_9AD8_7B49_4EE3_65702_20note.md.tex:921: Preview: Snippet 908 started.
<-><->
      
l.921 $
       n,m \in \mathbb{Z}_{\geq 1}$
Not a real error.

./_9AD8_7B49_4EE3_65702_20note.md.tex:921: Preview: Snippet 908 ended.(451470+183387x3201554).
<-><->
      
l.921 $n,m \in \mathbb{Z}_{\geq 1}$
                                   
Not a real error.

[908]
./_9AD8_7B49_4EE3_65702_20note.md.tex:922: Preview: Snippet 909 started.
<-><->
      
l.922 $
       f=v_0x^n+ \cdots+v_n$
Not a real error.

./_9AD8_7B49_4EE3_65702_20note.md.tex:922: Preview: Snippet 909 ended.(455111+127431x5649130).
<-><->
      
l.922 $f=v_0x^n+ \cdots+v_n$
                            
Not a real error.

[909]
./_9AD8_7B49_4EE3_65702_20note.md.tex:923: Preview: Snippet 910 started.
<-><->
      
l.923 $
       g=w_0x^m+\cdots+w_m$
Not a real error.

./_9AD8_7B49_4EE3_65702_20note.md.tex:923: Preview: Snippet 910 ended.(435343+127431x6179031).
<-><->
      
l.923 $g=w_0x^m+\cdots+w_m$
                           
Not a real error.

[910]
./_9AD8_7B49_4EE3_65702_20note.md.tex:924: Preview: Snippet 911 started.
<-><->
      
l.924 $
       $
Not a real error.

./_9AD8_7B49_4EE3_65702_20note.md.tex:927: Preview: Snippet 911 ended.(7229320+0x22609920).
<-><->
      
l.927 $$
        
Not a real error.

[911]
./_9AD8_7B49_4EE3_65702_20note.md.tex:928: Preview: Snippet 912 started.
<-><->
      
l.928 $
       v_i,w_j$
Not a real error.

./_9AD8_7B49_4EE3_65702_20note.md.tex:928: Preview: Snippet 912 ended.(282168+187504x1572448).
<-><->
      
l.928 $v_i,w_j$
               
Not a real error.

[912]
./_9AD8_7B49_4EE3_65702_20note.md.tex:929: Preview: Snippet 913 started.
<-><->
      
l.929 $
       Res(f,g)$
Not a real error.

./_9AD8_7B49_4EE3_65702_20note.md.tex:929: Preview: Snippet 913 ended.(491520+163840x2607107).
<-><->
      
l.929 $Res(f,g)$
                
Not a real error.

[913]
./_9AD8_7B49_4EE3_65702_20note.md.tex:930: Preview: Snippet 914 started.
<-><->
      
l.930 $
       v_0, \cdots,w_m$
Not a real error.

./_9AD8_7B49_4EE3_65702_20note.md.tex:930: Preview: Snippet 914 ended.(291271+127431x3144242).
<-><->
      
l.930 $v_0, \cdots,w_m$
                       
Not a real error.

[914]
./_9AD8_7B49_4EE3_65702_20note.md.tex:931: Preview: Snippet 915 started.
<-><->
      
l.931 $
       F$
Not a real error.

./_9AD8_7B49_4EE3_65702_20note.md.tex:931: Preview: Snippet 915 ended.(447828+0x512456).
<-><->
      
l.931 $F$
         
Not a real error.

[915]
./_9AD8_7B49_4EE3_65702_20note.md.tex:932: Preview: Snippet 916 started.
<-><->
      
l.932 $
       v_0^mw_m^n$
Not a real error.

./_9AD8_7B49_4EE3_65702_20note.md.tex:932: Preview: Snippet 916 ended.(435343+162667x1806002).
<-><->
      
l.932 $v_0^mw_m^n$
                  
Not a real error.

[916]
./_9AD8_7B49_4EE3_65702_20note.md.tex:933: Preview: Snippet 917 started.
<-><->
      
l.933 $
       Res(f,g)=(-1)^{mn}Res(g,f)$
Not a real error.

./_9AD8_7B49_4EE3_65702_20note.md.tex:933: Preview: Snippet 917 ended.(491520+163840x8293347).
<-><->
      
l.933 $Res(f,g)=(-1)^{mn}Res(g,f)$
                                  
Not a real error.

[917]
./_9AD8_7B49_4EE3_65702_20note.md.tex:934: Preview: Snippet 918 started.
<-><->
      
l.934 $
       \forall\, t \in F$
Not a real error.

./_9AD8_7B49_4EE3_65702_20note.md.tex:934: Preview: Snippet 918 ended.(455111+25623x2023416).
<-><->
      
l.934 $\forall\, t \in F$
                         
Not a real error.

[918]
./_9AD8_7B49_4EE3_65702_20note.md.tex:935: Preview: Snippet 919 started.
<-><->
      
l.935 $
       Res(tf,g)=t^mRes(f,g)$
Not a real error.

./_9AD8_7B49_4EE3_65702_20note.md.tex:935: Preview: Snippet 919 ended.(491520+163840x7059155).
<-><->
      
l.935 $Res(tf,g)=t^mRes(f,g)$
                             
Not a real error.

[919]
./_9AD8_7B49_4EE3_65702_20note.md.tex:936: Preview: Snippet 920 started.
<-><->
      
l.936 $
       Res(f,tg)=t^nRes(f,g)$
Not a real error.

./_9AD8_7B49_4EE3_65702_20note.md.tex:936: Preview: Snippet 920 ended.(491520+163840x6918070).
<-><->
      
l.936 $Res(f,tg)=t^nRes(f,g)$
                             
Not a real error.

[920]
./_9AD8_7B49_4EE3_65702_20note.md.tex:937: Preview: Snippet 921 started.
<-><->
      
l.937 $
       n,m$
Not a real error.

./_9AD8_7B49_4EE3_65702_20note.md.tex:937: Preview: Snippet 921 ended.(282168+127431x1260054).
<-><->
      
l.937 $n,m$
           
Not a real error.

[921]
./_9AD8_7B49_4EE3_65702_20note.md.tex:938: Preview: Snippet 922 started.
<-><->
      
l.938 $
       f,g$
Not a real error.

./_9AD8_7B49_4EE3_65702_20note.md.tex:938: Preview: Snippet 922 ended.(455111+127431x982357).
<-><->
      
l.938 $f,g$
           
Not a real error.

[922]
./_9AD8_7B49_4EE3_65702_20note.md.tex:939: Preview: Snippet 923 started.
<-><->
      
l.939 $
       Res(f,g)=0 \Longleftrightarrow$
Not a real error.

./_9AD8_7B49_4EE3_65702_20note.md.tex:939: Preview: Snippet 923 ended.(491520+163840x5192132).
<-><->
      
l.939 $Res(f,g)=0 \Longleftrightarrow$
                                      
Not a real error.

[923]
./_9AD8_7B49_4EE3_65702_20note.md.tex:940: Preview: Snippet 924 started.
<-><->
      
l.940 $
       \exists\,f_1,g_1 \in F[x]-\{0\}$
Not a real error.

./_9AD8_7B49_4EE3_65702_20note.md.tex:940: Preview: Snippet 924 ended.(491520+163840x5822153).
<-><->
      
l.940 $\exists\,f_1,g_1 \in F[x]-\{0\}$
                                       
Not a real error.

[924]
./_9AD8_7B49_4EE3_65702_20note.md.tex:941: Preview: Snippet 925 started.
<-><->
      
l.941 $
       degf_1<n,\,degg_1<m,\ fg_1+gf_1=0$
Not a real error.

./_9AD8_7B49_4EE3_65702_20note.md.tex:941: Preview: Snippet 925 ended.(455111+127431x10764143).
<-><->
      
l.941 $degf_1<n,\,degg_1<m,\ fg_1+gf_1=0$
                                         
Not a real error.

[925]
./_9AD8_7B49_4EE3_65702_20note.md.tex:942: Preview: Snippet 926 started.
<-><->
      
l.942 $
       n,m$
Not a real error.

./_9AD8_7B49_4EE3_65702_20note.md.tex:942: Preview: Snippet 926 ended.(282168+127431x1260054).
<-><->
      
l.942 $n,m$
           
Not a real error.

[926]
./_9AD8_7B49_4EE3_65702_20note.md.tex:943: Preview: Snippet 927 started.
<-><->
      
l.943 $
       f,g$
Not a real error.

./_9AD8_7B49_4EE3_65702_20note.md.tex:943: Preview: Snippet 927 ended.(455111+127431x982357).
<-><->
      
l.943 $f,g$
           
Not a real error.

[927]
./_9AD8_7B49_4EE3_65702_20note.md.tex:944: Preview: Snippet 928 started.
<-><->
      
l.944 $
       Res(f,g)=0 \Longleftrightarrow$
Not a real error.

./_9AD8_7B49_4EE3_65702_20note.md.tex:944: Preview: Snippet 928 ended.(491520+163840x5192132).
<-><->
      
l.944 $Res(f,g)=0 \Longleftrightarrow$
                                      
Not a real error.

[928]
./_9AD8_7B49_4EE3_65702_20note.md.tex:945: Preview: Snippet 929 started.
<-><->
      
l.945 $
       v_0=w_0=0$
Not a real error.

./_9AD8_7B49_4EE3_65702_20note.md.tex:945: Preview: Snippet 929 ended.(422343+98303x3450150).
<-><->
      
l.945 $v_0=w_0=0$
                 
Not a real error.

[929]
./_9AD8_7B49_4EE3_65702_20note.md.tex:946: Preview: Snippet 930 started.
<-><->
      
l.946 $
       h \in F[x],degh>0$
Not a real error.

./_9AD8_7B49_4EE3_65702_20note.md.tex:946: Preview: Snippet 930 ended.(491520+163840x5282386).
<-><->
      
l.946 $h \in F[x],degh>0$
                         
Not a real error.

[930]
./_9AD8_7B49_4EE3_65702_20note.md.tex:947: Preview: Snippet 931 started.
<-><->
      
l.947 $
       h|f,h|g$
Not a real error.

./_9AD8_7B49_4EE3_65702_20note.md.tex:947: Preview: Snippet 931 ended.(491520+163840x2101629).
<-><->
      
l.947 $h|f,h|g$
               
Not a real error.

[931]
./_9AD8_7B49_4EE3_65702_20note.md.tex:948: Preview: Snippet 932 started.
<-><->
      
l.948 $
       \Longleftarrow$
Not a real error.

./_9AD8_7B49_4EE3_65702_20note.md.tex:948: Preview: Snippet 932 ended.(240435+0x1055863).
<-><->
      
l.948 $\Longleftarrow$
                      
Not a real error.

[932]
./_9AD8_7B49_4EE3_65702_20note.md.tex:949: Preview: Snippet 933 started.
<-><->
      
l.949 $
       v_0=0=w_0$
Not a real error.

./_9AD8_7B49_4EE3_65702_20note.md.tex:949: Preview: Snippet 933 ended.(422343+98303x3450150).
<-><->
      
l.949 $v_0=0=w_0$
                 
Not a real error.

[933]
./_9AD8_7B49_4EE3_65702_20note.md.tex:950: Preview: Snippet 934 started.
<-><->
      
l.950 $
       Res(f,g)=0$
Not a real error.

./_9AD8_7B49_4EE3_65702_20note.md.tex:950: Preview: Snippet 934 ended.(491520+163840x3808594).
<-><->
      
l.950 $Res(f,g)=0$
                  
Not a real error.

[934]
./_9AD8_7B49_4EE3_65702_20note.md.tex:951: Preview: Snippet 935 started.
<-><->
      
l.951 $
       h|f,h|g$
Not a real error.

./_9AD8_7B49_4EE3_65702_20note.md.tex:951: Preview: Snippet 935 ended.(491520+163840x2101629).
<-><->
      
l.951 $h|f,h|g$
               
Not a real error.

[935]
./_9AD8_7B49_4EE3_65702_20note.md.tex:952: Preview: Snippet 936 started.
<-><->
      
l.952 $
       f \cdot \frac{g}{h}-g \cdot \frac{f}{h}=0$
Not a real error.

./_9AD8_7B49_4EE3_65702_20note.md.tex:952: Preview: Snippet 936 ended.(610938+225995x4604963).
<-><->
      
l.952 $f \cdot \frac{g}{h}-g \cdot \frac{f}{h}=0$
                                                 
Not a real error.

[936]
./_9AD8_7B49_4EE3_65702_20note.md.tex:953: Preview: Snippet 937 started.
<-><->
      
l.953 $
       \Longrightarrow$
Not a real error.

./_9AD8_7B49_4EE3_65702_20note.md.tex:953: Preview: Snippet 937 ended.(240435+0x1055863).
<-><->
      
l.953 $\Longrightarrow$
                       
Not a real error.

[937]
./_9AD8_7B49_4EE3_65702_20note.md.tex:954: Preview: Snippet 938 started.
<-><->
      
l.954 $
       Res(f,g)=0$
Not a real error.

./_9AD8_7B49_4EE3_65702_20note.md.tex:954: Preview: Snippet 938 ended.(491520+163840x3808594).
<-><->
      
l.954 $Res(f,g)=0$
                  
Not a real error.

[938]
./_9AD8_7B49_4EE3_65702_20note.md.tex:955: Preview: Snippet 939 started.
<-><->
      
l.955 $
       f,g$
Not a real error.

./_9AD8_7B49_4EE3_65702_20note.md.tex:955: Preview: Snippet 939 ended.(455111+127431x982357).
<-><->
      
l.955 $f,g$
           
Not a real error.

[939]
./_9AD8_7B49_4EE3_65702_20note.md.tex:956: Preview: Snippet 940 started.
<-><->
      
l.956 $
       f=0$
Not a real error.

./_9AD8_7B49_4EE3_65702_20note.md.tex:956: Preview: Snippet 940 ended.(455111+127431x1592885).
<-><->
      
l.956 $f=0$
           
Not a real error.

[940]
./_9AD8_7B49_4EE3_65702_20note.md.tex:957: Preview: Snippet 941 started.
<-><->
      
l.957 $
       degg>0$
Not a real error.

./_9AD8_7B49_4EE3_65702_20note.md.tex:957: Preview: Snippet 941 ended.(455111+127431x2519944).
<-><->
      
l.957 $degg>0$
              
Not a real error.

[941]
./_9AD8_7B49_4EE3_65702_20note.md.tex:958: Preview: Snippet 942 started.
<-><->
      
l.958 $
       h=g$
Not a real error.

./_9AD8_7B49_4EE3_65702_20note.md.tex:958: Preview: Snippet 942 ended.(455111+127431x1587496).
<-><->
      
l.958 $h=g$
           
Not a real error.

[942]
./_9AD8_7B49_4EE3_65702_20note.md.tex:959: Preview: Snippet 943 started.
<-><->
      
l.959 $
       w_0=0$
Not a real error.

./_9AD8_7B49_4EE3_65702_20note.md.tex:959: Preview: Snippet 943 ended.(422343+98303x1964673).
<-><->
      
l.959 $w_0=0$
             
Not a real error.

[943]
./_9AD8_7B49_4EE3_65702_20note.md.tex:960: Preview: Snippet 944 started.
<-><->
      
l.960 $
       f,g$
Not a real error.

./_9AD8_7B49_4EE3_65702_20note.md.tex:960: Preview: Snippet 944 ended.(455111+127431x982357).
<-><->
      
l.960 $f,g$
           
Not a real error.

[944]
./_9AD8_7B49_4EE3_65702_20note.md.tex:961: Preview: Snippet 945 started.
<-><->
      
l.961 $
       (v_0,w_0) \neq (0,0)$
Not a real error.

./_9AD8_7B49_4EE3_65702_20note.md.tex:961: Preview: Snippet 945 ended.(491520+163840x4506015).
<-><->
      
l.961 $(v_0,w_0) \neq (0,0)$
                            
Not a real error.

[945]
./_9AD8_7B49_4EE3_65702_20note.md.tex:962: Preview: Snippet 946 started.
<-><->
      
l.962 $
       f_1,g_1 \neq 0$
Not a real error.

./_9AD8_7B49_4EE3_65702_20note.md.tex:962: Preview: Snippet 946 ended.(455111+127431x2714203).
<-><->
      
l.962 $f_1,g_1 \neq 0$
                      
Not a real error.

[946]
./_9AD8_7B49_4EE3_65702_20note.md.tex:963: Preview: Snippet 947 started.
<-><->
      
l.963 $
       f_1g+fg_1=0$
Not a real error.

./_9AD8_7B49_4EE3_65702_20note.md.tex:963: Preview: Snippet 947 ended.(455111+127431x3951421).
<-><->
      
l.963 $f_1g+fg_1=0$
                   
Not a real error.

[947]
./_9AD8_7B49_4EE3_65702_20note.md.tex:964: Preview: Snippet 948 started.
<-><->
      
l.964 $
       F(x):=Frac(F[x])$
Not a real error.

./_9AD8_7B49_4EE3_65702_20note.md.tex:964: Preview: Snippet 948 ended.(491520+163840x5669776).
<-><->
      
l.964 $F(x):=Frac(F[x])$
                        
Not a real error.

[948]
./_9AD8_7B49_4EE3_65702_20note.md.tex:965: Preview: Snippet 949 started.
<-><->
      
l.965 $
       \frac{f}{g}=\frac{-f_1}{g_1}$
Not a real error.

./_9AD8_7B49_4EE3_65702_20note.md.tex:965: Preview: Snippet 949 ended.(610938+315196x2416279).
<-><->
      
l.965 $\frac{f}{g}=\frac{-f_1}{g_1}$
                                    
Not a real error.

[949]
./_9AD8_7B49_4EE3_65702_20note.md.tex:966: Preview: Snippet 950 started.
<-><->
      
l.966 $
       f$
Not a real error.

./_9AD8_7B49_4EE3_65702_20note.md.tex:966: Preview: Snippet 950 ended.(455111+127431x391398).
<-><->
      
l.966 $f$
         
Not a real error.

[950]
./_9AD8_7B49_4EE3_65702_20note.md.tex:967: Preview: Snippet 951 started.
<-><->
      
l.967 $
       g$
Not a real error.

./_9AD8_7B49_4EE3_65702_20note.md.tex:967: Preview: Snippet 951 ended.(282168+127431x336099).
<-><->
      
l.967 $g$
         
Not a real error.

[951]
./_9AD8_7B49_4EE3_65702_20note.md.tex:968: Preview: Snippet 952 started.
<-><->
      
l.968 $
       g|g_1$
Not a real error.

./_9AD8_7B49_4EE3_65702_20note.md.tex:968: Preview: Snippet 952 ended.(491520+163840x1124733).
<-><->
      
l.968 $g|g_1$
             
Not a real error.

[952]
./_9AD8_7B49_4EE3_65702_20note.md.tex:969: Preview: Snippet 953 started.
<-><->
      
l.969 $
       n,m \in \mathbb{Z}_{\geq 1}$
Not a real error.

./_9AD8_7B49_4EE3_65702_20note.md.tex:969: Preview: Snippet 953 ended.(451470+183387x3201554).
<-><->
      
l.969 $n,m \in \mathbb{Z}_{\geq 1}$
                                   
Not a real error.

[953]
./_9AD8_7B49_4EE3_65702_20note.md.tex:970: Preview: Snippet 954 started.
<-><->
      
l.970 $
       f=a\prod_i(x-\alpha_i),\,g=b\prod_j(x-\beta_j)$
Not a real error.

./_9AD8_7B49_4EE3_65702_20note.md.tex:970: Preview: Snippet 954 ended.(491524+285812x10108753).
<-><->
      
l.970 ...od_i(x-\alpha_i),\,g=b\prod_j(x-\beta_j)$
                                                  
Not a real error.

[954]
./_9AD8_7B49_4EE3_65702_20note.md.tex:971: Preview: Snippet 955 started.
<-><->
      
l.971 $
       Res(f,g)=a^m\prod_ig(\alpha_i)=(-1)^{nm}b^n\prod_jf(\beta_j)=\alpha^m...
Not a real error.

./_9AD8_7B49_4EE3_65702_20note.md.tex:971: Preview: Snippet 955 ended.(491524+285812x19701842).
<-><->
      
l.971 ...ha^m\beta^n\prod_{i,j}(\alpha_i-\beta_j)$
                                                  
Not a real error.

[955]
./_9AD8_7B49_4EE3_65702_20note.md.tex:972: Preview: Snippet 956 started.
<-><->
      
l.972 $
       Res(f,g)=a^m\prod_ig(\alpha_i)$
Not a real error.

./_9AD8_7B49_4EE3_65702_20note.md.tex:972: Preview: Snippet 956 ended.(491524+196611x6863985).
<-><->
      
l.972 $Res(f,g)=a^m\prod_ig(\alpha_i)$
                                      
Not a real error.

[956]
./_9AD8_7B49_4EE3_65702_20note.md.tex:973: Preview: Snippet 957 started.
<-><->
      
l.973 $
       g(\alpha_1),\cdots,g(\alpha_n)$
Not a real error.

./_9AD8_7B49_4EE3_65702_20note.md.tex:973: Preview: Snippet 957 ended.(491520+163840x4746426).
<-><->
      
l.973 $g(\alpha_1),\cdots,g(\alpha_n)$
                                      
Not a real error.

[957]
./_9AD8_7B49_4EE3_65702_20note.md.tex:974: Preview: Snippet 958 started.
<-><->
      
l.974 $
       Res(f,g-y) \in F[y]$
Not a real error.

./_9AD8_7B49_4EE3_65702_20note.md.tex:974: Preview: Snippet 958 ended.(491520+163840x5775279).
<-><->
      
l.974 $Res(f,g-y) \in F[y]$
                           
Not a real error.

[958]
./_9AD8_7B49_4EE3_65702_20note.md.tex:975: Preview: Snippet 959 started.
<-><->
      
l.975 $
       n$
Not a real error.

./_9AD8_7B49_4EE3_65702_20note.md.tex:975: Preview: Snippet 959 ended.(282168+0x393370).
<-><->
      
l.975 $n$
         
Not a real error.

[959]
./_9AD8_7B49_4EE3_65702_20note.md.tex:976: Preview: Snippet 960 started.
<-><->
      
l.976 $
       f$
Not a real error.

./_9AD8_7B49_4EE3_65702_20note.md.tex:976: Preview: Snippet 960 ended.(455111+127431x391398).
<-><->
      
l.976 $f$
         
Not a real error.

[960]
./_9AD8_7B49_4EE3_65702_20note.md.tex:977: Preview: Snippet 961 started.
<-><->
      
l.977 $
       g-g(\alpha_i)$
Not a real error.

./_9AD8_7B49_4EE3_65702_20note.md.tex:977: Preview: Snippet 961 ended.(491520+163840x2620337).
<-><->
      
l.977 $g-g(\alpha_i)$
                     
Not a real error.

[961]
./_9AD8_7B49_4EE3_65702_20note.md.tex:978: Preview: Snippet 962 started.
<-><->
      
l.978 $
       \alpha_i$
Not a real error.

./_9AD8_7B49_4EE3_65702_20note.md.tex:978: Preview: Snippet 962 ended.(282168+98303x637423).
<-><->
      
l.978 $\alpha_i$
                
Not a real error.

[962]
./_9AD8_7B49_4EE3_65702_20note.md.tex:979: Preview: Snippet 963 started.
<-><->
      
l.979 $
       \prod_i(g(\alpha_i)-y)|Res(f,g-y)$
Not a real error.

./_9AD8_7B49_4EE3_65702_20note.md.tex:979: Preview: Snippet 963 ended.(491524+196611x7910895).
<-><->
      
l.979 $\prod_i(g(\alpha_i)-y)|Res(f,g-y)$
                                         
Not a real error.

[963]
./_9AD8_7B49_4EE3_65702_20note.md.tex:980: Preview: Snippet 964 started.
<-><->
      
l.980 $
       deg_y=n$
Not a real error.

./_9AD8_7B49_4EE3_65702_20note.md.tex:980: Preview: Snippet 964 ended.(455111+187504x2541036).
<-><->
      
l.980 $deg_y=n$
               
Not a real error.

[964]
./_9AD8_7B49_4EE3_65702_20note.md.tex:981: Preview: Snippet 965 started.
<-><->
      
l.981 $
       f,g$
Not a real error.

./_9AD8_7B49_4EE3_65702_20note.md.tex:981: Preview: Snippet 965 ended.(455111+127431x982357).
<-><->
      
l.981 $f,g$
           
Not a real error.

[965]
./_9AD8_7B49_4EE3_65702_20note.md.tex:982: Preview: Snippet 966 started.
<-><->
      
l.982 $
       g$
Not a real error.

./_9AD8_7B49_4EE3_65702_20note.md.tex:982: Preview: Snippet 966 ended.(282168+127431x336099).
<-><->
      
l.982 $g$
         
Not a real error.

[966]
./_9AD8_7B49_4EE3_65702_20note.md.tex:983: Preview: Snippet 967 started.
<-><->
      
l.983 $
       b \neq 0$
Not a real error.

./_9AD8_7B49_4EE3_65702_20note.md.tex:983: Preview: Snippet 967 ended.(455111+127430x1482745).
<-><->
      
l.983 $b \neq 0$
                
Not a real error.

[967]
./_9AD8_7B49_4EE3_65702_20note.md.tex:984: Preview: Snippet 968 started.
<-><->
      
l.984 $
       f=\prod_i(x-z_i)$
Not a real error.

./_9AD8_7B49_4EE3_65702_20note.md.tex:984: Preview: Snippet 968 ended.(491524+196611x4310580).
<-><->
      
l.984 $f=\prod_i(x-z_i)$
                        
Not a real error.

[968]
./_9AD8_7B49_4EE3_65702_20note.md.tex:985: Preview: Snippet 969 started.
<-><->
      
l.985 $
       Res(f,g)=\prod_ig(z_i)$
Not a real error.

./_9AD8_7B49_4EE3_65702_20note.md.tex:985: Preview: Snippet 969 ended.(491524+196611x5796066).
<-><->
      
l.985 $Res(f,g)=\prod_ig(z_i)$
                              
Not a real error.

[969]
./_9AD8_7B49_4EE3_65702_20note.md.tex:986: Preview: Snippet 970 started.
<-><->
      
l.986 $
       g(z_1),\cdots,g(z_n)$
Not a real error.

./_9AD8_7B49_4EE3_65702_20note.md.tex:986: Preview: Snippet 970 ended.(491520+163840x4517506).
<-><->
      
l.986 $g(z_1),\cdots,g(z_n)$
                            
Not a real error.

[970]
./_9AD8_7B49_4EE3_65702_20note.md.tex:987: Preview: Snippet 971 started.
<-><->
      
l.987 $
       F[z_1,\cdots,z_n]$
Not a real error.

./_9AD8_7B49_4EE3_65702_20note.md.tex:987: Preview: Snippet 971 ended.(491520+163840x3702402).
<-><->
      
l.987 $F[z_1,\cdots,z_n]$
                         
Not a real error.

[971]
./_9AD8_7B49_4EE3_65702_20note.md.tex:988: Preview: Snippet 972 started.
<-><->
      
l.988 $
       z_i \rightarrow \alpha_i$
Not a real error.

./_9AD8_7B49_4EE3_65702_20note.md.tex:988: Preview: Snippet 972 ended.(282168+98303x2179827).
<-><->
      
l.988 $z_i \rightarrow \alpha_i$
                                
Not a real error.

[972]
./_9AD8_7B49_4EE3_65702_20note.md.tex:989: Preview: Snippet 973 started.
<-><->
      
l.989 $
       f=a \prod_i(x-\alpha)$
Not a real error.

./_9AD8_7B49_4EE3_65702_20note.md.tex:989: Preview: Snippet 973 ended.(491524+196611x4664918).
<-><->
      
l.989 $f=a \prod_i(x-\alpha)$
                             
Not a real error.

[973]
./_9AD8_7B49_4EE3_65702_20note.md.tex:990: Preview: Snippet 974 started.
<-><->
      
l.990 $
       F[x]$
Not a real error.

./_9AD8_7B49_4EE3_65702_20note.md.tex:990: Preview: Snippet 974 ended.(491520+163840x1251102).
<-><->
      
l.990 $F[x]$
            
Not a real error.

[974]
./_9AD8_7B49_4EE3_65702_20note.md.tex:991: Preview: Snippet 975 started.
<-><->
      
l.991 $
       disc(f):=a^{2n-2}\prod_{i<j}(\alpha_i-\alpha_j)^2$
Not a real error.

./_9AD8_7B49_4EE3_65702_20note.md.tex:991: Preview: Snippet 975 ended.(533465+285812x9286748).
<-><->
      
l.991 ...a^{2n-2}\prod_{i<j}(\alpha_i-\alpha_j)^2$
                                                  
Not a real error.

[975]
./_9AD8_7B49_4EE3_65702_20note.md.tex:992: Preview: Snippet 976 started.
<-><->
      
l.992 $
       a \cdot disc(f)=(-1)^{\frac{n(n-1)}2}Res(f,f')$
Not a real error.

./_9AD8_7B49_4EE3_65702_20note.md.tex:992: Preview: Snippet 976 ended.(713615+163840x9646039).
<-><->
      
l.992 ...t disc(f)=(-1)^{\frac{n(n-1)}2}Res(f,f')$
                                                  
Not a real error.

[976]
./_9AD8_7B49_4EE3_65702_20note.md.tex:993: Preview: Snippet 977 started.
<-><->
      
l.993 $
       \forall k \geq 0$
Not a real error.

./_9AD8_7B49_4EE3_65702_20note.md.tex:993: Preview: Snippet 977 ended.(455111+89110x1927391).
<-><->
      
l.993 $\forall k \geq 0$
                        
Not a real error.

[977]
./_9AD8_7B49_4EE3_65702_20note.md.tex:994: Preview: Snippet 978 started.
<-><->
      
l.994 $
       x \in \mathbb{Z}_{\geq 1}$
Not a real error.

./_9AD8_7B49_4EE3_65702_20note.md.tex:994: Preview: Snippet 978 ended.(451470+183387x2316056).
<-><->
      
l.994 $x \in \mathbb{Z}_{\geq 1}$
                                 
Not a real error.

[978]
./_9AD8_7B49_4EE3_65702_20note.md.tex:995: Preview: Snippet 979 started.
<-><->
      
l.995 $
       p_k:=\sum_{i=1}^nx_i^k$
Not a real error.

./_9AD8_7B49_4EE3_65702_20note.md.tex:995: Preview: Snippet 979 ended.(556402+196611x4087769).
<-><->
      
l.995 $p_k:=\sum_{i=1}^nx_i^k$
                              
Not a real error.

[979]
./_9AD8_7B49_4EE3_65702_20note.md.tex:996: Preview: Snippet 980 started.
<-><->
      
l.996 $
       e_1,\cdots,e_n$
Not a real error.

./_9AD8_7B49_4EE3_65702_20note.md.tex:996: Preview: Snippet 980 ended.(291271+127431x2826612).
<-><->
      
l.996 $e_1,\cdots,e_n$
                      
Not a real error.

[980]
./_9AD8_7B49_4EE3_65702_20note.md.tex:997: Preview: Snippet 981 started.
<-><->
      
l.997 $
       e_0:=1$
Not a real error.

./_9AD8_7B49_4EE3_65702_20note.md.tex:997: Preview: Snippet 981 ended.(422343+98303x1982688).
<-><->
      
l.997 $e_0:=1$
              
Not a real error.

[981]
./_9AD8_7B49_4EE3_65702_20note.md.tex:998: Preview: Snippet 982 started.
<-><->
      
l.998 $
       1 \leq k \leq n$
Not a real error.

./_9AD8_7B49_4EE3_65702_20note.md.tex:998: Preview: Snippet 982 ended.(455111+89110x2830477).
<-><->
      
l.998 $1 \leq k \leq n$
                       
Not a real error.

[982]
./_9AD8_7B49_4EE3_65702_20note.md.tex:999: Preview: Snippet 983 started.
<-><->
      
l.999 $
       e_0p_k-e_1p_{k-1}+ \cdots+(-1)^kke_k=0$
Not a real error.

./_9AD8_7B49_4EE3_65702_20note.md.tex:999: Preview: Snippet 983 ended.(556402+163840x10201536).
<-><->
      
l.999 $e_0p_k-e_1p_{k-1}+ \cdots+(-1)^kke_k=0$
                                              
Not a real error.

[983]
./_9AD8_7B49_4EE3_65702_20note.md.tex:1000: Preview: Snippet 984 started.
<-><->
      
l.1000 $
        k \geq n$
Not a real error.

./_9AD8_7B49_4EE3_65702_20note.md.tex:1000: Preview: Snippet 984 ended.(455111+89110x1628990).
<-><->
      
l.1000 $k \geq n$
                 
Not a real error.

[984]
./_9AD8_7B49_4EE3_65702_20note.md.tex:1001: Preview: Snippet 985 started.
<-><->
      
l.1001 $
        p_k-e_1p_{k-1}+ \cdots+(-1)^ne_np_{k-n}=0$
Not a real error.

./_9AD8_7B49_4EE3_65702_20note.md.tex:1001: Preview: Snippet 985 ended.(491520+163840x10694881).
<-><->
      
l.1001 $p_k-e_1p_{k-1}+ \cdots+(-1)^ne_np_{k-n}=0$
                                                  
Not a real error.

[985]
./_9AD8_7B49_4EE3_65702_20note.md.tex:1002: Preview: Snippet 986 started.
<-><->
      
l.1002 $
        p_k$
Not a real error.

./_9AD8_7B49_4EE3_65702_20note.md.tex:1002: Preview: Snippet 986 ended.(282168+127431x652176).
<-><->
      
l.1002 $p_k$
            
Not a real error.

[986]
./_9AD8_7B49_4EE3_65702_20note.md.tex:1003: Preview: Snippet 987 started.
<-><->
      
l.1003 $
        e_1,\cdots,e_n$
Not a real error.

./_9AD8_7B49_4EE3_65702_20note.md.tex:1003: Preview: Snippet 987 ended.(291271+127431x2826612).
<-><->
      
l.1003 $e_1,\cdots,e_n$
                       
Not a real error.

[987]
./_9AD8_7B49_4EE3_65702_20note.md.tex:1004: Preview: Snippet 988 started.
<-><->
      
l.1004 $
        /\mathbb{Z}$
Not a real error.

./_9AD8_7B49_4EE3_65702_20note.md.tex:1004: Preview: Snippet 988 ended.(491520+163840x764589).
<-><->
      
l.1004 $/\mathbb{Z}$
                    
Not a real error.

[988]
./_9AD8_7B49_4EE3_65702_20note.md.tex:1005: Preview: Snippet 989 started.
<-><->
      
l.1005 $
        e_k$
Not a real error.

./_9AD8_7B49_4EE3_65702_20note.md.tex:1005: Preview: Snippet 989 ended.(282168+98303x627601).
<-><->
      
l.1005 $e_k$
            
Not a real error.

[989]
./_9AD8_7B49_4EE3_65702_20note.md.tex:1006: Preview: Snippet 990 started.
<-><->
      
l.1006 $
        p_1,\cdots,p_n$
Not a real error.

./_9AD8_7B49_4EE3_65702_20note.md.tex:1006: Preview: Snippet 990 ended.(291271+127431x2875762).
<-><->
      
l.1006 $p_1,\cdots,p_n$
                       
Not a real error.

[990]
./_9AD8_7B49_4EE3_65702_20note.md.tex:1007: Preview: Snippet 991 started.
<-><->
      
l.1007 $
        /\mathbb{Q}$
Not a real error.

./_9AD8_7B49_4EE3_65702_20note.md.tex:1007: Preview: Snippet 991 ended.(491520+163840x837407).
<-><->
      
l.1007 $/\mathbb{Q}$
                    
Not a real error.

[991]
./_9AD8_7B49_4EE3_65702_20note.md.tex:1008: Preview: Snippet 992 started.
<-><->
      
l.1008 $
        Y:P(y):=\sum_{k \geq 1}y^{k-1}=\sum_{k \geq 1}\sum_{i=1}^nx_i^ky^{k-...
Not a real error.

./_9AD8_7B49_4EE3_65702_20note.md.tex:1008: Preview: Snippet 992 ended.(556402+315196x17375587).
<-><->
      
l.1008 ...^{k-1}=\sum_{i=1}^n\frac{x_i}{1-x_iy_i}$
                                                  
Not a real error.

[992]
./_9AD8_7B49_4EE3_65702_20note.md.tex:1009: Preview: Snippet 993 started.
<-><->
      
l.1009 $
        E(y)=\sum_{k=0}^{n}e_ky^k=\prod_{i=1}^n(1+x_iy)$
Not a real error.

./_9AD8_7B49_4EE3_65702_20note.md.tex:1009: Preview: Snippet 993 ended.(556402+196611x10282250).
<-><->
      
l.1009 ...m_{k=0}^{n}e_ky^k=\prod_{i=1}^n(1+x_iy)$
                                                  
Not a real error.

[993]
./_9AD8_7B49_4EE3_65702_20note.md.tex:1010: Preview: Snippet 994 started.
<-><->
      
l.1010 $
        P(-y)=\sum_{i=1}^n\frac{x_i}{1+x_iy}=\frac{E'(y)}{E_y}$
Not a real error.

./_9AD8_7B49_4EE3_65702_20note.md.tex:1010: Preview: Snippet 994 ended.(697667+355246x8350650).
<-><->
      
l.1010 ...}^n\frac{x_i}{1+x_iy}=\frac{E'(y)}{E_y}$
                                                  
Not a real error.

[994]
./_9AD8_7B49_4EE3_65702_20note.md.tex:1011: Preview: Snippet 995 started.
<-><->
      
l.1011 $
        E(y)P(-y)=E'(Y)=\sum_{k=1}^nke_ky^k$
Not a real error.

./_9AD8_7B49_4EE3_65702_20note.md.tex:1011: Preview: Snippet 995 ended.(556402+196611x10184708).
<-><->
      
l.1011 $E(y)P(-y)=E'(Y)=\sum_{k=1}^nke_ky^k$
                                            
Not a real error.

[995]
./_9AD8_7B49_4EE3_65702_20note.md.tex:1012: Preview: Snippet 996 started.
<-><->
      
l.1012 $
        R$
Not a real error.

./_9AD8_7B49_4EE3_65702_20note.md.tex:1012: Preview: Snippet 996 ended.(447828+0x502671).
<-><->
      
l.1012 $R$
          
Not a real error.

[996]
./_9AD8_7B49_4EE3_65702_20note.md.tex:1013: Preview: Snippet 997 started.
<-><->
      
l.1013 $
        x,y \in R$
Not a real error.

./_9AD8_7B49_4EE3_65702_20note.md.tex:1013: Preview: Snippet 997 ended.(447828+127431x2314308).
<-><->
      
l.1013 $x,y \in R$
                  
Not a real error.

[997]
./_9AD8_7B49_4EE3_65702_20note.md.tex:1014: Preview: Snippet 998 started.
<-><->
      
l.1014 $
        \exists u \in R$
Not a real error.

./_9AD8_7B49_4EE3_65702_20note.md.tex:1014: Preview: Snippet 998 ended.(455111+25623x2042915).
<-><->
      
l.1014 $\exists u \in R$
                        
Not a real error.

[998]
./_9AD8_7B49_4EE3_65702_20note.md.tex:1015: Preview: Snippet 999 started.
<-><->
      
l.1015 $
        xu=y$
Not a real error.

./_9AD8_7B49_4EE3_65702_20note.md.tex:1015: Preview: Snippet 999 ended.(282168+127431x1968352).
<-><->
      
l.1015 $xu=y$
             
Not a real error.

[999]
./_9AD8_7B49_4EE3_65702_20note.md.tex:1016: Preview: Snippet 1000 started.
<-><->
      
l.1016 $
        x \in R-R^\times$
Not a real error.

./_9AD8_7B49_4EE3_65702_20note.md.tex:1016: Preview: Snippet 1000 ended.(521815+54613x3424245).
<-><->
      
l.1016 $x \in R-R^\times$
                         
Not a real error.

[1000]
./_9AD8_7B49_4EE3_65702_20note.md.tex:1017: Preview: Snippet 1001 started.
<-><->
      
l.1017 $
        x=ab$
Not a real error.

./_9AD8_7B49_4EE3_65702_20note.md.tex:1017: Preview: Snippet 1001 ended.(455111+0x1876036).
<-><->
      
l.1017 $x=ab$
             
Not a real error.

[1001]
./_9AD8_7B49_4EE3_65702_20note.md.tex:1018: Preview: Snippet 1002 started.
<-><->
      
l.1018 $
        x$
Not a real error.

./_9AD8_7B49_4EE3_65702_20note.md.tex:1018: Preview: Snippet 1002 ended.(282168+0x374556).
<-><->
      
l.1018 $x$
          
Not a real error.

[1002]
./_9AD8_7B49_4EE3_65702_20note.md.tex:1019: Preview: Snippet 1003 started.
<-><->
      
l.1019 $
        R$
Not a real error.

./_9AD8_7B49_4EE3_65702_20note.md.tex:1019: Preview: Snippet 1003 ended.(447828+0x502671).
<-><->
      
l.1019 $R$
          
Not a real error.

[1003]
./_9AD8_7B49_4EE3_65702_20note.md.tex:1020: Preview: Snippet 1004 started.
<-><->
      
l.1020 $
        F$
Not a real error.

./_9AD8_7B49_4EE3_65702_20note.md.tex:1020: Preview: Snippet 1004 ended.(447828+0x512456).
<-><->
      
l.1020 $F$
          
Not a real error.

[1004]
./_9AD8_7B49_4EE3_65702_20note.md.tex:1021: Preview: Snippet 1005 started.
<-><->
      
l.1021 $
        R=F[x]$
Not a real error.

./_9AD8_7B49_4EE3_65702_20note.md.tex:1021: Preview: Snippet 1005 ended.(491520+163840x2627579).
<-><->
      
l.1021 $R=F[x]$
               
Not a real error.

[1005]
./_9AD8_7B49_4EE3_65702_20note.md.tex:1022: Preview: Snippet 1006 started.
<-><->
      
l.1022 $
        R^\times=F^\times$
Not a real error.

./_9AD8_7B49_4EE3_65702_20note.md.tex:1022: Preview: Snippet 1006 ended.(521815+0x2773671).
<-><->
      
l.1022 $R^\times=F^\times$
                          
Not a real error.

[1006]
./_9AD8_7B49_4EE3_65702_20note.md.tex:1023: Preview: Snippet 1007 started.
<-><->
      
l.1023 $
        f \in F[x]-F$
Not a real error.

./_9AD8_7B49_4EE3_65702_20note.md.tex:1023: Preview: Snippet 1007 ended.(491520+163840x3756934).
<-><->
      
l.1023 $f \in F[x]-F$
                     
Not a real error.

[1007]
./_9AD8_7B49_4EE3_65702_20note.md.tex:1024: Preview: Snippet 1008 started.
<-><->
      
l.1024 $
        f=g_1g_2 \Rightarrow g_1 \in F^\times || g_2 \in F^\times$
Not a real error.

./_9AD8_7B49_4EE3_65702_20note.md.tex:1024: Preview: Snippet 1008 ended.(521815+163840x8586717).
<-><->
      
l.1024 ...ow g_1 \in F^\times || g_2 \in F^\times$
                                                  
Not a real error.

[1008]
./_9AD8_7B49_4EE3_65702_20note.md.tex:1025: Preview: Snippet 1009 started.
<-><->
      
l.1025 $
        \mathbb{Z}$
Not a real error.

./_9AD8_7B49_4EE3_65702_20note.md.tex:1025: Preview: Snippet 1009 ended.(451470+0x436908).
<-><->
      
l.1025 $\mathbb{Z}$
                   
Not a real error.

[1009]
./_9AD8_7B49_4EE3_65702_20note.md.tex:1026: Preview: Snippet 1010 started.
<-><->
      
l.1026 $
        2x \in \mathbb{Z}[x]$
Not a real error.

./_9AD8_7B49_4EE3_65702_20note.md.tex:1026: Preview: Snippet 1010 ended.(491520+163840x2678779).
<-><->
      
l.1026 $2x \in \mathbb{Z}[x]$
                             
Not a real error.

[1010]
./_9AD8_7B49_4EE3_65702_20note.md.tex:1027: Preview: Snippet 1011 started.
<-><->
      
l.1027 $
        \mathbb{Q}[x]$
Not a real error.

./_9AD8_7B49_4EE3_65702_20note.md.tex:1027: Preview: Snippet 1011 ended.(491520+163840x1248372).
<-><->
      
l.1027 $\mathbb{Q}[x]$
                      
Not a real error.

[1011]
./_9AD8_7B49_4EE3_65702_20note.md.tex:1028: Preview: Snippet 1012 started.
<-><->
      
l.1028 $
        \mathbb{Z}[x]$
Not a real error.

./_9AD8_7B49_4EE3_65702_20note.md.tex:1028: Preview: Snippet 1012 ended.(491520+163840x1175554).
<-><->
      
l.1028 $\mathbb{Z}[x]$
                      
Not a real error.

[1012]
./_9AD8_7B49_4EE3_65702_20note.md.tex:1029: Preview: Snippet 1013 started.
<-><->
      
l.1029 $
        f=a_0+ \cdots+a_nx^n$
Not a real error.

./_9AD8_7B49_4EE3_65702_20note.md.tex:1029: Preview: Snippet 1013 ended.(455111+127431x5706626).
<-><->
      
l.1029 $f=a_0+ \cdots+a_nx^n$
                             
Not a real error.

[1013]
./_9AD8_7B49_4EE3_65702_20note.md.tex:1030: Preview: Snippet 1014 started.
<-><->
      
l.1030 $
        c(f):=gcd(a_0,\cdots,a_n)$
Not a real error.

./_9AD8_7B49_4EE3_65702_20note.md.tex:1030: Preview: Snippet 1014 ended.(491520+163840x6620266).
<-><->
      
l.1030 $c(f):=gcd(a_0,\cdots,a_n)$
                                  
Not a real error.

[1014]
./_9AD8_7B49_4EE3_65702_20note.md.tex:1031: Preview: Snippet 1015 started.
<-><->
      
l.1031 $
        c(f)=1$
Not a real error.

./_9AD8_7B49_4EE3_65702_20note.md.tex:1031: Preview: Snippet 1015 ended.(491520+163840x2386222).
<-><->
      
l.1031 $c(f)=1$
               
Not a real error.

[1015]
./_9AD8_7B49_4EE3_65702_20note.md.tex:1032: Preview: Snippet 1016 started.
<-><->
      
l.1032 $
        f$
Not a real error.

./_9AD8_7B49_4EE3_65702_20note.md.tex:1032: Preview: Snippet 1016 ended.(455111+127431x391398).
<-><->
      
l.1032 $f$
          
Not a real error.

[1016]
./_9AD8_7B49_4EE3_65702_20note.md.tex:1033: Preview: Snippet 1017 started.
<-><->
      
l.1033 $
        g,h \in \mathbb{Z}[x]$
Not a real error.

./_9AD8_7B49_4EE3_65702_20note.md.tex:1033: Preview: Snippet 1017 ended.(491520+163840x2981501).
<-><->
      
l.1033 $g,h \in \mathbb{Z}[x]$
                              
Not a real error.

[1017]
./_9AD8_7B49_4EE3_65702_20note.md.tex:1034: Preview: Snippet 1018 started.
<-><->
      
l.1034 $
        gh$
Not a real error.

./_9AD8_7B49_4EE3_65702_20note.md.tex:1034: Preview: Snippet 1018 ended.(455111+127431x713690).
<-><->
      
l.1034 $gh$
           
Not a real error.

[1018]
./_9AD8_7B49_4EE3_65702_20note.md.tex:1035: Preview: Snippet 1019 started.
<-><->
      
l.1035 $
        \forall p$
Not a real error.

./_9AD8_7B49_4EE3_65702_20note.md.tex:1035: Preview: Snippet 1019 ended.(455111+127431x693818).
<-><->
      
l.1035 $\forall p$
                  
Not a real error.

[1019]
./_9AD8_7B49_4EE3_65702_20note.md.tex:1036: Preview: Snippet 1020 started.
<-><->
      
l.1036 $
        g=a_0+\cdots+a_rx^r+\cdots$
Not a real error.

./_9AD8_7B49_4EE3_65702_20note.md.tex:1036: Preview: Snippet 1020 ended.(435343+127431x7193076).
<-><->
      
l.1036 $g=a_0+\cdots+a_rx^r+\cdots$
                                   
Not a real error.

[1020]
./_9AD8_7B49_4EE3_65702_20note.md.tex:1037: Preview: Snippet 1021 started.
<-><->
      
l.1037 $
        r$
Not a real error.

./_9AD8_7B49_4EE3_65702_20note.md.tex:1037: Preview: Snippet 1021 ended.(282168+0x313876).
<-><->
      
l.1037 $r$
          
Not a real error.

[1021]
./_9AD8_7B49_4EE3_65702_20note.md.tex:1038: Preview: Snippet 1022 started.
<-><->
      
l.1038 $
        p \nmid a_r$
Not a real error.

./_9AD8_7B49_4EE3_65702_20note.md.tex:1038: Undefined control sequence.
l.1038 $p \nmid
                a_r$
The control sequence at the end of the top line
of your error message was never \def'ed. If you have
misspelled it (e.g., `\hobx'), type `I' and the correct
spelling (e.g., `I\hbox'). Otherwise just continue,
and I'll forget about whatever was undefined.

./_9AD8_7B49_4EE3_65702_20note.md.tex:1038: Preview: Snippet 1022 ended.(282168+127431x966354).
<-><->
      
l.1038 $p \nmid a_r$
                    
Not a real error.

[1022]
./_9AD8_7B49_4EE3_65702_20note.md.tex:1039: Preview: Snippet 1023 started.
<-><->
      
l.1039 $
        h=b_0+\cdots+b_sx^s+\cdots$
Not a real error.

./_9AD8_7B49_4EE3_65702_20note.md.tex:1039: Preview: Snippet 1023 ended.(455111+98303x7084076).
<-><->
      
l.1039 $h=b_0+\cdots+b_sx^s+\cdots$
                                   
Not a real error.

[1023]
./_9AD8_7B49_4EE3_65702_20note.md.tex:1040: Preview: Snippet 1024 started.
<-><->
      
l.1040 $
        x^{r+s}$
Not a real error.

./_9AD8_7B49_4EE3_65702_20note.md.tex:1040: Preview: Snippet 1024 ended.(521815+0x1314440).
<-><->
      
l.1040 $x^{r+s}$
                
Not a real error.

[1024]
./_9AD8_7B49_4EE3_65702_20note.md.tex:1041: Preview: Snippet 1025 started.
<-><->
      
l.1041 $
        p$
Not a real error.

./_9AD8_7B49_4EE3_65702_20note.md.tex:1041: Preview: Snippet 1025 ended.(282168+127431x329728).
<-><->
      
l.1041 $p$
          
Not a real error.

[1025]
./_9AD8_7B49_4EE3_65702_20note.md.tex:1042: Preview: Snippet 1026 started.
<-><->
      
l.1042 $
        gh$
Not a real error.

./_9AD8_7B49_4EE3_65702_20note.md.tex:1042: Preview: Snippet 1026 ended.(455111+127431x713690).
<-><->
      
l.1042 $gh$
           
Not a real error.

[1026]
./_9AD8_7B49_4EE3_65702_20note.md.tex:1043: Preview: Snippet 1027 started.
<-><->
      
l.1043 $
        \mathbb{F}_p[x]$
Not a real error.

./_9AD8_7B49_4EE3_65702_20note.md.tex:1043: Preview: Snippet 1027 ended.(491520+187504x1442074).
<-><->
      
l.1043 $\mathbb{F}_p[x]$
                        
Not a real error.

[1027]
./_9AD8_7B49_4EE3_65702_20note.md.tex:1044: Preview: Snippet 1028 started.
<-><->
      
l.1044 $
        f \in \mathbb{Z}[x]-\{0\}$
Not a real error.

./_9AD8_7B49_4EE3_65702_20note.md.tex:1044: Preview: Snippet 1028 ended.(491520+163840x4151973).
<-><->
      
l.1044 $f \in \mathbb{Z}[x]-\{0\}$
                                  
Not a real error.

[1028]
./_9AD8_7B49_4EE3_65702_20note.md.tex:1045: Preview: Snippet 1029 started.
<-><->
      
l.1045 $
        f=gh$
Not a real error.

./_9AD8_7B49_4EE3_65702_20note.md.tex:1045: Preview: Snippet 1029 ended.(455111+127431x1978894).
<-><->
      
l.1045 $f=gh$
             
Not a real error.

[1029]
./_9AD8_7B49_4EE3_65702_20note.md.tex:1046: Preview: Snippet 1030 started.
<-><->
      
l.1046 $
        \mathbb{Q}[x]$
Not a real error.

./_9AD8_7B49_4EE3_65702_20note.md.tex:1046: Preview: Snippet 1030 ended.(491520+163840x1248372).
<-><->
      
l.1046 $\mathbb{Q}[x]$
                      
Not a real error.

[1030]
./_9AD8_7B49_4EE3_65702_20note.md.tex:1047: Preview: Snippet 1031 started.
<-><->
      
l.1047 $
        \alpha \in \mathbb{Q}$
Not a real error.

./_9AD8_7B49_4EE3_65702_20note.md.tex:1047: Preview: Snippet 1031 ended.(451470+109226x1732375).
<-><->
      
l.1047 $\alpha \in \mathbb{Q}$
                              
Not a real error.

[1031]
./_9AD8_7B49_4EE3_65702_20note.md.tex:1048: Preview: Snippet 1032 started.
<-><->
      
l.1048 $
        g_1:=\alpha g,h_1=\alpha^{-1}h$
Not a real error.

./_9AD8_7B49_4EE3_65702_20note.md.tex:1048: Preview: Snippet 1032 ended.(533465+127431x5759725).
<-><->
      
l.1048 $g_1:=\alpha g,h_1=\alpha^{-1}h$
                                       
Not a real error.

[1032]
./_9AD8_7B49_4EE3_65702_20note.md.tex:1049: Preview: Snippet 1033 started.
<-><->
      
l.1049 $
        \mathbb{Z}[x]$
Not a real error.

./_9AD8_7B49_4EE3_65702_20note.md.tex:1049: Preview: Snippet 1033 ended.(491520+163840x1175554).
<-><->
      
l.1049 $\mathbb{Z}[x]$
                      
Not a real error.

[1033]
./_9AD8_7B49_4EE3_65702_20note.md.tex:1050: Preview: Snippet 1034 started.
<-><->
      
l.1050 $
        degf >0$
Not a real error.

./_9AD8_7B49_4EE3_65702_20note.md.tex:1050: Preview: Snippet 1034 ended.(455111+127431x2575243).
<-><->
      
l.1050 $degf >0$
                
Not a real error.

[1034]
./_9AD8_7B49_4EE3_65702_20note.md.tex:1051: Preview: Snippet 1035 started.
<-><->
      
l.1051 $
        f$
Not a real error.

./_9AD8_7B49_4EE3_65702_20note.md.tex:1051: Preview: Snippet 1035 ended.(455111+127431x391398).
<-><->
      
l.1051 $f$
          
Not a real error.

[1035]
./_9AD8_7B49_4EE3_65702_20note.md.tex:1052: Preview: Snippet 1036 started.
<-><->
      
l.1052 $
        \mathbb{Q}[x]$
Not a real error.

./_9AD8_7B49_4EE3_65702_20note.md.tex:1052: Preview: Snippet 1036 ended.(491520+163840x1248372).
<-><->
      
l.1052 $\mathbb{Q}[x]$
                      
Not a real error.

[1036]
./_9AD8_7B49_4EE3_65702_20note.md.tex:1053: Preview: Snippet 1037 started.
<-><->
      
l.1053 $
        \Leftrightarrow$
Not a real error.

./_9AD8_7B49_4EE3_65702_20note.md.tex:1053: Preview: Snippet 1037 ended.(240435+0x655361).
<-><->
      
l.1053 $\Leftrightarrow$
                        
Not a real error.

[1037]
./_9AD8_7B49_4EE3_65702_20note.md.tex:1054: Preview: Snippet 1038 started.
<-><->
      
l.1054 $
        g,h \in \mathbb{Z}[x]$
Not a real error.

./_9AD8_7B49_4EE3_65702_20note.md.tex:1054: Preview: Snippet 1038 ended.(491520+163840x2981501).
<-><->
      
l.1054 $g,h \in \mathbb{Z}[x]$
                              
Not a real error.

[1038]
./_9AD8_7B49_4EE3_65702_20note.md.tex:1055: Preview: Snippet 1039 started.
<-><->
      
l.1055 $
        degg,degh>0$
Not a real error.

./_9AD8_7B49_4EE3_65702_20note.md.tex:1055: Preview: Snippet 1039 ended.(455111+127431x4171162).
<-><->
      
l.1055 $degg,degh>0$
                    
Not a real error.

[1039]
./_9AD8_7B49_4EE3_65702_20note.md.tex:1056: Preview: Snippet 1040 started.
<-><->
      
l.1056 $
        f=gh$
Not a real error.

./_9AD8_7B49_4EE3_65702_20note.md.tex:1056: Preview: Snippet 1040 ended.(455111+127431x1978894).
<-><->
      
l.1056 $f=gh$
             
Not a real error.

[1040]
./_9AD8_7B49_4EE3_65702_20note.md.tex:1057: Preview: Snippet 1041 started.
<-><->
      
l.1057 $
        degf=0 \Rightarrow$
Not a real error.

./_9AD8_7B49_4EE3_65702_20note.md.tex:1057: Preview: Snippet 1041 ended.(455111+127431x3412644).
<-><->
      
l.1057 $degf=0 \Rightarrow$
                           
Not a real error.

[1041]
./_9AD8_7B49_4EE3_65702_20note.md.tex:1058: Preview: Snippet 1042 started.
<-><->
      
l.1058 $
        \alpha:=g^{-1}$
Not a real error.

./_9AD8_7B49_4EE3_65702_20note.md.tex:1058: Preview: Snippet 1042 ended.(533465+127431x2517215).
<-><->
      
l.1058 $\alpha:=g^{-1}$
                       
Not a real error.

[1042]
./_9AD8_7B49_4EE3_65702_20note.md.tex:1059: Preview: Snippet 1043 started.
<-><->
      
l.1059 $
        degf>0,f=gh$
Not a real error.

./_9AD8_7B49_4EE3_65702_20note.md.tex:1059: Preview: Snippet 1043 ended.(455111+127431x4845406).
<-><->
      
l.1059 $degf>0,f=gh$
                    
Not a real error.

[1043]
./_9AD8_7B49_4EE3_65702_20note.md.tex:1060: Preview: Snippet 1044 started.
<-><->
      
l.1060 $
        \mathbb{Q}[x]$
Not a real error.

./_9AD8_7B49_4EE3_65702_20note.md.tex:1060: Preview: Snippet 1044 ended.(491520+163840x1248372).
<-><->
      
l.1060 $\mathbb{Q}[x]$
                      
Not a real error.

[1044]
./_9AD8_7B49_4EE3_65702_20note.md.tex:1061: Preview: Snippet 1045 started.
<-><->
      
l.1061 $
        u,v \in \mathbb{Z}_{\geq 1}$
Not a real error.

./_9AD8_7B49_4EE3_65702_20note.md.tex:1061: Preview: Snippet 1045 ended.(451470+183387x2949116).
<-><->
      
l.1061 $u,v \in \mathbb{Z}_{\geq 1}$
                                    
Not a real error.

[1045]
./_9AD8_7B49_4EE3_65702_20note.md.tex:1062: Preview: Snippet 1046 started.
<-><->
      
l.1062 $
        ug,vh \in \mathbb{Z}[x]$
Not a real error.

./_9AD8_7B49_4EE3_65702_20note.md.tex:1062: Preview: Snippet 1046 ended.(491520+163840x3697848).
<-><->
      
l.1062 $ug,vh \in \mathbb{Z}[x]$
                                
Not a real error.

[1046]
./_9AD8_7B49_4EE3_65702_20note.md.tex:1063: Preview: Snippet 1047 started.
<-><->
      
l.1063 $
        uv=c(uvf)=c(ugvh)=c(ug)c(vh)$
Not a real error.

./_9AD8_7B49_4EE3_65702_20note.md.tex:1063: Preview: Snippet 1047 ended.(491520+163840x10478932).
<-><->
      
l.1063 $uv=c(uvf)=c(ugvh)=c(ug)c(vh)$
                                     
Not a real error.

[1047]
./_9AD8_7B49_4EE3_65702_20note.md.tex:1064: Preview: Snippet 1048 started.
<-><->
      
l.1064 $
        f=\frac{ug}{c(ug)}\ \frac{vh}{c(vh)}$
Not a real error.

./_9AD8_7B49_4EE3_65702_20note.md.tex:1064: Preview: Snippet 1048 ended.(576613+340683x4253220).
<-><->
      
l.1064 $f=\frac{ug}{c(ug)}\ \frac{vh}{c(vh)}$
                                             
Not a real error.

[1048]
./_9AD8_7B49_4EE3_65702_20note.md.tex:1065: Preview: Snippet 1049 started.
<-><->
      
l.1065 $
        \alpha=\frac{u}{c(uv)}$
Not a real error.

./_9AD8_7B49_4EE3_65702_20note.md.tex:1065: Preview: Snippet 1049 ended.(455554+340683x2685028).
<-><->
      
l.1065 $\alpha=\frac{u}{c(uv)}$
                               
Not a real error.

[1049]
./_9AD8_7B49_4EE3_65702_20note.md.tex:1066: Preview: Snippet 1050 started.
<-><->
      
l.1066 $
        UFD$
Not a real error.

./_9AD8_7B49_4EE3_65702_20note.md.tex:1066: Preview: Snippet 1050 ended.(447828+0x1592160).
<-><->
      
l.1066 $UFD$
            
Not a real error.

[1050]
./_9AD8_7B49_4EE3_65702_20note.md.tex:1067: Preview: Snippet 1051 started.
<-><->
      
l.1067 $
        \forall r \in R-\{0\}$
Not a real error.

./_9AD8_7B49_4EE3_65702_20note.md.tex:1067: Preview: Snippet 1051 ended.(491520+163840x3765658).
<-><->
      
l.1067 $\forall r \in R-\{0\}$
                              
Not a real error.

[1051]
./_9AD8_7B49_4EE3_65702_20note.md.tex:1068: Preview: Snippet 1052 started.
<-><->
      
l.1068 $
        r=up_1\cdots p_m$
Not a real error.

./_9AD8_7B49_4EE3_65702_20note.md.tex:1068: Preview: Snippet 1052 ended.(291271+127431x3997157).
<-><->
      
l.1068 $r=up_1\cdots p_m$
                         
Not a real error.

[1052]
./_9AD8_7B49_4EE3_65702_20note.md.tex:1069: Preview: Snippet 1053 started.
<-><->
      
l.1069 $
        p_i$
Not a real error.

./_9AD8_7B49_4EE3_65702_20note.md.tex:1069: Preview: Snippet 1053 ended.(282168+127431x547916).
<-><->
      
l.1069 $p_i$
            
Not a real error.

[1053]
./_9AD8_7B49_4EE3_65702_20note.md.tex:1070: Preview: Snippet 1054 started.
<-><->
      
l.1070 $
        R$
Not a real error.

./_9AD8_7B49_4EE3_65702_20note.md.tex:1070: Preview: Snippet 1054 ended.(447828+0x502671).
<-><->
      
l.1070 $R$
          
Not a real error.

[1054]
./_9AD8_7B49_4EE3_65702_20note.md.tex:1071: Preview: Snippet 1055 started.
<-><->
      
l.1071 $
        u$
Not a real error.

./_9AD8_7B49_4EE3_65702_20note.md.tex:1071: Preview: Snippet 1055 ended.(282168+0x375166).
<-><->
      
l.1071 $u$
          
Not a real error.

[1055]
./_9AD8_7B49_4EE3_65702_20note.md.tex:1072: Preview: Snippet 1056 started.
<-><->
      
l.1072 $
        \mathbb{Z}[x]$
Not a real error.

./_9AD8_7B49_4EE3_65702_20note.md.tex:1072: Preview: Snippet 1056 ended.(491520+163840x1175554).
<-><->
      
l.1072 $\mathbb{Z}[x]$
                      
Not a real error.

[1056]
./_9AD8_7B49_4EE3_65702_20note.md.tex:1073: Preview: Snippet 1057 started.
<-><->
      
l.1073 $
        UFD$
Not a real error.

./_9AD8_7B49_4EE3_65702_20note.md.tex:1073: Preview: Snippet 1057 ended.(447828+0x1592160).
<-><->
      
l.1073 $UFD$
            
Not a real error.

[1057]
./_9AD8_7B49_4EE3_65702_20note.md.tex:1074: Preview: Snippet 1058 started.
<-><->
      
l.1074 $
        \begin{cases}1. \text{irrducibles in } \mathbb{Z}\\2. \text{ primiti...
Not a real error.

./_9AD8_7B49_4EE3_65702_20note.md.tex:1074: Preview: Snippet 1058 ended.(1146889+819210x22281200).
<-><->
      
l.1074 ...dition in the above theorem}\end{cases}$
                                                  
Not a real error.

[1058]
./_9AD8_7B49_4EE3_65702_20note.md.tex:1075: Preview: Snippet 1059 started.
<-><->
      
l.1075 $
        \mathbb{Z}[x]$
Not a real error.

./_9AD8_7B49_4EE3_65702_20note.md.tex:1075: Preview: Snippet 1059 ended.(491520+163840x1175554).
<-><->
      
l.1075 $\mathbb{Z}[x]$
                      
Not a real error.

[1059]
./_9AD8_7B49_4EE3_65702_20note.md.tex:1076: Preview: Snippet 1060 started.
<-><->
      
l.1076 $
        UFD$
Not a real error.

./_9AD8_7B49_4EE3_65702_20note.md.tex:1076: Preview: Snippet 1060 ended.(447828+0x1592160).
<-><->
      
l.1076 $UFD$
            
Not a real error.

[1060]
./_9AD8_7B49_4EE3_65702_20note.md.tex:1077: Preview: Snippet 1061 started.
<-><->
      
l.1077 $
        \mathbb{Z}[x]$
Not a real error.

./_9AD8_7B49_4EE3_65702_20note.md.tex:1077: Preview: Snippet 1061 ended.(491520+163840x1175554).
<-><->
      
l.1077 $\mathbb{Z}[x]$
                      
Not a real error.

[1061]
./_9AD8_7B49_4EE3_65702_20note.md.tex:1078: Preview: Snippet 1062 started.
<-><->
      
l.1078 $
        ED$
Not a real error.

./_9AD8_7B49_4EE3_65702_20note.md.tex:1078: Preview: Snippet 1062 ended.(447828+0x1082344).
<-><->
      
l.1078 $ED$
           
Not a real error.

[1062]
./_9AD8_7B49_4EE3_65702_20note.md.tex:1079: Preview: Snippet 1063 started.
<-><->
      
l.1079 $
        n \geq 1$
Not a real error.

./_9AD8_7B49_4EE3_65702_20note.md.tex:1079: Preview: Snippet 1063 ended.(422343+89110x1594857).
<-><->
      
l.1079 $n \geq 1$
                 
Not a real error.

[1063]
./_9AD8_7B49_4EE3_65702_20note.md.tex:1080: Preview: Snippet 1064 started.
<-><->
      
l.1080 $
        f=a_0 + \cdots+a_nx^n \in \mathbb{Z}[x]$
Not a real error.

./_9AD8_7B49_4EE3_65702_20note.md.tex:1080: Preview: Snippet 1064 ended.(491520+163840x7683168).
<-><->
      
l.1080 $f=a_0 + \cdots+a_nx^n \in \mathbb{Z}[x]$
                                                
Not a real error.

[1064]
./_9AD8_7B49_4EE3_65702_20note.md.tex:1081: Preview: Snippet 1065 started.
<-><->
      
l.1081 $
        \exists$
Not a real error.

./_9AD8_7B49_4EE3_65702_20note.md.tex:1081: Preview: Snippet 1065 ended.(455111+0x364090).
<-><->
      
l.1081 $\exists$
                
Not a real error.

[1065]
./_9AD8_7B49_4EE3_65702_20note.md.tex:1082: Preview: Snippet 1066 started.
<-><->
      
l.1082 $
        p$
Not a real error.

./_9AD8_7B49_4EE3_65702_20note.md.tex:1082: Preview: Snippet 1066 ended.(282168+127431x329728).
<-><->
      
l.1082 $p$
          
Not a real error.

[1066]
./_9AD8_7B49_4EE3_65702_20note.md.tex:1083: Preview: Snippet 1067 started.
<-><->
      
l.1083 $
        p \nmid a_n$
Not a real error.

./_9AD8_7B49_4EE3_65702_20note.md.tex:1083: Undefined control sequence.
l.1083 $p \nmid
                a_n$
The control sequence at the end of the top line
of your error message was never \def'ed. If you have
misspelled it (e.g., `\hobx'), type `I' and the correct
spelling (e.g., `I\hbox'). Otherwise just continue,
and I'll forget about whatever was undefined.

./_9AD8_7B49_4EE3_65702_20note.md.tex:1083: Preview: Snippet 1067 ended.(282168+127431x1032878).
<-><->
      
l.1083 $p \nmid a_n$
                    
Not a real error.

[1067]
./_9AD8_7B49_4EE3_65702_20note.md.tex:1084: Preview: Snippet 1068 started.
<-><->
      
l.1084 $
        p|a_0,\cdots,a_{n-1}$
Not a real error.

./_9AD8_7B49_4EE3_65702_20note.md.tex:1084: Preview: Snippet 1068 ended.(491520+163840x4091747).
<-><->
      
l.1084 $p|a_0,\cdots,a_{n-1}$
                             
Not a real error.

[1068]
./_9AD8_7B49_4EE3_65702_20note.md.tex:1085: Preview: Snippet 1069 started.
<-><->
      
l.1085 $
        p^2 \nmid a_0$
Not a real error.

./_9AD8_7B49_4EE3_65702_20note.md.tex:1085: Undefined control sequence.
l.1085 $p^2 \nmid
                  a_0$
The control sequence at the end of the top line
of your error message was never \def'ed. If you have
misspelled it (e.g., `\hobx'), type `I' and the correct
spelling (e.g., `I\hbox'). Otherwise just continue,
and I'll forget about whatever was undefined.

./_9AD8_7B49_4EE3_65702_20note.md.tex:1085: Preview: Snippet 1069 ended.(533465+127431x1264150).
<-><->
      
l.1085 $p^2 \nmid a_0$
                      
Not a real error.

[1069]
./_9AD8_7B49_4EE3_65702_20note.md.tex:1086: Preview: Snippet 1070 started.
<-><->
      
l.1086 $
        f$
Not a real error.

./_9AD8_7B49_4EE3_65702_20note.md.tex:1086: Preview: Snippet 1070 ended.(455111+127431x391398).
<-><->
      
l.1086 $f$
          
Not a real error.

[1070]
./_9AD8_7B49_4EE3_65702_20note.md.tex:1087: Preview: Snippet 1071 started.
<-><->
      
l.1087 $
        \mathbb{Q}[x]$
Not a real error.

./_9AD8_7B49_4EE3_65702_20note.md.tex:1087: Preview: Snippet 1071 ended.(491520+163840x1248372).
<-><->
      
l.1087 $\mathbb{Q}[x]$
                      
Not a real error.

[1071]
./_9AD8_7B49_4EE3_65702_20note.md.tex:1088: Preview: Snippet 1072 started.
<-><->
      
l.1088 $
        p \nmid a_n$
Not a real error.

./_9AD8_7B49_4EE3_65702_20note.md.tex:1088: Undefined control sequence.
l.1088 $p \nmid
                a_n$
The control sequence at the end of the top line
of your error message was never \def'ed. If you have
misspelled it (e.g., `\hobx'), type `I' and the correct
spelling (e.g., `I\hbox'). Otherwise just continue,
and I'll forget about whatever was undefined.

./_9AD8_7B49_4EE3_65702_20note.md.tex:1088: Preview: Snippet 1072 ended.(282168+127431x1032878).
<-><->
      
l.1088 $p \nmid a_n$
                    
Not a real error.

[1072]
./_9AD8_7B49_4EE3_65702_20note.md.tex:1089: Preview: Snippet 1073 started.
<-><->
      
l.1089 $
        \Rightarrow$
Not a real error.

./_9AD8_7B49_4EE3_65702_20note.md.tex:1089: Preview: Snippet 1073 ended.(240435+0x655361).
<-><->
      
l.1089 $\Rightarrow$
                    
Not a real error.

[1073]
./_9AD8_7B49_4EE3_65702_20note.md.tex:1090: Preview: Snippet 1074 started.
<-><->
      
l.1090 $
        p \nmid c(f)$
Not a real error.

./_9AD8_7B49_4EE3_65702_20note.md.tex:1090: Undefined control sequence.
l.1090 $p \nmid
                c(f)$
The control sequence at the end of the top line
of your error message was never \def'ed. If you have
misspelled it (e.g., `\hobx'), type `I' and the correct
spelling (e.g., `I\hbox'). Otherwise just continue,
and I'll forget about whatever was undefined.

./_9AD8_7B49_4EE3_65702_20note.md.tex:1090: Preview: Snippet 1074 ended.(491520+163840x1514463).
<-><->
      
l.1090 $p \nmid c(f)$
                     
Not a real error.

[1074]
./_9AD8_7B49_4EE3_65702_20note.md.tex:1091: Preview: Snippet 1075 started.
<-><->
      
l.1091 $
        f/c(f) \in \mathbb{Z}[x]$
Not a real error.

./_9AD8_7B49_4EE3_65702_20note.md.tex:1091: Preview: Snippet 1075 ended.(491520+163840x3880356).
<-><->
      
l.1091 $f/c(f) \in \mathbb{Z}[x]$
                                 
Not a real error.

[1075]
./_9AD8_7B49_4EE3_65702_20note.md.tex:1092: Preview: Snippet 1076 started.
<-><->
      
l.1092 $
        f$
Not a real error.

./_9AD8_7B49_4EE3_65702_20note.md.tex:1092: Preview: Snippet 1076 ended.(455111+127431x391398).
<-><->
      
l.1092 $f$
          
Not a real error.

[1076]
./_9AD8_7B49_4EE3_65702_20note.md.tex:1093: Preview: Snippet 1077 started.
<-><->
      
l.1093 $
        f$
Not a real error.

./_9AD8_7B49_4EE3_65702_20note.md.tex:1093: Preview: Snippet 1077 ended.(455111+127431x391398).
<-><->
      
l.1093 $f$
          
Not a real error.

[1077]
./_9AD8_7B49_4EE3_65702_20note.md.tex:1094: Preview: Snippet 1078 started.
<-><->
      
l.1094 $
        \mathbb{Q}[x]$
Not a real error.

./_9AD8_7B49_4EE3_65702_20note.md.tex:1094: Preview: Snippet 1078 ended.(491520+163840x1248372).
<-><->
      
l.1094 $\mathbb{Q}[x]$
                      
Not a real error.

[1078]
./_9AD8_7B49_4EE3_65702_20note.md.tex:1095: Preview: Snippet 1079 started.
<-><->
      
l.1095 $
        f=gh$
Not a real error.

./_9AD8_7B49_4EE3_65702_20note.md.tex:1095: Preview: Snippet 1079 ended.(455111+127431x1978894).
<-><->
      
l.1095 $f=gh$
             
Not a real error.

[1079]
./_9AD8_7B49_4EE3_65702_20note.md.tex:1096: Preview: Snippet 1080 started.
<-><->
      
l.1096 $
        g=b_0+\cdots+b_mx^m$
Not a real error.

./_9AD8_7B49_4EE3_65702_20note.md.tex:1096: Preview: Snippet 1080 ended.(455111+127431x5803181).
<-><->
      
l.1096 $g=b_0+\cdots+b_mx^m$
                            
Not a real error.

[1080]
./_9AD8_7B49_4EE3_65702_20note.md.tex:1097: Preview: Snippet 1081 started.
<-><->
      
l.1097 $
        h=c_0+\cdots+c_lx^l$
Not a real error.

./_9AD8_7B49_4EE3_65702_20note.md.tex:1097: Preview: Snippet 1081 ended.(556402+98303x5256061).
<-><->
      
l.1097 $h=c_0+\cdots+c_lx^l$
                            
Not a real error.

[1081]
./_9AD8_7B49_4EE3_65702_20note.md.tex:1098: Preview: Snippet 1082 started.
<-><->
      
l.1098 $
        l,m>0$
Not a real error.

./_9AD8_7B49_4EE3_65702_20note.md.tex:1098: Preview: Snippet 1082 ended.(455111+127431x2276613).
<-><->
      
l.1098 $l,m>0$
              
Not a real error.

[1082]
./_9AD8_7B49_4EE3_65702_20note.md.tex:1099: Preview: Snippet 1083 started.
<-><->
      
l.1099 $
        a_n=b_mc_l$
Not a real error.

./_9AD8_7B49_4EE3_65702_20note.md.tex:1099: Preview: Snippet 1083 ended.(455111+98303x2840804).
<-><->
      
l.1099 $a_n=b_mc_l$
                   
Not a real error.

[1083]
./_9AD8_7B49_4EE3_65702_20note.md.tex:1100: Preview: Snippet 1084 started.
<-><->
      
l.1100 $
        a_0=b_0c_0$
Not a real error.

./_9AD8_7B49_4EE3_65702_20note.md.tex:1100: Preview: Snippet 1084 ended.(455111+98303x2667100).
<-><->
      
l.1100 $a_0=b_0c_0$
                   
Not a real error.

[1084]
./_9AD8_7B49_4EE3_65702_20note.md.tex:1101: Preview: Snippet 1085 started.
<-><->
      
l.1101 $
        p \nmid b_m,c_l$
Not a real error.

./_9AD8_7B49_4EE3_65702_20note.md.tex:1101: Undefined control sequence.
l.1101 $p \nmid
                b_m,c_l$
The control sequence at the end of the top line
of your error message was never \def'ed. If you have
misspelled it (e.g., `\hobx'), type `I' and the correct
spelling (e.g., `I\hbox'). Otherwise just continue,
and I'll forget about whatever was undefined.

./_9AD8_7B49_4EE3_65702_20note.md.tex:1101: Preview: Snippet 1085 ended.(455111+127431x1884845).
<-><->
      
l.1101 $p \nmid b_m,c_l$
                        
Not a real error.

[1085]
./_9AD8_7B49_4EE3_65702_20note.md.tex:1102: Preview: Snippet 1086 started.
<-><->
      
l.1102 $
        p|b_0$
Not a real error.

./_9AD8_7B49_4EE3_65702_20note.md.tex:1102: Preview: Snippet 1086 ended.(491520+163840x1087034).
<-><->
      
l.1102 $p|b_0$
              
Not a real error.

[1086]
./_9AD8_7B49_4EE3_65702_20note.md.tex:1103: Preview: Snippet 1087 started.
<-><->
      
l.1103 $
        p|b_0,\cdots,b_{k-1}$
Not a real error.

./_9AD8_7B49_4EE3_65702_20note.md.tex:1103: Preview: Snippet 1087 ended.(491520+163840x3927145).
<-><->
      
l.1103 $p|b_0,\cdots,b_{k-1}$
                             
Not a real error.

[1087]
./_9AD8_7B49_4EE3_65702_20note.md.tex:1104: Preview: Snippet 1088 started.
<-><->
      
l.1104 $
        p \nmid b_k$
Not a real error.

./_9AD8_7B49_4EE3_65702_20note.md.tex:1104: Undefined control sequence.
l.1104 $p \nmid
                b_k$
The control sequence at the end of the top line
of your error message was never \def'ed. If you have
misspelled it (e.g., `\hobx'), type `I' and the correct
spelling (e.g., `I\hbox'). Otherwise just continue,
and I'll forget about whatever was undefined.

./_9AD8_7B49_4EE3_65702_20note.md.tex:1104: Preview: Snippet 1088 ended.(455111+127431x933434).
<-><->
      
l.1104 $p \nmid b_k$
                    
Not a real error.

[1088]
./_9AD8_7B49_4EE3_65702_20note.md.tex:1105: Preview: Snippet 1089 started.
<-><->
      
l.1105 $
        a_k \equiv 0 \pmod{p}$
Not a real error.

./_9AD8_7B49_4EE3_65702_20note.md.tex:1105: Preview: Snippet 1089 ended.(491520+163840x4475628).
<-><->
      
l.1105 $a_k \equiv 0 \pmod{p}$
                              
Not a real error.

[1089]
./_9AD8_7B49_4EE3_65702_20note.md.tex:1106: Preview: Snippet 1090 started.
<-><->
      
l.1106 $
        b_kc_0 \equiv 0 \pmod{p}$
Not a real error.

./_9AD8_7B49_4EE3_65702_20note.md.tex:1106: Preview: Snippet 1090 ended.(491520+163840x4988084).
<-><->
      
l.1106 $b_kc_0 \equiv 0 \pmod{p}$
                                 
Not a real error.

[1090]
./_9AD8_7B49_4EE3_65702_20note.md.tex:1107: Preview: Snippet 1091 started.
<-><->
      
l.1107 $
        p|c_0$
Not a real error.

./_9AD8_7B49_4EE3_65702_20note.md.tex:1107: Preview: Snippet 1091 ended.(491520+163840x1089387).
<-><->
      
l.1107 $p|c_0$
              
Not a real error.

[1091]
./_9AD8_7B49_4EE3_65702_20note.md.tex:1108: Preview: Snippet 1092 started.
<-><->
      
l.1108 $
        \Rightarrow$
Not a real error.

./_9AD8_7B49_4EE3_65702_20note.md.tex:1108: Preview: Snippet 1092 ended.(240435+0x655361).
<-><->
      
l.1108 $\Rightarrow$
                    
Not a real error.

[1092]
./_9AD8_7B49_4EE3_65702_20note.md.tex:1109: Preview: Snippet 1093 started.
<-><->
      
l.1109 $
        p^2|a_0$
Not a real error.

./_9AD8_7B49_4EE3_65702_20note.md.tex:1109: Preview: Snippet 1093 ended.(533465+163840x1446195).
<-><->
      
l.1109 $p^2|a_0$
                
Not a real error.

[1093]
./_9AD8_7B49_4EE3_65702_20note.md.tex:1110: Preview: Snippet 1094 started.
<-><->
      
l.1110 $
        \Phi_p$
Not a real error.

./_9AD8_7B49_4EE3_65702_20note.md.tex:1110: Preview: Snippet 1094 ended.(447828+187504x776246).
<-><->
      
l.1110 $\Phi_p$
               
Not a real error.

[1094]
./_9AD8_7B49_4EE3_65702_20note.md.tex:1111: Preview: Snippet 1095 started.
<-><->
      
l.1111 $
        \Phi_n$
Not a real error.

./_9AD8_7B49_4EE3_65702_20note.md.tex:1111: Preview: Snippet 1095 ended.(447828+98303x830050).
<-><->
      
l.1111 $\Phi_n$
               
Not a real error.

[1095]
./_9AD8_7B49_4EE3_65702_20note.md.tex:1112: Preview: Snippet 1096 started.
<-><->
      
l.1112 $
        (x-\zeta)$
Not a real error.

./_9AD8_7B49_4EE3_65702_20note.md.tex:1112: Preview: Snippet 1096 ended.(491520+163840x2020348).
<-><->
      
l.1112 $(x-\zeta)$
                  
Not a real error.

[1096]
./_9AD8_7B49_4EE3_65702_20note.md.tex:1113: Preview: Snippet 1097 started.
<-><->
      
l.1113 $
        \zeta$
Not a real error.

./_9AD8_7B49_4EE3_65702_20note.md.tex:1113: Preview: Snippet 1097 ended.(455111+127431x335076).
<-><->
      
l.1113 $\zeta$
              
Not a real error.

[1097]
./_9AD8_7B49_4EE3_65702_20note.md.tex:1114: Preview: Snippet 1098 started.
<-><->
      
l.1114 $
        \mathbb{Z} \rightarrow R:UFD$
Not a real error.

./_9AD8_7B49_4EE3_65702_20note.md.tex:1114: Preview: Snippet 1098 ended.(451470+0x4097305).
<-><->
      
l.1114 $\mathbb{Z} \rightarrow R:UFD$
                                     
Not a real error.

[1098]
./_9AD8_7B49_4EE3_65702_20note.md.tex:1115: Preview: Snippet 1099 started.
<-><->
      
l.1115 $
        \mathbb{Q} \rightarrow K:=Fra(R)$
Not a real error.

./_9AD8_7B49_4EE3_65702_20note.md.tex:1115: Preview: Snippet 1099 ended.(491520+163840x5373640).
<-><->
      
l.1115 $\mathbb{Q} \rightarrow K:=Fra(R)$
                                         
Not a real error.

[1099]
./_9AD8_7B49_4EE3_65702_20note.md.tex:1116: Preview: Snippet 1100 started.
<-><->
      
l.1116 $
        c(f)$
Not a real error.

./_9AD8_7B49_4EE3_65702_20note.md.tex:1116: Preview: Snippet 1100 ended.(491520+163840x1184735).
<-><->
      
l.1116 $c(f)$
             
Not a real error.

[1100]
./_9AD8_7B49_4EE3_65702_20note.md.tex:1117: Preview: Snippet 1101 started.
<-><->
      
l.1117 $
        R$
Not a real error.

./_9AD8_7B49_4EE3_65702_20note.md.tex:1117: Preview: Snippet 1101 ended.(447828+0x502671).
<-><->
      
l.1117 $R$
          
Not a real error.

[1101]
./_9AD8_7B49_4EE3_65702_20note.md.tex:1118: Preview: Snippet 1102 started.
<-><->
      
l.1118 $
        R:UFD$
Not a real error.

./_9AD8_7B49_4EE3_65702_20note.md.tex:1118: Preview: Snippet 1102 ended.(447828+0x2640956).
<-><->
      
l.1118 $R:UFD$
              
Not a real error.

[1102]
./_9AD8_7B49_4EE3_65702_20note.md.tex:1119: Preview: Snippet 1103 started.
<-><->
      
l.1119 $
        \Rightarrow$
Not a real error.

./_9AD8_7B49_4EE3_65702_20note.md.tex:1119: Preview: Snippet 1103 ended.(240435+0x655361).
<-><->
      
l.1119 $\Rightarrow$
                    
Not a real error.

[1103]
./_9AD8_7B49_4EE3_65702_20note.md.tex:1120: Preview: Snippet 1104 started.
<-><->
      
l.1120 $
        R[x]:UFD$
Not a real error.

./_9AD8_7B49_4EE3_65702_20note.md.tex:1120: Preview: Snippet 1104 ended.(491520+163840x3379602).
<-><->
      
l.1120 $R[x]:UFD$
                 
Not a real error.

[1104]
./_9AD8_7B49_4EE3_65702_20note.md.tex:1121: Preview: Snippet 1105 started.
<-><->
      
l.1121 $
        f \in R[x]$
Not a real error.

./_9AD8_7B49_4EE3_65702_20note.md.tex:1121: Preview: Snippet 1105 ended.(491520+163840x2433703).
<-><->
      
l.1121 $f \in R[x]$
                   
Not a real error.

[1105]
./_9AD8_7B49_4EE3_65702_20note.md.tex:1122: Preview: Snippet 1106 started.
<-><->
      
l.1122 $
        f$
Not a real error.

./_9AD8_7B49_4EE3_65702_20note.md.tex:1122: Preview: Snippet 1106 ended.(455111+127431x391398).
<-><->
      
l.1122 $f$
          
Not a real error.

[1106]
./_9AD8_7B49_4EE3_65702_20note.md.tex:1123: Preview: Snippet 1107 started.
<-><->
      
l.1123 $
        R$
Not a real error.

./_9AD8_7B49_4EE3_65702_20note.md.tex:1123: Preview: Snippet 1107 ended.(447828+0x502671).
<-><->
      
l.1123 $R$
          
Not a real error.

[1107]
./_9AD8_7B49_4EE3_65702_20note.md.tex:1124: Preview: Snippet 1108 started.
<-><->
      
l.1124 $
        degf>0$
Not a real error.

./_9AD8_7B49_4EE3_65702_20note.md.tex:1124: Preview: Snippet 1108 ended.(455111+127431x2575243).
<-><->
      
l.1124 $degf>0$
               
Not a real error.

[1108]
./_9AD8_7B49_4EE3_65702_20note.md.tex:1125: Preview: Snippet 1109 started.
<-><->
      
l.1125 $
        f$
Not a real error.

./_9AD8_7B49_4EE3_65702_20note.md.tex:1125: Preview: Snippet 1109 ended.(455111+127431x391398).
<-><->
      
l.1125 $f$
          
Not a real error.

[1109]
./_9AD8_7B49_4EE3_65702_20note.md.tex:1126: Preview: Snippet 1110 started.
<-><->
      
l.1126 $
        K[x]$
Not a real error.

./_9AD8_7B49_4EE3_65702_20note.md.tex:1126: Preview: Snippet 1110 ended.(491520+163840x1342123).
<-><->
      
l.1126 $K[x]$
             
Not a real error.

[1110]
./_9AD8_7B49_4EE3_65702_20note.md.tex:1127: Preview: Snippet 1111 started.
<-><->
      
l.1127 $
        R:UFD$
Not a real error.

./_9AD8_7B49_4EE3_65702_20note.md.tex:1127: Preview: Snippet 1111 ended.(447828+0x2640956).
<-><->
      
l.1127 $R:UFD$
              
Not a real error.

[1111]
./_9AD8_7B49_4EE3_65702_20note.md.tex:1128: Preview: Snippet 1112 started.
<-><->
      
l.1128 $
        \Rightarrow$
Not a real error.

./_9AD8_7B49_4EE3_65702_20note.md.tex:1128: Preview: Snippet 1112 ended.(240435+0x655361).
<-><->
      
l.1128 $\Rightarrow$
                    
Not a real error.

[1112]
./_9AD8_7B49_4EE3_65702_20note.md.tex:1129: Preview: Snippet 1113 started.
<-><->
      
l.1129 $
        \forall n \geq 1,\ R[x_1,\cdots,x_n]$
Not a real error.

./_9AD8_7B49_4EE3_65702_20note.md.tex:1129: Preview: Snippet 1113 ended.(491520+163840x6300795).
<-><->
      
l.1129 $\forall n \geq 1,\ R[x_1,\cdots,x_n]$
                                             
Not a real error.

[1113]
./_9AD8_7B49_4EE3_65702_20note.md.tex:1130: Preview: Snippet 1114 started.
<-><->
      
l.1130 $
        R:UFD$
Not a real error.

./_9AD8_7B49_4EE3_65702_20note.md.tex:1130: Preview: Snippet 1114 ended.(447828+0x2640956).
<-><->
      
l.1130 $R:UFD$
              
Not a real error.

[1114]
./_9AD8_7B49_4EE3_65702_20note.md.tex:1131: Preview: Snippet 1115 started.
<-><->
      
l.1131 $
        f=a_nx^n+\cdots+_0$
Not a real error.

./_9AD8_7B49_4EE3_65702_20note.md.tex:1131: Preview: Snippet 1115 ended.(455111+127431x5178170).
<-><->
      
l.1131 $f=a_nx^n+\cdots+_0$
                           
Not a real error.

[1115]
./_9AD8_7B49_4EE3_65702_20note.md.tex:1132: Preview: Snippet 1116 started.
<-><->
      
l.1132 $
        f(\frac{u}{v})$
Not a real error.

./_9AD8_7B49_4EE3_65702_20note.md.tex:1132: Preview: Snippet 1116 ended.(491520+225995x1368268).
<-><->
      
l.1132 $f(\frac{u}{v})$
                       
Not a real error.

[1116]
./_9AD8_7B49_4EE3_65702_20note.md.tex:1133: Preview: Snippet 1117 started.
<-><->
      
l.1133 $
        \frac{u}{v} \in K$
Not a real error.

./_9AD8_7B49_4EE3_65702_20note.md.tex:1133: Preview: Snippet 1117 ended.(455554+225995x1871609).
<-><->
      
l.1133 $\frac{u}{v} \in K$
                          
Not a real error.

[1117]
./_9AD8_7B49_4EE3_65702_20note.md.tex:1134: Preview: Snippet 1118 started.
<-><->
      
l.1134 $
        v|a_n$
Not a real error.

./_9AD8_7B49_4EE3_65702_20note.md.tex:1134: Preview: Snippet 1118 ended.(491520+163840x1226376).
<-><->
      
l.1134 $v|a_n$
              
Not a real error.

[1118]
./_9AD8_7B49_4EE3_65702_20note.md.tex:1135: Preview: Snippet 1119 started.
<-><->
      
l.1135 $
        u|a_0$
Not a real error.

./_9AD8_7B49_4EE3_65702_20note.md.tex:1135: Preview: Snippet 1119 ended.(491520+163840x1197630).
<-><->
      
l.1135 $u|a_0$
              
Not a real error.

[1119]
./_9AD8_7B49_4EE3_65702_20note.md.tex:1136: Preview: Snippet 1120 started.
<-><->
      
l.1136 $
        f \in \mathbb{Z}[x]-\mathbb{Z}$
Not a real error.

./_9AD8_7B49_4EE3_65702_20note.md.tex:1136: Preview: Snippet 1120 ended.(491520+163840x3605838).
<-><->
      
l.1136 $f \in \mathbb{Z}[x]-\mathbb{Z}$
                                       
Not a real error.

[1120]
./_9AD8_7B49_4EE3_65702_20note.md.tex:1137: Preview: Snippet 1121 started.
<-><->
      
l.1137 $
        x_1,\cdots,x_n \in \mathbb{Z}$
Not a real error.

./_9AD8_7B49_4EE3_65702_20note.md.tex:1137: Preview: Snippet 1121 ended.(451470+127431x4203314).
<-><->
      
l.1137 $x_1,\cdots,x_n \in \mathbb{Z}$
                                      
Not a real error.

[1121]
./_9AD8_7B49_4EE3_65702_20note.md.tex:1138: Preview: Snippet 1122 started.
<-><->
      
l.1138 $
        f(x_i) \neq 0$
Not a real error.

./_9AD8_7B49_4EE3_65702_20note.md.tex:1138: Preview: Snippet 1122 ended.(491520+163840x2695355).
<-><->
      
l.1138 $f(x_i) \neq 0$
                      
Not a real error.

[1122]
./_9AD8_7B49_4EE3_65702_20note.md.tex:1139: Preview: Snippet 1123 started.
<-><->
      
l.1139 $
        g(x_i)|f(x_i)$
Not a real error.

./_9AD8_7B49_4EE3_65702_20note.md.tex:1139: Preview: Snippet 1123 ended.(491520+163840x3114482).
<-><->
      
l.1139 $g(x_i)|f(x_i)$
                      
Not a real error.

[1123]
./_9AD8_7B49_4EE3_65702_20note.md.tex:1140: Preview: Snippet 1124 started.
<-><->
      
l.1140 $
        g(x_i)$
Not a real error.

./_9AD8_7B49_4EE3_65702_20note.md.tex:1140: Preview: Snippet 1124 ended.(491520+163840x1438569).
<-><->
      
l.1140 $g(x_i)$
               
Not a real error.

[1124]
./_9AD8_7B49_4EE3_65702_20note.md.tex:1141: Preview: Snippet 1125 started.
<-><->
      
l.1141 $
        g$
Not a real error.

./_9AD8_7B49_4EE3_65702_20note.md.tex:1141: Preview: Snippet 1125 ended.(282168+127431x336099).
<-><->
      
l.1141 $g$
          
Not a real error.

[1125]
./_9AD8_7B49_4EE3_65702_20note.md.tex:1142: Preview: Snippet 1126 started.
<-><->
      
l.1142 $
        (g(x_i))_i$
Not a real error.

./_9AD8_7B49_4EE3_65702_20note.md.tex:1142: Preview: Snippet 1126 ended.(491520+163840x2166483).
<-><->
      
l.1142 $(g(x_i))_i$
                   
Not a real error.

[1126]
./_9AD8_7B49_4EE3_65702_20note.md.tex:1143: Preview: Snippet 1127 started.
<-><->
      
l.1143 $
        g|f$
Not a real error.

./_9AD8_7B49_4EE3_65702_20note.md.tex:1143: Preview: Snippet 1127 ended.(491520+163840x909542).
<-><->
      
l.1143 $g|f$
            
Not a real error.

[1127]
./_9AD8_7B49_4EE3_65702_20note.md.tex:1144: Preview: Snippet 1128 started.
<-><->
      
l.1144 $
        \exists$
Not a real error.

./_9AD8_7B49_4EE3_65702_20note.md.tex:1144: Preview: Snippet 1128 ended.(455111+0x364090).
<-><->
      
l.1144 $\exists$
                
Not a real error.

[1128]
./_9AD8_7B49_4EE3_65702_20note.md.tex:1145: Preview: Snippet 1129 started.
<-><->
      
l.1145 $
        data(G,\cdot)$
Not a real error.

./_9AD8_7B49_4EE3_65702_20note.md.tex:1145: Preview: Snippet 1129 ended.(491520+163840x2768912).
<-><->
      
l.1145 $data(G,\cdot)$
                      
Not a real error.

[1129]
./_9AD8_7B49_4EE3_65702_20note.md.tex:1146: Preview: Snippet 1130 started.
<-><->
      
l.1146 $
        G$
Not a real error.

./_9AD8_7B49_4EE3_65702_20note.md.tex:1146: Preview: Snippet 1130 ended.(447828+0x515276).
<-><->
      
l.1146 $G$
          
Not a real error.

[1130]
./_9AD8_7B49_4EE3_65702_20note.md.tex:1147: Preview: Snippet 1131 started.
<-><->
      
l.1147 $
        \neq \varnothing$
Not a real error.

./_9AD8_7B49_4EE3_65702_20note.md.tex:1147: Undefined control sequence.
l.1147 $\neq \varnothing
                        $
The control sequence at the end of the top line
of your error message was never \def'ed. If you have
misspelled it (e.g., `\hobx'), type `I' and the correct
spelling (e.g., `I\hbox'). Otherwise just continue,
and I'll forget about whatever was undefined.

./_9AD8_7B49_4EE3_65702_20note.md.tex:1147: Preview: Snippet 1131 ended.(455111+127430x509726).
<-><->
      
l.1147 $\neq \varnothing$
                         
Not a real error.

[1131]
./_9AD8_7B49_4EE3_65702_20note.md.tex:1148: Preview: Snippet 1132 started.
<-><->
      
l.1148 $
        \cdot:G \times G \rightarrow G$
Not a real error.

./_9AD8_7B49_4EE3_65702_20note.md.tex:1148: Preview: Snippet 1132 ended.(447828+54613x4094429).
<-><->
      
l.1148 $\cdot:G \times G \rightarrow G$
                                       
Not a real error.

[1132]
./_9AD8_7B49_4EE3_65702_20note.md.tex:1149: Preview: Snippet 1133 started.
<-><->
      
l.1149 $
        xyz=x(yz)$
Not a real error.

./_9AD8_7B49_4EE3_65702_20note.md.tex:1149: Preview: Snippet 1133 ended.(491520+163840x3489488).
<-><->
      
l.1149 $xyz=x(yz)$
                  
Not a real error.

[1133]
./_9AD8_7B49_4EE3_65702_20note.md.tex:1150: Preview: Snippet 1134 started.
<-><->
      
l.1150 $
        \forall x,y,z \in G$
Not a real error.

./_9AD8_7B49_4EE3_65702_20note.md.tex:1150: Preview: Snippet 1134 ended.(455111+127431x3315870).
<-><->
      
l.1150 $\forall x,y,z \in G$
                            
Not a real error.

[1134]
./_9AD8_7B49_4EE3_65702_20note.md.tex:1151: Preview: Snippet 1135 started.
<-><->
      
l.1151 $
        \exists 1_G \in G$
Not a real error.

./_9AD8_7B49_4EE3_65702_20note.md.tex:1151: Preview: Snippet 1135 ended.(455111+98303x2448829).
<-><->
      
l.1151 $\exists 1_G \in G$
                          
Not a real error.

[1135]
./_9AD8_7B49_4EE3_65702_20note.md.tex:1152: Preview: Snippet 1136 started.
<-><->
      
l.1152 $
        1_gx=x1_g=x$
Not a real error.

./_9AD8_7B49_4EE3_65702_20note.md.tex:1152: Preview: Snippet 1136 ended.(422343+187504x4136448).
<-><->
      
l.1152 $1_gx=x1_g=x$
                    
Not a real error.

[1136]
./_9AD8_7B49_4EE3_65702_20note.md.tex:1153: Preview: Snippet 1137 started.
<-><->
      
l.1153 $
        \forall x \in G$
Not a real error.

./_9AD8_7B49_4EE3_65702_20note.md.tex:1153: Preview: Snippet 1137 ended.(455111+25623x2054910).
<-><->
      
l.1153 $\forall x \in G$
                        
Not a real error.

[1137]
./_9AD8_7B49_4EE3_65702_20note.md.tex:1154: Preview: Snippet 1138 started.
<-><->
      
l.1154 $
        \forall x \in G$
Not a real error.

./_9AD8_7B49_4EE3_65702_20note.md.tex:1154: Preview: Snippet 1138 ended.(455111+25623x2054910).
<-><->
      
l.1154 $\forall x \in G$
                        
Not a real error.

[1138]
./_9AD8_7B49_4EE3_65702_20note.md.tex:1155: Preview: Snippet 1139 started.
<-><->
      
l.1155 $
        \exists x^{-1} \in G$
Not a real error.

./_9AD8_7B49_4EE3_65702_20note.md.tex:1155: Preview: Snippet 1139 ended.(533465+25623x2758514).
<-><->
      
l.1155 $\exists x^{-1} \in G$
                             
Not a real error.

[1139]
./_9AD8_7B49_4EE3_65702_20note.md.tex:1156: Preview: Snippet 1140 started.
<-><->
      
l.1156 $
        xx^{-1}=x^{-1}x=1_G$
Not a real error.

./_9AD8_7B49_4EE3_65702_20note.md.tex:1156: Preview: Snippet 1140 ended.(533465+98303x5421519).
<-><->
      
l.1156 $xx^{-1}=x^{-1}x=1_G$
                            
Not a real error.

[1140]
./_9AD8_7B49_4EE3_65702_20note.md.tex:1157: Preview: Snippet 1141 started.
<-><->
      
l.1157 $
        G$
Not a real error.

./_9AD8_7B49_4EE3_65702_20note.md.tex:1157: Preview: Snippet 1141 ended.(447828+0x515276).
<-><->
      
l.1157 $G$
          
Not a real error.

[1141]
./_9AD8_7B49_4EE3_65702_20note.md.tex:1158: Preview: Snippet 1142 started.
<-><->
      
l.1158 $
        xy=yx$
Not a real error.

./_9AD8_7B49_4EE3_65702_20note.md.tex:1158: Preview: Snippet 1142 ended.(282168+127431x2312566).
<-><->
      
l.1158 $xy=yx$
              
Not a real error.

[1142]
./_9AD8_7B49_4EE3_65702_20note.md.tex:1159: Preview: Snippet 1143 started.
<-><->
      
l.1159 $
        x,y \in G$
Not a real error.

./_9AD8_7B49_4EE3_65702_20note.md.tex:1159: Preview: Snippet 1143 ended.(447828+127431x2326913).
<-><->
      
l.1159 $x,y \in G$
                  
Not a real error.

[1143]
./_9AD8_7B49_4EE3_65702_20note.md.tex:1160: Preview: Snippet 1144 started.
<-><->
      
l.1160 $
        G$
Not a real error.

./_9AD8_7B49_4EE3_65702_20note.md.tex:1160: Preview: Snippet 1144 ended.(447828+0x515276).
<-><->
      
l.1160 $G$
          
Not a real error.

[1144]
./_9AD8_7B49_4EE3_65702_20note.md.tex:1161: Preview: Snippet 1145 started.
<-><->
      
l.1161 $
        G=\{1_G\}$
Not a real error.

./_9AD8_7B49_4EE3_65702_20note.md.tex:1161: Preview: Snippet 1145 ended.(491520+163840x2812919).
<-><->
      
l.1161 $G=\{1_G\}$
                  
Not a real error.

[1145]
./_9AD8_7B49_4EE3_65702_20note.md.tex:1162: Preview: Snippet 1146 started.
<-><->
      
l.1162 $
        G$
Not a real error.

./_9AD8_7B49_4EE3_65702_20note.md.tex:1162: Preview: Snippet 1146 ended.(447828+0x515276).
<-><->
      
l.1162 $G$
          
Not a real error.

[1146]
./_9AD8_7B49_4EE3_65702_20note.md.tex:1163: Preview: Snippet 1147 started.
<-><->
      
l.1163 $
        |G|$
Not a real error.

./_9AD8_7B49_4EE3_65702_20note.md.tex:1163: Preview: Snippet 1147 ended.(491520+163840x879366).
<-><->
      
l.1163 $|G|$
            
Not a real error.

[1147]
./_9AD8_7B49_4EE3_65702_20note.md.tex:1164: Preview: Snippet 1148 started.
<-><->
      
l.1164 $
        x^{-1}$
Not a real error.

./_9AD8_7B49_4EE3_65702_20note.md.tex:1164: Preview: Snippet 1148 ended.(533465+0x1078160).
<-><->
      
l.1164 $x^{-1}$
               
Not a real error.

[1148]
./_9AD8_7B49_4EE3_65702_20note.md.tex:1165: Preview: Snippet 1149 started.
<-><->
      
l.1165 $
        x^n$
Not a real error.

./_9AD8_7B49_4EE3_65702_20note.md.tex:1165: Preview: Snippet 1149 ended.(435343+0x731290).
<-><->
      
l.1165 $x^n$
            
Not a real error.

[1149]
./_9AD8_7B49_4EE3_65702_20note.md.tex:1166: Preview: Snippet 1150 started.
<-><->
      
l.1166 $
        G$
Not a real error.

./_9AD8_7B49_4EE3_65702_20note.md.tex:1166: Preview: Snippet 1150 ended.(447828+0x515276).
<-><->
      
l.1166 $G$
          
Not a real error.

[1150]
./_9AD8_7B49_4EE3_65702_20note.md.tex:1167: Preview: Snippet 1151 started.
<-><->
      
l.1167 $
        G$
Not a real error.

./_9AD8_7B49_4EE3_65702_20note.md.tex:1167: Preview: Snippet 1151 ended.(447828+0x515276).
<-><->
      
l.1167 $G$
          
Not a real error.

[1151]
./_9AD8_7B49_4EE3_65702_20note.md.tex:1168: Preview: Snippet 1152 started.
<-><->
      
l.1168 $
        H$
Not a real error.

./_9AD8_7B49_4EE3_65702_20note.md.tex:1168: Preview: Snippet 1152 ended.(447828+0x598014).
<-><->
      
l.1168 $H$
          
Not a real error.

[1152]
./_9AD8_7B49_4EE3_65702_20note.md.tex:1169: Preview: Snippet 1153 started.
<-><->
      
l.1169 $
        G$
Not a real error.

./_9AD8_7B49_4EE3_65702_20note.md.tex:1169: Preview: Snippet 1153 ended.(447828+0x515276).
<-><->
      
l.1169 $G$
          
Not a real error.

[1153]
./_9AD8_7B49_4EE3_65702_20note.md.tex:1170: Preview: Snippet 1154 started.
<-><->
      
l.1170 $
        1_G \in H$
Not a real error.

./_9AD8_7B49_4EE3_65702_20note.md.tex:1170: Preview: Snippet 1154 ended.(447828+98303x2167477).
<-><->
      
l.1170 $1_G \in H$
                  
Not a real error.

[1154]
./_9AD8_7B49_4EE3_65702_20note.md.tex:1171: Preview: Snippet 1155 started.
<-><->
      
l.1171 $
        x,y \in H$
Not a real error.

./_9AD8_7B49_4EE3_65702_20note.md.tex:1171: Preview: Snippet 1155 ended.(447828+127431x2409651).
<-><->
      
l.1171 $x,y \in H$
                  
Not a real error.

[1155]
./_9AD8_7B49_4EE3_65702_20note.md.tex:1172: Preview: Snippet 1156 started.
<-><->
      
l.1172 $
        \Rightarrow$
Not a real error.

./_9AD8_7B49_4EE3_65702_20note.md.tex:1172: Preview: Snippet 1156 ended.(240435+0x655361).
<-><->
      
l.1172 $\Rightarrow$
                    
Not a real error.

[1156]
./_9AD8_7B49_4EE3_65702_20note.md.tex:1173: Preview: Snippet 1157 started.
<-><->
      
l.1173 $
        xy \in H$
Not a real error.

./_9AD8_7B49_4EE3_65702_20note.md.tex:1173: Preview: Snippet 1157 ended.(447828+127431x2118382).
<-><->
      
l.1173 $xy \in H$
                 
Not a real error.

[1157]
./_9AD8_7B49_4EE3_65702_20note.md.tex:1174: Preview: Snippet 1158 started.
<-><->
      
l.1174 $
        x \in H$
Not a real error.

./_9AD8_7B49_4EE3_65702_20note.md.tex:1174: Preview: Snippet 1158 ended.(447828+25623x1773558).
<-><->
      
l.1174 $x \in H$
                
Not a real error.

[1158]
./_9AD8_7B49_4EE3_65702_20note.md.tex:1175: Preview: Snippet 1159 started.
<-><->
      
l.1175 $
        \Rightarrow$
Not a real error.

./_9AD8_7B49_4EE3_65702_20note.md.tex:1175: Preview: Snippet 1159 ended.(240435+0x655361).
<-><->
      
l.1175 $\Rightarrow$
                    
Not a real error.

[1159]
./_9AD8_7B49_4EE3_65702_20note.md.tex:1176: Preview: Snippet 1160 started.
<-><->
      
l.1176 $
        x^{-1} \in H$
Not a real error.

./_9AD8_7B49_4EE3_65702_20note.md.tex:1176: Preview: Snippet 1160 ended.(533465+25623x2477162).
<-><->
      
l.1176 $x^{-1} \in H$
                     
Not a real error.

[1160]
./_9AD8_7B49_4EE3_65702_20note.md.tex:1177: Preview: Snippet 1161 started.
<-><->
      
l.1177 $
        H$
Not a real error.

./_9AD8_7B49_4EE3_65702_20note.md.tex:1177: Preview: Snippet 1161 ended.(447828+0x598014).
<-><->
      
l.1177 $H$
          
Not a real error.

[1161]
./_9AD8_7B49_4EE3_65702_20note.md.tex:1178: Preview: Snippet 1162 started.
<-><->
      
l.1178 $
        G$
Not a real error.

./_9AD8_7B49_4EE3_65702_20note.md.tex:1178: Preview: Snippet 1162 ended.(447828+0x515276).
<-><->
      
l.1178 $G$
          
Not a real error.

[1162]
./_9AD8_7B49_4EE3_65702_20note.md.tex:1179: Preview: Snippet 1163 started.
<-><->
      
l.1179 $
        (H,\cdot)$
Not a real error.

./_9AD8_7B49_4EE3_65702_20note.md.tex:1179: Preview: Snippet 1163 ended.(491520+163840x1544645).
<-><->
      
l.1179 $(H,\cdot)$
                  
Not a real error.

[1163]
./_9AD8_7B49_4EE3_65702_20note.md.tex:1180: Preview: Snippet 1164 started.
<-><->
      
l.1180 $
        \{1_G\}$
Not a real error.

./_9AD8_7B49_4EE3_65702_20note.md.tex:1180: Preview: Snippet 1164 ended.(491520+163840x1423837).
<-><->
      
l.1180 $\{1_G\}$
                
Not a real error.

[1164]
./_9AD8_7B49_4EE3_65702_20note.md.tex:1181: Preview: Snippet 1165 started.
<-><->
      
l.1181 $
        G$
Not a real error.

./_9AD8_7B49_4EE3_65702_20note.md.tex:1181: Preview: Snippet 1165 ended.(447828+0x515276).
<-><->
      
l.1181 $G$
          
Not a real error.

[1165]
./_9AD8_7B49_4EE3_65702_20note.md.tex:1182: Preview: Snippet 1166 started.
<-><->
      
l.1182 $
        G$
Not a real error.

./_9AD8_7B49_4EE3_65702_20note.md.tex:1182: Preview: Snippet 1166 ended.(447828+0x515276).
<-><->
      
l.1182 $G$
          
Not a real error.

[1166]
./_9AD8_7B49_4EE3_65702_20note.md.tex:1183: Preview: Snippet 1167 started.
<-><->
      
l.1183 $
        \bigcap$
Not a real error.

./_9AD8_7B49_4EE3_65702_20note.md.tex:1183: Preview: Snippet 1167 ended.(491524+163844x546135).
<-><->
      
l.1183 $\bigcap$
                
Not a real error.

[1167]
./_9AD8_7B49_4EE3_65702_20note.md.tex:1184: Preview: Snippet 1168 started.
<-><->
      
l.1184 $
        G$
Not a real error.

./_9AD8_7B49_4EE3_65702_20note.md.tex:1184: Preview: Snippet 1168 ended.(447828+0x515276).
<-><->
      
l.1184 $G$
          
Not a real error.

[1168]
./_9AD8_7B49_4EE3_65702_20note.md.tex:1185: Preview: Snippet 1169 started.
<-><->
      
l.1185 $
        Z(G):=\{a:ax=xa,\forall x \in G\}$
Not a real error.

./_9AD8_7B49_4EE3_65702_20note.md.tex:1185: Preview: Snippet 1169 ended.(491520+163840x8784936).
<-><->
      
l.1185 $Z(G):=\{a:ax=xa,\forall x \in G\}$
                                          
Not a real error.

[1169]
./_9AD8_7B49_4EE3_65702_20note.md.tex:1186: Preview: Snippet 1170 started.
<-><->
      
l.1186 $
        G$
Not a real error.

./_9AD8_7B49_4EE3_65702_20note.md.tex:1186: Preview: Snippet 1170 ended.(447828+0x515276).
<-><->
      
l.1186 $G$
          
Not a real error.

[1170]
./_9AD8_7B49_4EE3_65702_20note.md.tex:1187: Preview: Snippet 1171 started.
<-><->
      
l.1187 $
        G$
Not a real error.

./_9AD8_7B49_4EE3_65702_20note.md.tex:1187: Preview: Snippet 1171 ended.(447828+0x515276).
<-><->
      
l.1187 $G$
          
Not a real error.

[1171]
./_9AD8_7B49_4EE3_65702_20note.md.tex:1188: Preview: Snippet 1172 started.
<-><->
      
l.1188 $
        Z(G)=G$
Not a real error.

./_9AD8_7B49_4EE3_65702_20note.md.tex:1188: Preview: Snippet 1172 ended.(491520+163840x2908335).
<-><->
      
l.1188 $Z(G)=G$
               
Not a real error.

[1172]
./_9AD8_7B49_4EE3_65702_20note.md.tex:1189: Preview: Snippet 1173 started.
<-><->
      
l.1189 $
        S_X$
Not a real error.

./_9AD8_7B49_4EE3_65702_20note.md.tex:1189: Preview: Snippet 1173 ended.(447828+98303x900075).
<-><->
      
l.1189 $S_X$
            
Not a real error.

[1173]
./_9AD8_7B49_4EE3_65702_20note.md.tex:1190: Preview: Snippet 1174 started.
<-><->
      
l.1190 $
        X \rightarrow X$
Not a real error.

./_9AD8_7B49_4EE3_65702_20note.md.tex:1190: Preview: Snippet 1174 ended.(447828+0x2208189).
<-><->
      
l.1190 $X \rightarrow X$
                        
Not a real error.

[1174]
./_9AD8_7B49_4EE3_65702_20note.md.tex:1191: Preview: Snippet 1175 started.
<-><->
      
l.1191 $
        S_n:=S_{\{1,\cdots,n\}}$
Not a real error.

./_9AD8_7B49_4EE3_65702_20note.md.tex:1191: Preview: Snippet 1175 ended.(447828+233018x4239057).
<-><->
      
l.1191 $S_n:=S_{\{1,\cdots,n\}}$
                                
Not a real error.

[1175]
./_9AD8_7B49_4EE3_65702_20note.md.tex:1192: Preview: Snippet 1176 started.
<-><->
      
l.1192 $
        A_n$
Not a real error.

./_9AD8_7B49_4EE3_65702_20note.md.tex:1192: Preview: Snippet 1176 ended.(447828+98303x848255).
<-><->
      
l.1192 $A_n$
            
Not a real error.

[1176]
./_9AD8_7B49_4EE3_65702_20note.md.tex:1193: Preview: Snippet 1177 started.
<-><->
      
l.1193 $
        S_n$
Not a real error.

./_9AD8_7B49_4EE3_65702_20note.md.tex:1193: Preview: Snippet 1177 ended.(447828+98303x758597).
<-><->
      
l.1193 $S_n$
            
Not a real error.

[1177]
./_9AD8_7B49_4EE3_65702_20note.md.tex:1194: Preview: Snippet 1178 started.
<-><->
      
l.1194 $
        \sigma \in S_n$
Not a real error.

./_9AD8_7B49_4EE3_65702_20note.md.tex:1194: Preview: Snippet 1178 ended.(447828+98303x1957579).
<-><->
      
l.1194 $\sigma \in S_n$
                       
Not a real error.

[1178]
./_9AD8_7B49_4EE3_65702_20note.md.tex:1195: Preview: Snippet 1179 started.
<-><->
      
l.1195 $
        sign(\sigma)=1$
Not a real error.

./_9AD8_7B49_4EE3_65702_20note.md.tex:1195: Preview: Snippet 1179 ended.(491520+163840x3371656).
<-><->
      
l.1195 $sign(\sigma)=1$
                       
Not a real error.

[1179]
./_9AD8_7B49_4EE3_65702_20note.md.tex:1196: Preview: Snippet 1180 started.
<-><->
      
l.1196 $
        GL(V)$
Not a real error.

./_9AD8_7B49_4EE3_65702_20note.md.tex:1196: Preview: Snippet 1180 ended.(491520+163840x1998941).
<-><->
      
l.1196 $GL(V)$
              
Not a real error.

[1180]
./_9AD8_7B49_4EE3_65702_20note.md.tex:1197: Preview: Snippet 1181 started.
<-><->
      
l.1197 $
        V$
Not a real error.

./_9AD8_7B49_4EE3_65702_20note.md.tex:1197: Preview: Snippet 1181 ended.(447828+0x527929).
<-><->
      
l.1197 $V$
          
Not a real error.

[1181]
./_9AD8_7B49_4EE3_65702_20note.md.tex:1198: Preview: Snippet 1182 started.
<-><->
      
l.1198 $
        V \rightarrow V$
Not a real error.

./_9AD8_7B49_4EE3_65702_20note.md.tex:1198: Preview: Snippet 1182 ended.(447828+0x2075299).
<-><->
      
l.1198 $V \rightarrow V$
                        
Not a real error.

[1182]
./_9AD8_7B49_4EE3_65702_20note.md.tex:1199: Preview: Snippet 1183 started.
<-><->
      
l.1199 $
        SL(V):=\{T \in End(V):det(T)=1\}$
Not a real error.

./_9AD8_7B49_4EE3_65702_20note.md.tex:1199: Preview: Snippet 1183 ended.(491520+163840x10817442).
<-><->
      
l.1199 $SL(V):=\{T \in End(V):det(T)=1\}$
                                         
Not a real error.

[1183]
./_9AD8_7B49_4EE3_65702_20note.md.tex:1200: Preview: Snippet 1184 started.
<-><->
      
l.1200 $
        dimV<\infty$
Not a real error.

./_9AD8_7B49_4EE3_65702_20note.md.tex:1200: Preview: Snippet 1184 ended.(455111+25623x3199397).
<-><->
      
l.1200 $dimV<\infty$
                    
Not a real error.

[1184]
./_9AD8_7B49_4EE3_65702_20note.md.tex:1201: Preview: Snippet 1185 started.
<-><->
      
l.1201 $
        SO(V)$
Not a real error.

./_9AD8_7B49_4EE3_65702_20note.md.tex:1201: Preview: Snippet 1185 ended.(491520+163840x1995389).
<-><->
      
l.1201 $SO(V)$
              
Not a real error.

[1185]
./_9AD8_7B49_4EE3_65702_20note.md.tex:1202: Preview: Snippet 1186 started.
<-><->
      
l.1202 $
        dimV<\infty$
Not a real error.

./_9AD8_7B49_4EE3_65702_20note.md.tex:1202: Preview: Snippet 1186 ended.(455111+25623x3199397).
<-><->
      
l.1202 $dimV<\infty$
                    
Not a real error.

[1186]
./_9AD8_7B49_4EE3_65702_20note.md.tex:1203: Preview: Snippet 1187 started.
<-><->
      
l.1203 $
        IPS/\mathbb{R}$
Not a real error.

./_9AD8_7B49_4EE3_65702_20note.md.tex:1203: Preview: Snippet 1187 ended.(491520+163840x2055509).
<-><->
      
l.1203 $IPS/\mathbb{R}$
                       
Not a real error.

[1187]
./_9AD8_7B49_4EE3_65702_20note.md.tex:1204: Preview: Snippet 1188 started.
<-><->
      
l.1204 $
        O(V)$
Not a real error.

./_9AD8_7B49_4EE3_65702_20note.md.tex:1204: Preview: Snippet 1188 ended.(491520+163840x1555753).
<-><->
      
l.1204 $O(V)$
             
Not a real error.

[1188]
./_9AD8_7B49_4EE3_65702_20note.md.tex:1205: Preview: Snippet 1189 started.
<-><->
      
l.1205 $
        IPS/\mathbb{R}$
Not a real error.

./_9AD8_7B49_4EE3_65702_20note.md.tex:1205: Preview: Snippet 1189 ended.(491520+163840x2055509).
<-><->
      
l.1205 $IPS/\mathbb{R}$
                       
Not a real error.

[1189]
./_9AD8_7B49_4EE3_65702_20note.md.tex:1206: Preview: Snippet 1190 started.
<-><->
      
l.1206 $
        SO(V):=O(V) \cap SL(V)$
Not a real error.

./_9AD8_7B49_4EE3_65702_20note.md.tex:1206: Preview: Snippet 1190 ended.(491520+163840x7258466).
<-><->
      
l.1206 $SO(V):=O(V) \cap SL(V)$
                               
Not a real error.

[1190]
./_9AD8_7B49_4EE3_65702_20note.md.tex:1207: Preview: Snippet 1191 started.
<-><->
      
l.1207 $
        SU(V)$
Not a real error.

./_9AD8_7B49_4EE3_65702_20note.md.tex:1207: Preview: Snippet 1191 ended.(491520+163840x1996207).
<-><->
      
l.1207 $SU(V)$
              
Not a real error.

[1191]
./_9AD8_7B49_4EE3_65702_20note.md.tex:1208: Preview: Snippet 1192 started.
<-><->
      
l.1208 $
        SO(V)$
Not a real error.

./_9AD8_7B49_4EE3_65702_20note.md.tex:1208: Preview: Snippet 1192 ended.(491520+163840x1995389).
<-><->
      
l.1208 $SO(V)$
              
Not a real error.

[1192]
./_9AD8_7B49_4EE3_65702_20note.md.tex:1209: Preview: Snippet 1193 started.
<-><->
      
l.1209 $
        \mathbb{C}$
Not a real error.

./_9AD8_7B49_4EE3_65702_20note.md.tex:1209: Preview: Snippet 1193 ended.(451470+0x473316).
<-><->
      
l.1209 $\mathbb{C}$
                   
Not a real error.

[1193]
./_9AD8_7B49_4EE3_65702_20note.md.tex:1210: Preview: Snippet 1194 started.
<-><->
      
l.1210 $
        GL,SL,SO,SU$
Not a real error.

./_9AD8_7B49_4EE3_65702_20note.md.tex:1210: Preview: Snippet 1194 ended.(447828+127431x4637025).
<-><->
      
l.1210 $GL,SL,SO,SU$
                    
Not a real error.

[1194]
./_9AD8_7B49_4EE3_65702_20note.md.tex:1211: Preview: Snippet 1195 started.
<-><->
      
l.1211 $
        (\mathbb{Z},+)$
Not a real error.

./_9AD8_7B49_4EE3_65702_20note.md.tex:1211: Preview: Snippet 1195 ended.(491520+163840x1747629).
<-><->
      
l.1211 $(\mathbb{Z},+)$
                       
Not a real error.

[1195]
./_9AD8_7B49_4EE3_65702_20note.md.tex:1212: Preview: Snippet 1196 started.
<-><->
      
l.1212 $
        R$
Not a real error.

./_9AD8_7B49_4EE3_65702_20note.md.tex:1212: Preview: Snippet 1196 ended.(447828+0x502671).
<-><->
      
l.1212 $R$
          
Not a real error.

[1196]
./_9AD8_7B49_4EE3_65702_20note.md.tex:1213: Preview: Snippet 1197 started.
<-><->
      
l.1213 $
        R^{\times}:=\{r \in R:r \text{ invertable}\}$
Not a real error.

./_9AD8_7B49_4EE3_65702_20note.md.tex:1213: Preview: Snippet 1197 ended.(521815+163840x8175009).
<-><->
      
l.1213 ...imes}:=\{r \in R:r \text{ invertable}\}$
                                                  
Not a real error.

[1197]
./_9AD8_7B49_4EE3_65702_20note.md.tex:1214: Preview: Snippet 1198 started.
<-><->
      
l.1214 $
        R^\times$
Not a real error.

./_9AD8_7B49_4EE3_65702_20note.md.tex:1214: Preview: Snippet 1198 ended.(521815+0x945040).
<-><->
      
l.1214 $R^\times$
                 
Not a real error.

[1198]
./_9AD8_7B49_4EE3_65702_20note.md.tex:1215: Preview: Snippet 1199 started.
<-><->
      
l.1215 $
        G$
Not a real error.

./_9AD8_7B49_4EE3_65702_20note.md.tex:1215: Preview: Snippet 1199 ended.(447828+0x515276).
<-><->
      
l.1215 $G$
          
Not a real error.

[1199]
./_9AD8_7B49_4EE3_65702_20note.md.tex:1216: Preview: Snippet 1200 started.
<-><->
      
l.1216 $
        S \subseteq G$
Not a real error.

./_9AD8_7B49_4EE3_65702_20note.md.tex:1216: Preview: Snippet 1200 ended.(447828+89110x1828718).
<-><->
      
l.1216 $S \subseteq G$
                      
Not a real error.

[1200]
./_9AD8_7B49_4EE3_65702_20note.md.tex:1217: Preview: Snippet 1201 started.
<-><->
      
l.1217 $
        \langle S \rangle:=\{s_1^{a_1}\cdots s_n^{a_n}:s_i \in S,\ a_i \in \...
Not a real error.

./_9AD8_7B49_4EE3_65702_20note.md.tex:1217: Preview: Snippet 1201 ended.(491520+174758x11446229).
<-><->
      
l.1217 ...in S,\ a_i \in \mathbb{Z}\} \subseteq G$
                                                  
Not a real error.

[1201]
./_9AD8_7B49_4EE3_65702_20note.md.tex:1218: Preview: Snippet 1202 started.
<-><->
      
l.1218 $
        S$
Not a real error.

./_9AD8_7B49_4EE3_65702_20note.md.tex:1218: Preview: Snippet 1202 ended.(447828+0x439636).
<-><->
      
l.1218 $S$
          
Not a real error.

[1202]
./_9AD8_7B49_4EE3_65702_20note.md.tex:1219: Preview: Snippet 1203 started.
<-><->
      
l.1219 $
        G$
Not a real error.

./_9AD8_7B49_4EE3_65702_20note.md.tex:1219: Preview: Snippet 1203 ended.(447828+0x515276).
<-><->
      
l.1219 $G$
          
Not a real error.

[1203]
./_9AD8_7B49_4EE3_65702_20note.md.tex:1220: Preview: Snippet 1204 started.
<-><->
      
l.1220 $
        S$
Not a real error.

./_9AD8_7B49_4EE3_65702_20note.md.tex:1220: Preview: Snippet 1204 ended.(447828+0x439636).
<-><->
      
l.1220 $S$
          
Not a real error.

[1204]
./_9AD8_7B49_4EE3_65702_20note.md.tex:1221: Preview: Snippet 1205 started.
<-><->
      
l.1221 $
        \langle S \rangle=G$
Not a real error.

./_9AD8_7B49_4EE3_65702_20note.md.tex:1221: Preview: Snippet 1205 ended.(491520+163840x2338444).
<-><->
      
l.1221 $\langle S \rangle=G$
                            
Not a real error.

[1205]
./_9AD8_7B49_4EE3_65702_20note.md.tex:1222: Preview: Snippet 1206 started.
<-><->
      
l.1222 $
        S$
Not a real error.

./_9AD8_7B49_4EE3_65702_20note.md.tex:1222: Preview: Snippet 1206 ended.(447828+0x439636).
<-><->
      
l.1222 $S$
          
Not a real error.

[1206]
./_9AD8_7B49_4EE3_65702_20note.md.tex:1223: Preview: Snippet 1207 started.
<-><->
      
l.1223 $
        G$
Not a real error.

./_9AD8_7B49_4EE3_65702_20note.md.tex:1223: Preview: Snippet 1207 ended.(447828+0x515276).
<-><->
      
l.1223 $G$
          
Not a real error.

[1207]
./_9AD8_7B49_4EE3_65702_20note.md.tex:1224: Preview: Snippet 1208 started.
<-><->
      
l.1224 $
        S_n$
Not a real error.

./_9AD8_7B49_4EE3_65702_20note.md.tex:1224: Preview: Snippet 1208 ended.(447828+98303x758597).
<-><->
      
l.1224 $S_n$
            
Not a real error.

[1208]
./_9AD8_7B49_4EE3_65702_20note.md.tex:1225: Preview: Snippet 1209 started.
<-><->
      
l.1225 $
        (i,i+1)$
Not a real error.

./_9AD8_7B49_4EE3_65702_20note.md.tex:1225: Preview: Snippet 1209 ended.(491520+163840x2381226).
<-><->
      
l.1225 $(i,i+1)$
                
Not a real error.

[1209]
./_9AD8_7B49_4EE3_65702_20note.md.tex:1226: Preview: Snippet 1210 started.
<-><->
      
l.1226 $
        \mathbb{Z}/n\mathbb{Z}$
Not a real error.

./_9AD8_7B49_4EE3_65702_20note.md.tex:1226: Preview: Snippet 1210 ended.(491520+163840x1594867).
<-><->
      
l.1226 $\mathbb{Z}/n\mathbb{Z}$
                               
Not a real error.

[1210]
./_9AD8_7B49_4EE3_65702_20note.md.tex:1227: Preview: Snippet 1211 started.
<-><->
      
l.1227 $
        \bar{1}$
Not a real error.

./_9AD8_7B49_4EE3_65702_20note.md.tex:1227: Preview: Snippet 1211 ended.(512273+0x327681).
<-><->
      
l.1227 $\bar{1}$
                
Not a real error.

[1211]
./_9AD8_7B49_4EE3_65702_20note.md.tex:1228: Preview: Snippet 1212 started.
<-><->
      
l.1228 $
        (G_i)_{i \in I}$
Not a real error.

./_9AD8_7B49_4EE3_65702_20note.md.tex:1228: Preview: Snippet 1212 ended.(491520+163840x2082470).
<-><->
      
l.1228 $(G_i)_{i \in I}$
                        
Not a real error.

[1212]
./_9AD8_7B49_4EE3_65702_20note.md.tex:1229: Preview: Snippet 1213 started.
<-><->
      
l.1229 $
        \prod_{i \in I}G_i$
Not a real error.

./_9AD8_7B49_4EE3_65702_20note.md.tex:1229: Preview: Snippet 1213 ended.(491524+231327x2300921).
<-><->
      
l.1229 $\prod_{i \in I}G_i$
                           
Not a real error.

[1213]
./_9AD8_7B49_4EE3_65702_20note.md.tex:1230: Preview: Snippet 1214 started.
<-><->
      
l.1230 $
        (g_i)_{i \in I} \cdot (g'_i)_{i \in I}=(g_ig'_i)_{i \in I}$
Not a real error.

./_9AD8_7B49_4EE3_65702_20note.md.tex:1230: Preview: Snippet 1214 ended.(492688+170585x7517229).
<-><->
      
l.1230 ...ot (g'_i)_{i \in I}=(g_ig'_i)_{i \in I}$
                                                  
Not a real error.

[1214]
./_9AD8_7B49_4EE3_65702_20note.md.tex:1231: Preview: Snippet 1215 started.
<-><->
      
l.1231 $
        (1_i)_{i \in I}$
Not a real error.

./_9AD8_7B49_4EE3_65702_20note.md.tex:1231: Preview: Snippet 1215 ended.(491520+163840x1894875).
<-><->
      
l.1231 $(1_i)_{i \in I}$
                        
Not a real error.

[1215]
./_9AD8_7B49_4EE3_65702_20note.md.tex:1232: Preview: Snippet 1216 started.
<-><->
      
l.1232 $
        (g_i^{-1})_{i \in I}=(g_i)_{i \in I}^{-1}$
Not a real error.

./_9AD8_7B49_4EE3_65702_20note.md.tex:1232: Preview: Snippet 1216 ended.(575988+227315x5142295).
<-><->
      
l.1232 $(g_i^{-1})_{i \in I}=(g_i)_{i \in I}^{-1}$
                                                  
Not a real error.

[1216]
./_9AD8_7B49_4EE3_65702_20note.md.tex:1233: Preview: Snippet 1217 started.
<-><->
      
l.1233 $
        G_1 \times G_2 \times G_3 \simeq G_1 \times (G_2 \times G_3)$
Not a real error.

./_9AD8_7B49_4EE3_65702_20note.md.tex:1233: Preview: Snippet 1217 ended.(491520+163840x9443166).
<-><->
      
l.1233 ... G_3 \simeq G_1 \times (G_2 \times G_3)$
                                                  
Not a real error.

[1217]
./_9AD8_7B49_4EE3_65702_20note.md.tex:1234: Preview: Snippet 1218 started.
<-><->
      
l.1234 $
        G,G'$
Not a real error.

./_9AD8_7B49_4EE3_65702_20note.md.tex:1234: Preview: Snippet 1218 ended.(492688+127431x1505686).
<-><->
      
l.1234 $G,G'$
             
Not a real error.

[1218]
./_9AD8_7B49_4EE3_65702_20note.md.tex:1235: Preview: Snippet 1219 started.
<-><->
      
l.1235 $
        f:G \rightarrow G'$
Not a real error.

./_9AD8_7B49_4EE3_65702_20note.md.tex:1235: Preview: Snippet 1219 ended.(492688+127431x3171381).
<-><->
      
l.1235 $f:G \rightarrow G'$
                           
Not a real error.

[1219]
./_9AD8_7B49_4EE3_65702_20note.md.tex:1236: Preview: Snippet 1220 started.
<-><->
      
l.1236 $
        f(x)f(y)=f(xy)$
Not a real error.

./_9AD8_7B49_4EE3_65702_20note.md.tex:1236: Preview: Snippet 1220 ended.(491520+163840x5015938).
<-><->
      
l.1236 $f(x)f(y)=f(xy)$
                       
Not a real error.

[1220]
./_9AD8_7B49_4EE3_65702_20note.md.tex:1237: Preview: Snippet 1221 started.
<-><->
      
l.1237 $
        f$
Not a real error.

./_9AD8_7B49_4EE3_65702_20note.md.tex:1237: Preview: Snippet 1221 ended.(455111+127431x391398).
<-><->
      
l.1237 $f$
          
Not a real error.

[1221]
./_9AD8_7B49_4EE3_65702_20note.md.tex:1238: Preview: Snippet 1222 started.
<-><->
      
l.1238 $
        f(1_G)=1_{G'}$
Not a real error.

./_9AD8_7B49_4EE3_65702_20note.md.tex:1238: Preview: Snippet 1222 ended.(491520+163840x3489147).
<-><->
      
l.1238 $f(1_G)=1_{G'}$
                      
Not a real error.

[1222]
./_9AD8_7B49_4EE3_65702_20note.md.tex:1239: Preview: Snippet 1223 started.
<-><->
      
l.1239 $
        f(x^{-1})=f(x)^{-1}$
Not a real error.

./_9AD8_7B49_4EE3_65702_20note.md.tex:1239: Preview: Snippet 1223 ended.(533465+163840x4832374).
<-><->
      
l.1239 $f(x^{-1})=f(x)^{-1}$
                            
Not a real error.

[1223]
./_9AD8_7B49_4EE3_65702_20note.md.tex:1240: Preview: Snippet 1224 started.
<-><->
      
l.1240 $
        H \leq G$
Not a real error.

./_9AD8_7B49_4EE3_65702_20note.md.tex:1240: Preview: Snippet 1224 ended.(447828+89110x1987096).
<-><->
      
l.1240 $H \leq G$
                 
Not a real error.

[1224]
./_9AD8_7B49_4EE3_65702_20note.md.tex:1241: Preview: Snippet 1225 started.
<-><->
      
l.1241 $
        H \hookrightarrow G$
Not a real error.

./_9AD8_7B49_4EE3_65702_20note.md.tex:1241: Preview: Snippet 1225 ended.(447828+0x2205552).
<-><->
      
l.1241 $H \hookrightarrow G$
                            
Not a real error.

[1225]
./_9AD8_7B49_4EE3_65702_20note.md.tex:1242: Preview: Snippet 1226 started.
<-><->
      
l.1242 $
        sign:S_n \rightarrow \{\pm 1\}$
Not a real error.

./_9AD8_7B49_4EE3_65702_20note.md.tex:1242: Preview: Snippet 1226 ended.(491520+163840x5079381).
<-><->
      
l.1242 $sign:S_n \rightarrow \{\pm 1\}$
                                       
Not a real error.

[1226]
./_9AD8_7B49_4EE3_65702_20note.md.tex:1243: Preview: Snippet 1227 started.
<-><->
      
l.1243 $
        det:GL(n,F) \rightarrow F^{\times}$
Not a real error.

./_9AD8_7B49_4EE3_65702_20note.md.tex:1243: Preview: Snippet 1227 ended.(521815+163840x6071415).
<-><->
      
l.1243 $det:GL(n,F) \rightarrow F^{\times}$
                                           
Not a real error.

[1227]
./_9AD8_7B49_4EE3_65702_20note.md.tex:1244: Preview: Snippet 1228 started.
<-><->
      
l.1244 $
        P_j:\prod_{i \in I}G_i \rightarrow G_i$
Not a real error.

./_9AD8_7B49_4EE3_65702_20note.md.tex:1244: Preview: Snippet 1228 ended.(491524+231327x5296841).
<-><->
      
l.1244 $P_j:\prod_{i \in I}G_i \rightarrow G_i$
                                               
Not a real error.

[1228]
./_9AD8_7B49_4EE3_65702_20note.md.tex:1245: Preview: Snippet 1229 started.
<-><->
      
l.1245 $
        (g_i)_{i \in I} \mapsto g_j$
Not a real error.

./_9AD8_7B49_4EE3_65702_20note.md.tex:1245: Preview: Snippet 1229 ended.(491520+187504x3487947).
<-><->
      
l.1245 $(g_i)_{i \in I} \mapsto g_j$
                                    
Not a real error.

[1229]
./_9AD8_7B49_4EE3_65702_20note.md.tex:1246: Preview: Snippet 1230 started.
<-><->
      
l.1246 $
        f:G \rightarrow G',g:G' \rightarrow G''$
Not a real error.

./_9AD8_7B49_4EE3_65702_20note.md.tex:1246: Preview: Snippet 1230 ended.(492688+127431x6913694).
<-><->
      
l.1246 $f:G \rightarrow G',g:G' \rightarrow G''$
                                                
Not a real error.

[1230]
./_9AD8_7B49_4EE3_65702_20note.md.tex:1247: Preview: Snippet 1231 started.
<-><->
      
l.1247 $
        gf:G \rightarrow G''$
Not a real error.

./_9AD8_7B49_4EE3_65702_20note.md.tex:1247: Preview: Snippet 1231 ended.(492688+127431x3658577).
<-><->
      
l.1247 $gf:G \rightarrow G''$
                             
Not a real error.

[1231]
./_9AD8_7B49_4EE3_65702_20note.md.tex:1248: Preview: Snippet 1232 started.
<-><->
      
l.1248 $
        G,G'$
Not a real error.

./_9AD8_7B49_4EE3_65702_20note.md.tex:1248: Preview: Snippet 1232 ended.(492688+127431x1505686).
<-><->
      
l.1248 $G,G'$
             
Not a real error.

[1232]
./_9AD8_7B49_4EE3_65702_20note.md.tex:1249: Preview: Snippet 1233 started.
<-><->
      
l.1249 $
        f:G \rightarrow G'$
Not a real error.

./_9AD8_7B49_4EE3_65702_20note.md.tex:1249: Preview: Snippet 1233 ended.(492688+127431x3171381).
<-><->
      
l.1249 $f:G \rightarrow G'$
                           
Not a real error.

[1233]
./_9AD8_7B49_4EE3_65702_20note.md.tex:1250: Preview: Snippet 1234 started.
<-><->
      
l.1250 $
        g:G' \rightarrow G$
Not a real error.

./_9AD8_7B49_4EE3_65702_20note.md.tex:1250: Preview: Snippet 1234 ended.(492688+127431x3116082).
<-><->
      
l.1250 $g:G' \rightarrow G$
                           
Not a real error.

[1234]
./_9AD8_7B49_4EE3_65702_20note.md.tex:1251: Preview: Snippet 1235 started.
<-><->
      
l.1251 $
        gf=id_G$
Not a real error.

./_9AD8_7B49_4EE3_65702_20note.md.tex:1251: Preview: Snippet 1235 ended.(455111+127431x2608983).
<-><->
      
l.1251 $gf=id_G$
                
Not a real error.

[1235]
./_9AD8_7B49_4EE3_65702_20note.md.tex:1252: Preview: Snippet 1236 started.
<-><->
      
l.1252 $
        fg=id_{G'}$
Not a real error.

./_9AD8_7B49_4EE3_65702_20note.md.tex:1252: Preview: Snippet 1236 ended.(455111+127431x2786250).
<-><->
      
l.1252 $fg=id_{G'}$
                   
Not a real error.

[1236]
./_9AD8_7B49_4EE3_65702_20note.md.tex:1253: Preview: Snippet 1237 started.
<-><->
      
l.1253 $
        G \rightarrow G'$
Not a real error.

./_9AD8_7B49_4EE3_65702_20note.md.tex:1253: Preview: Snippet 1237 ended.(492688+0x2233858).
<-><->
      
l.1253 $G \rightarrow G'$
                         
Not a real error.

[1237]
./_9AD8_7B49_4EE3_65702_20note.md.tex:1254: Preview: Snippet 1238 started.
<-><->
      
l.1254 $
        G$
Not a real error.

./_9AD8_7B49_4EE3_65702_20note.md.tex:1254: Preview: Snippet 1238 ended.(447828+0x515276).
<-><->
      
l.1254 $G$
          
Not a real error.

[1238]
./_9AD8_7B49_4EE3_65702_20note.md.tex:1255: Preview: Snippet 1239 started.
<-><->
      
l.1255 $
        G'$
Not a real error.

./_9AD8_7B49_4EE3_65702_20note.md.tex:1255: Preview: Snippet 1239 ended.(492688+0x699141).
<-><->
      
l.1255 $G'$
           
Not a real error.

[1239]
./_9AD8_7B49_4EE3_65702_20note.md.tex:1256: Preview: Snippet 1240 started.
<-><->
      
l.1256 $
        f:G \rightarrow G'$
Not a real error.

./_9AD8_7B49_4EE3_65702_20note.md.tex:1256: Preview: Snippet 1240 ended.(492688+127431x3171381).
<-><->
      
l.1256 $f:G \rightarrow G'$
                           
Not a real error.

[1240]
./_9AD8_7B49_4EE3_65702_20note.md.tex:1257: Preview: Snippet 1241 started.
<-><->
      
l.1257 $
        f$
Not a real error.

./_9AD8_7B49_4EE3_65702_20note.md.tex:1257: Preview: Snippet 1241 ended.(455111+127431x391398).
<-><->
      
l.1257 $f$
          
Not a real error.

[1241]
./_9AD8_7B49_4EE3_65702_20note.md.tex:1258: Preview: Snippet 1242 started.
<-><->
      
l.1258 $
        G$
Not a real error.

./_9AD8_7B49_4EE3_65702_20note.md.tex:1258: Preview: Snippet 1242 ended.(447828+0x515276).
<-><->
      
l.1258 $G$
          
Not a real error.

[1242]
./_9AD8_7B49_4EE3_65702_20note.md.tex:1259: Preview: Snippet 1243 started.
<-><->
      
l.1259 $
        g \in G$
Not a real error.

./_9AD8_7B49_4EE3_65702_20note.md.tex:1259: Preview: Snippet 1243 ended.(447828+127431x1652363).
<-><->
      
l.1259 $g \in G$
                
Not a real error.

[1243]
./_9AD8_7B49_4EE3_65702_20note.md.tex:1260: Preview: Snippet 1244 started.
<-><->
      
l.1260 $
        Ad_g:G \rightarrow G$
Not a real error.

./_9AD8_7B49_4EE3_65702_20note.md.tex:1260: Preview: Snippet 1244 ended.(455111+187504x3733648).
<-><->
      
l.1260 $Ad_g:G \rightarrow G$
                             
Not a real error.

[1244]
./_9AD8_7B49_4EE3_65702_20note.md.tex:1261: Preview: Snippet 1245 started.
<-><->
      
l.1261 $
        x \mapsto gxg^{-1}$
Not a real error.

./_9AD8_7B49_4EE3_65702_20note.md.tex:1261: Preview: Snippet 1245 ended.(533465+127431x3144355).
<-><->
      
l.1261 $x \mapsto gxg^{-1}$
                           
Not a real error.

[1245]
./_9AD8_7B49_4EE3_65702_20note.md.tex:1262: Preview: Snippet 1246 started.
<-><->
      
l.1262 $
        Ad_gAd_h=Ad_{gh}$
Not a real error.

./_9AD8_7B49_4EE3_65702_20note.md.tex:1262: Preview: Snippet 1246 ended.(455111+187504x4627907).
<-><->
      
l.1262 $Ad_gAd_h=Ad_{gh}$
                         
Not a real error.

[1246]
./_9AD8_7B49_4EE3_65702_20note.md.tex:1263: Preview: Snippet 1247 started.
<-><->
      
l.1263 $
        Aut(G):=$
Not a real error.

./_9AD8_7B49_4EE3_65702_20note.md.tex:1263: Preview: Snippet 1247 ended.(491520+163840x3002158).
<-><->
      
l.1263 $Aut(G):=$
                 
Not a real error.

[1247]
./_9AD8_7B49_4EE3_65702_20note.md.tex:1264: Preview: Snippet 1248 started.
<-><->
      
l.1264 $
        G$
Not a real error.

./_9AD8_7B49_4EE3_65702_20note.md.tex:1264: Preview: Snippet 1248 ended.(447828+0x515276).
<-><->
      
l.1264 $G$
          
Not a real error.

[1248]
./_9AD8_7B49_4EE3_65702_20note.md.tex:1265: Preview: Snippet 1249 started.
<-><->
      
l.1265 $
        \langle \sigma \rangle=G$
Not a real error.

./_9AD8_7B49_4EE3_65702_20note.md.tex:1265: Preview: Snippet 1249 ended.(491520+163840x2296802).
<-><->
      
l.1265 $\langle \sigma \rangle=G$
                                 
Not a real error.

[1249]
./_9AD8_7B49_4EE3_65702_20note.md.tex:1266: Preview: Snippet 1250 started.
<-><->
      
l.1266 $
        \mathbb{Z}$
Not a real error.

./_9AD8_7B49_4EE3_65702_20note.md.tex:1266: Preview: Snippet 1250 ended.(451470+0x436908).
<-><->
      
l.1266 $\mathbb{Z}$
                   
Not a real error.

[1250]
./_9AD8_7B49_4EE3_65702_20note.md.tex:1267: Preview: Snippet 1251 started.
<-><->
      
l.1267 $
        \mathbb{Z}/n\mathbb{Z}$
Not a real error.

./_9AD8_7B49_4EE3_65702_20note.md.tex:1267: Preview: Snippet 1251 ended.(491520+163840x1594867).
<-><->
      
l.1267 $\mathbb{Z}/n\mathbb{Z}$
                               
Not a real error.

[1251]
./_9AD8_7B49_4EE3_65702_20note.md.tex:1268: Preview: Snippet 1252 started.
<-><->
      
l.1268 $
        G$
Not a real error.

./_9AD8_7B49_4EE3_65702_20note.md.tex:1268: Preview: Snippet 1252 ended.(447828+0x515276).
<-><->
      
l.1268 $G$
          
Not a real error.

[1252]
./_9AD8_7B49_4EE3_65702_20note.md.tex:1269: Preview: Snippet 1253 started.
<-><->
      
l.1269 $
        H \leq G$
Not a real error.

./_9AD8_7B49_4EE3_65702_20note.md.tex:1269: Preview: Snippet 1253 ended.(447828+89110x1987096).
<-><->
      
l.1269 $H \leq G$
                 
Not a real error.

[1253]
./_9AD8_7B49_4EE3_65702_20note.md.tex:1270: Preview: Snippet 1254 started.
<-><->
      
l.1270 $
        G$
Not a real error.

./_9AD8_7B49_4EE3_65702_20note.md.tex:1270: Preview: Snippet 1254 ended.(447828+0x515276).
<-><->
      
l.1270 $G$
          
Not a real error.

[1254]
./_9AD8_7B49_4EE3_65702_20note.md.tex:1271: Preview: Snippet 1255 started.
<-><->
      
l.1271 $
        x$
Not a real error.

./_9AD8_7B49_4EE3_65702_20note.md.tex:1271: Preview: Snippet 1255 ended.(282168+0x374556).
<-><->
      
l.1271 $x$
          
Not a real error.

[1255]
./_9AD8_7B49_4EE3_65702_20note.md.tex:1272: Preview: Snippet 1256 started.
<-><->
      
l.1272 $
        y$
Not a real error.

./_9AD8_7B49_4EE3_65702_20note.md.tex:1272: Preview: Snippet 1256 ended.(282168+127431x344824).
<-><->
      
l.1272 $y$
          
Not a real error.

[1256]
./_9AD8_7B49_4EE3_65702_20note.md.tex:1273: Preview: Snippet 1257 started.
<-><->
      
l.1273 $
        h \in H$
Not a real error.

./_9AD8_7B49_4EE3_65702_20note.md.tex:1273: Preview: Snippet 1257 ended.(455111+25623x1776593).
<-><->
      
l.1273 $h \in H$
                
Not a real error.

[1257]
./_9AD8_7B49_4EE3_65702_20note.md.tex:1274: Preview: Snippet 1258 started.
<-><->
      
l.1274 $
        x=yh$
Not a real error.

./_9AD8_7B49_4EE3_65702_20note.md.tex:1274: Preview: Snippet 1258 ended.(455111+127431x1970777).
<-><->
      
l.1274 $x=yh$
             
Not a real error.

[1258]
./_9AD8_7B49_4EE3_65702_20note.md.tex:1275: Preview: Snippet 1259 started.
<-><->
      
l.1275 $
        G/H$
Not a real error.

./_9AD8_7B49_4EE3_65702_20note.md.tex:1275: Preview: Snippet 1259 ended.(491520+163840x1440971).
<-><->
      
l.1275 $G/H$
            
Not a real error.

[1259]
./_9AD8_7B49_4EE3_65702_20note.md.tex:1276: Preview: Snippet 1260 started.
<-><->
      
l.1276 $
        H \backslash G$
Not a real error.

./_9AD8_7B49_4EE3_65702_20note.md.tex:1276: Preview: Snippet 1260 ended.(491520+163840x1440971).
<-><->
      
l.1276 $H \backslash G$
                       
Not a real error.

[1260]
./_9AD8_7B49_4EE3_65702_20note.md.tex:1277: Preview: Snippet 1261 started.
<-><->
      
l.1277 $
        (G:H)$
Not a real error.

./_9AD8_7B49_4EE3_65702_20note.md.tex:1277: Preview: Snippet 1261 ended.(491520+163840x2169141).
<-><->
      
l.1277 $(G:H)$
              
Not a real error.

[1261]
./_9AD8_7B49_4EE3_65702_20note.md.tex:1278: Preview: Snippet 1262 started.
<-><->
      
l.1278 $
        G/H$
Not a real error.

./_9AD8_7B49_4EE3_65702_20note.md.tex:1278: Preview: Snippet 1262 ended.(491520+163840x1440971).
<-><->
      
l.1278 $G/H$
            
Not a real error.

[1262]
./_9AD8_7B49_4EE3_65702_20note.md.tex:1279: Preview: Snippet 1263 started.
<-><->
      
l.1279 $
        [G:H]$
Not a real error.

./_9AD8_7B49_4EE3_65702_20note.md.tex:1279: Preview: Snippet 1263 ended.(491520+163840x2023505).
<-><->
      
l.1279 $[G:H]$
              
Not a real error.

[1263]
./_9AD8_7B49_4EE3_65702_20note.md.tex:1280: Preview: Snippet 1264 started.
<-><->
      
l.1280 $
        |G|=|H|(G:H)$
Not a real error.

./_9AD8_7B49_4EE3_65702_20note.md.tex:1280: Preview: Snippet 1264 ended.(491520+163840x4884417).
<-><->
      
l.1280 $|G|=|H|(G:H)$
                     
Not a real error.

[1264]
./_9AD8_7B49_4EE3_65702_20note.md.tex:1281: Preview: Snippet 1265 started.
<-><->
      
l.1281 $
        C$
Not a real error.

./_9AD8_7B49_4EE3_65702_20note.md.tex:1281: Preview: Snippet 1265 ended.(447828+0x515276).
<-><->
      
l.1281 $C$
          
Not a real error.

[1265]
./_9AD8_7B49_4EE3_65702_20note.md.tex:1282: Preview: Snippet 1266 started.
<-><->
      
l.1282 $
        x_C \in C$
Not a real error.

./_9AD8_7B49_4EE3_65702_20note.md.tex:1282: Preview: Snippet 1266 ended.(447828+98303x2131614).
<-><->
      
l.1282 $x_C \in C$
                  
Not a real error.

[1266]
./_9AD8_7B49_4EE3_65702_20note.md.tex:1283: Preview: Snippet 1267 started.
<-><->
      
l.1283 $
        G/H \times H \rightarrow G$
Not a real error.

./_9AD8_7B49_4EE3_65702_20note.md.tex:1283: Preview: Snippet 1267 ended.(491520+163840x4374692).
<-><->
      
l.1283 $G/H \times H \rightarrow G$
                                   
Not a real error.

[1267]
./_9AD8_7B49_4EE3_65702_20note.md.tex:1284: Preview: Snippet 1268 started.
<-><->
      
l.1284 $
        (C,h) \mapsto x_Ch$
Not a real error.

./_9AD8_7B49_4EE3_65702_20note.md.tex:1284: Preview: Snippet 1268 ended.(491520+163840x3869835).
<-><->
      
l.1284 $(C,h) \mapsto x_Ch$
                           
Not a real error.

[1268]
./_9AD8_7B49_4EE3_65702_20note.md.tex:1285: Preview: Snippet 1269 started.
<-><->
      
l.1285 $
        G$
Not a real error.

./_9AD8_7B49_4EE3_65702_20note.md.tex:1285: Preview: Snippet 1269 ended.(447828+0x515276).
<-><->
      
l.1285 $G$
          
Not a real error.

[1269]
./_9AD8_7B49_4EE3_65702_20note.md.tex:1286: Preview: Snippet 1270 started.
<-><->
      
l.1286 $
        |H|\,|\, |G|$
Not a real error.

./_9AD8_7B49_4EE3_65702_20note.md.tex:1286: Preview: Snippet 1270 ended.(491520+163840x2241963).
<-><->
      
l.1286 $|H|\,|\, |G|$
                     
Not a real error.

[1270]
./_9AD8_7B49_4EE3_65702_20note.md.tex:1287: Preview: Snippet 1271 started.
<-><->
      
l.1287 $
        |H|$
Not a real error.

./_9AD8_7B49_4EE3_65702_20note.md.tex:1287: Preview: Snippet 1271 ended.(491520+163840x962104).
<-><->
      
l.1287 $|H|$
            
Not a real error.

[1271]
./_9AD8_7B49_4EE3_65702_20note.md.tex:1288: Preview: Snippet 1272 started.
<-><->
      
l.1288 $
        |K|$
Not a real error.

./_9AD8_7B49_4EE3_65702_20note.md.tex:1288: Preview: Snippet 1272 ended.(491520+163840x967567).
<-><->
      
l.1288 $|K|$
            
Not a real error.

[1272]
./_9AD8_7B49_4EE3_65702_20note.md.tex:1289: Preview: Snippet 1273 started.
<-><->
      
l.1289 $
        H \cap K=\{1\}$
Not a real error.

./_9AD8_7B49_4EE3_65702_20note.md.tex:1289: Preview: Snippet 1273 ended.(491520+163840x3786512).
<-><->
      
l.1289 $H \cap K=\{1\}$
                       
Not a real error.

[1273]
./_9AD8_7B49_4EE3_65702_20note.md.tex:1290: Preview: Snippet 1274 started.
<-><->
      
l.1290 $
        g \in G$
Not a real error.

./_9AD8_7B49_4EE3_65702_20note.md.tex:1290: Preview: Snippet 1274 ended.(447828+127431x1652363).
<-><->
      
l.1290 $g \in G$
                
Not a real error.

[1274]
./_9AD8_7B49_4EE3_65702_20note.md.tex:1291: Preview: Snippet 1275 started.
<-><->
      
l.1291 $
        ord(g)\,|\,|G|$
Not a real error.

./_9AD8_7B49_4EE3_65702_20note.md.tex:1291: Preview: Snippet 1275 ended.(491520+163840x3098334).
<-><->
      
l.1291 $ord(g)\,|\,|G|$
                       
Not a real error.

[1275]
./_9AD8_7B49_4EE3_65702_20note.md.tex:1292: Preview: Snippet 1276 started.
<-><->
      
l.1292 $
        \phi:G \rightarrow End(X)$
Not a real error.

./_9AD8_7B49_4EE3_65702_20note.md.tex:1292: Preview: Snippet 1276 ended.(491520+163840x4831460).
<-><->
      
l.1292 $\phi:G \rightarrow End(X)$
                                  
Not a real error.

[1276]
./_9AD8_7B49_4EE3_65702_20note.md.tex:1293: Preview: Snippet 1277 started.
<-><->
      
l.1293 $
        X$
Not a real error.

./_9AD8_7B49_4EE3_65702_20note.md.tex:1293: Preview: Snippet 1277 ended.(447828+0x594374).
<-><->
      
l.1293 $X$
          
Not a real error.

[1277]
./_9AD8_7B49_4EE3_65702_20note.md.tex:1294: Preview: Snippet 1278 started.
<-><->
      
l.1294 $
        \phi(g)(x)=gx$
Not a real error.

./_9AD8_7B49_4EE3_65702_20note.md.tex:1294: Preview: Snippet 1278 ended.(491520+163840x3705054).
<-><->
      
l.1294 $\phi(g)(x)=gx$
                      
Not a real error.

[1278]
./_9AD8_7B49_4EE3_65702_20note.md.tex:1295: Preview: Snippet 1279 started.
<-><->
      
l.1295 $
        G \simeq G^{op}$
Not a real error.

./_9AD8_7B49_4EE3_65702_20note.md.tex:1295: Preview: Snippet 1279 ended.(447828+0x2465973).
<-><->
      
l.1295 $G \simeq G^{op}$
                        
Not a real error.

[1279]
./_9AD8_7B49_4EE3_65702_20note.md.tex:1296: Preview: Snippet 1280 started.
<-><->
      
l.1296 $
        g \mapsto g^{-1}$
Not a real error.

./_9AD8_7B49_4EE3_65702_20note.md.tex:1296: Preview: Snippet 1280 ended.(533465+127431x2395243).
<-><->
      
l.1296 $g \mapsto g^{-1}$
                         
Not a real error.

[1280]
./_9AD8_7B49_4EE3_65702_20note.md.tex:1297: Preview: Snippet 1281 started.
<-><->
      
l.1297 $
        G$
Not a real error.

./_9AD8_7B49_4EE3_65702_20note.md.tex:1297: Preview: Snippet 1281 ended.(447828+0x515276).
<-><->
      
l.1297 $G$
          
Not a real error.

[1281]
./_9AD8_7B49_4EE3_65702_20note.md.tex:1298: Preview: Snippet 1282 started.
<-><->
      
l.1298 $
        X$
Not a real error.

./_9AD8_7B49_4EE3_65702_20note.md.tex:1298: Preview: Snippet 1282 ended.(447828+0x594374).
<-><->
      
l.1298 $X$
          
Not a real error.

[1282]
./_9AD8_7B49_4EE3_65702_20note.md.tex:1299: Preview: Snippet 1283 started.
<-><->
      
l.1299 $
        G^{op}$
Not a real error.

./_9AD8_7B49_4EE3_65702_20note.md.tex:1299: Preview: Snippet 1283 ended.(447828+0x1076891).
<-><->
      
l.1299 $G^{op}$
               
Not a real error.

[1283]
./_9AD8_7B49_4EE3_65702_20note.md.tex:1300: Preview: Snippet 1284 started.
<-><->
      
l.1300 $
        X$
Not a real error.

./_9AD8_7B49_4EE3_65702_20note.md.tex:1300: Preview: Snippet 1284 ended.(447828+0x594374).
<-><->
      
l.1300 $X$
          
Not a real error.

[1284]
./_9AD8_7B49_4EE3_65702_20note.md.tex:1301: Preview: Snippet 1285 started.
<-><->
      
l.1301 $
        G$
Not a real error.

./_9AD8_7B49_4EE3_65702_20note.md.tex:1301: Preview: Snippet 1285 ended.(447828+0x515276).
<-><->
      
l.1301 $G$
          
Not a real error.

[1285]
./_9AD8_7B49_4EE3_65702_20note.md.tex:1302: Preview: Snippet 1286 started.
<-><->
      
l.1302 $
        X$
Not a real error.

./_9AD8_7B49_4EE3_65702_20note.md.tex:1302: Preview: Snippet 1286 ended.(447828+0x594374).
<-><->
      
l.1302 $X$
          
Not a real error.

[1286]
./_9AD8_7B49_4EE3_65702_20note.md.tex:1303: Preview: Snippet 1287 started.
<-><->
      
l.1303 $
        G$
Not a real error.

./_9AD8_7B49_4EE3_65702_20note.md.tex:1303: Preview: Snippet 1287 ended.(447828+0x515276).
<-><->
      
l.1303 $G$
          
Not a real error.

[1287]
./_9AD8_7B49_4EE3_65702_20note.md.tex:1304: Preview: Snippet 1288 started.
<-><->
      
l.1304 $
        x \in X$
Not a real error.

./_9AD8_7B49_4EE3_65702_20note.md.tex:1304: Preview: Snippet 1288 ended.(447828+25623x1769918).
<-><->
      
l.1304 $x \in X$
                
Not a real error.

[1288]
./_9AD8_7B49_4EE3_65702_20note.md.tex:1305: Preview: Snippet 1289 started.
<-><->
      
l.1305 $
        Gx=:\{gx:g \in G\}$
Not a real error.

./_9AD8_7B49_4EE3_65702_20note.md.tex:1305: Preview: Snippet 1289 ended.(491520+163840x5510188).
<-><->
      
l.1305 $Gx=:\{gx:g \in G\}$
                           
Not a real error.

[1289]
./_9AD8_7B49_4EE3_65702_20note.md.tex:1306: Preview: Snippet 1290 started.
<-><->
      
l.1306 $
        x$
Not a real error.

./_9AD8_7B49_4EE3_65702_20note.md.tex:1306: Preview: Snippet 1290 ended.(282168+0x374556).
<-><->
      
l.1306 $x$
          
Not a real error.

[1290]
./_9AD8_7B49_4EE3_65702_20note.md.tex:1307: Preview: Snippet 1291 started.
<-><->
      
l.1307 $
        Stab_G(x):=\{g \in G:gx=x\}$
Not a real error.

./_9AD8_7B49_4EE3_65702_20note.md.tex:1307: Preview: Snippet 1291 ended.(491520+163840x8497762).
<-><->
      
l.1307 $Stab_G(x):=\{g \in G:gx=x\}$
                                    
Not a real error.

[1291]
./_9AD8_7B49_4EE3_65702_20note.md.tex:1308: Preview: Snippet 1292 started.
<-><->
      
l.1308 $
        X$
Not a real error.

./_9AD8_7B49_4EE3_65702_20note.md.tex:1308: Preview: Snippet 1292 ended.(447828+0x594374).
<-><->
      
l.1308 $X$
          
Not a real error.

[1292]
./_9AD8_7B49_4EE3_65702_20note.md.tex:1309: Preview: Snippet 1293 started.
<-><->
      
l.1309 $
        x$
Not a real error.

./_9AD8_7B49_4EE3_65702_20note.md.tex:1309: Preview: Snippet 1293 ended.(282168+0x374556).
<-><->
      
l.1309 $x$
          
Not a real error.

[1293]
./_9AD8_7B49_4EE3_65702_20note.md.tex:1310: Preview: Snippet 1294 started.
<-><->
      
l.1310 $
        y$
Not a real error.

./_9AD8_7B49_4EE3_65702_20note.md.tex:1310: Preview: Snippet 1294 ended.(282168+127431x344824).
<-><->
      
l.1310 $y$
          
Not a real error.

[1294]
./_9AD8_7B49_4EE3_65702_20note.md.tex:1311: Preview: Snippet 1295 started.
<-><->
      
l.1311 $
        Gx=Gy$
Not a real error.

./_9AD8_7B49_4EE3_65702_20note.md.tex:1311: Preview: Snippet 1295 ended.(447828+127431x2623738).
<-><->
      
l.1311 $Gx=Gy$
              
Not a real error.

[1295]
./_9AD8_7B49_4EE3_65702_20note.md.tex:1312: Preview: Snippet 1296 started.
<-><->
      
l.1312 $
        X$
Not a real error.

./_9AD8_7B49_4EE3_65702_20note.md.tex:1312: Preview: Snippet 1296 ended.(447828+0x594374).
<-><->
      
l.1312 $X$
          
Not a real error.

[1296]
./_9AD8_7B49_4EE3_65702_20note.md.tex:1313: Preview: Snippet 1297 started.
<-><->
      
l.1313 $
        So(3)$
Not a real error.

./_9AD8_7B49_4EE3_65702_20note.md.tex:1313: Preview: Snippet 1297 ended.(491520+163840x1594711).
<-><->
      
l.1313 $So(3)$
              
Not a real error.

[1297]
./_9AD8_7B49_4EE3_65702_20note.md.tex:1314: Preview: Snippet 1298 started.
<-><->
      
l.1314 $
        \mathbb{R}^3-\{0\}$
Not a real error.

./_9AD8_7B49_4EE3_65702_20note.md.tex:1314: Preview: Snippet 1298 ended.(533465+163840x2551352).
<-><->
      
l.1314 $\mathbb{R}^3-\{0\}$
                           
Not a real error.

[1298]
./_9AD8_7B49_4EE3_65702_20note.md.tex:1315: Preview: Snippet 1299 started.
<-><->
      
l.1315 $
        \vec{v} \in \mathbb{R}^3-\{0\}$
Not a real error.

./_9AD8_7B49_4EE3_65702_20note.md.tex:1315: Preview: Snippet 1299 ended.(533465+163840x3693521).
<-><->
      
l.1315 $\vec{v} \in \mathbb{R}^3-\{0\}$
                                       
Not a real error.

[1299]
./_9AD8_7B49_4EE3_65702_20note.md.tex:1316: Preview: Snippet 1300 started.
<-><->
      
l.1316 $
        \vec{w}$
Not a real error.

./_9AD8_7B49_4EE3_65702_20note.md.tex:1316: Preview: Snippet 1300 ended.(468218+0x486818).
<-><->
      
l.1316 $\vec{w}$
                
Not a real error.

[1300]
./_9AD8_7B49_4EE3_65702_20note.md.tex:1317: Preview: Snippet 1301 started.
<-><->
      
l.1317 $
        \Vert \vec{w} \Vert=\Vert \vec v \Vert$
Not a real error.

./_9AD8_7B49_4EE3_65702_20note.md.tex:1317: Preview: Snippet 1301 ended.(491520+163840x3012529).
<-><->
      
l.1317 $\Vert \vec{w} \Vert=\Vert \vec v \Vert$
                                               
Not a real error.

[1301]
./_9AD8_7B49_4EE3_65702_20note.md.tex:1318: Preview: Snippet 1302 started.
<-><->
      
l.1318 $
        Stab(\vec{v}):=\{R_{\vec{v}}(\theta):\theta \in \mathbb{R}/2\pi\math...
Not a real error.

./_9AD8_7B49_4EE3_65702_20note.md.tex:1318: Preview: Snippet 1302 ended.(491520+163840x9146301).
<-><->
      
l.1318 ...:\theta \in \mathbb{R}/2\pi\mathbb{Z}\}$
                                                  
Not a real error.

[1302]
./_9AD8_7B49_4EE3_65702_20note.md.tex:1319: Preview: Snippet 1303 started.
<-><->
      
l.1319 $
        H \leq G$
Not a real error.

./_9AD8_7B49_4EE3_65702_20note.md.tex:1319: Preview: Snippet 1303 ended.(447828+89110x1987096).
<-><->
      
l.1319 $H \leq G$
                 
Not a real error.

[1303]
./_9AD8_7B49_4EE3_65702_20note.md.tex:1320: Preview: Snippet 1304 started.
<-><->
      
l.1320 $
        H$
Not a real error.

./_9AD8_7B49_4EE3_65702_20note.md.tex:1320: Preview: Snippet 1304 ended.(447828+0x598014).
<-><->
      
l.1320 $H$
          
Not a real error.

[1304]
./_9AD8_7B49_4EE3_65702_20note.md.tex:1321: Preview: Snippet 1305 started.
<-><->
      
l.1321 $
        G$
Not a real error.

./_9AD8_7B49_4EE3_65702_20note.md.tex:1321: Preview: Snippet 1305 ended.(447828+0x515276).
<-><->
      
l.1321 $G$
          
Not a real error.

[1305]
./_9AD8_7B49_4EE3_65702_20note.md.tex:1322: Preview: Snippet 1306 started.
<-><->
      
l.1322 $
        Hx$
Not a real error.

./_9AD8_7B49_4EE3_65702_20note.md.tex:1322: Preview: Snippet 1306 ended.(447828+0x972570).
<-><->
      
l.1322 $Hx$
           
Not a real error.

[1306]
./_9AD8_7B49_4EE3_65702_20note.md.tex:1323: Preview: Snippet 1307 started.
<-><->
      
l.1323 $
        \{1\}$
Not a real error.

./_9AD8_7B49_4EE3_65702_20note.md.tex:1323: Preview: Snippet 1307 ended.(491520+163840x983043).
<-><->
      
l.1323 $\{1\}$
              
Not a real error.

[1307]
./_9AD8_7B49_4EE3_65702_20note.md.tex:1324: Preview: Snippet 1308 started.
<-><->
      
l.1324 $
        G$
Not a real error.

./_9AD8_7B49_4EE3_65702_20note.md.tex:1324: Preview: Snippet 1308 ended.(447828+0x515276).
<-><->
      
l.1324 $G$
          
Not a real error.

[1308]
./_9AD8_7B49_4EE3_65702_20note.md.tex:1325: Preview: Snippet 1309 started.
<-><->
      
l.1325 $
        X$
Not a real error.

./_9AD8_7B49_4EE3_65702_20note.md.tex:1325: Preview: Snippet 1309 ended.(447828+0x594374).
<-><->
      
l.1325 $X$
          
Not a real error.

[1309]
./_9AD8_7B49_4EE3_65702_20note.md.tex:1326: Preview: Snippet 1310 started.
<-><->
      
l.1326 $
        \bigcap_{x \in X} Stab(x)=\{1\}$
Not a real error.

./_9AD8_7B49_4EE3_65702_20note.md.tex:1326: Preview: Snippet 1310 ended.(491524+231327x5849025).
<-><->
      
l.1326 $\bigcap_{x \in X} Stab(x)=\{1\}$
                                        
Not a real error.

[1310]
./_9AD8_7B49_4EE3_65702_20note.md.tex:1327: Preview: Snippet 1311 started.
<-><->
      
l.1327 $
        \forall x,y \in X$
Not a real error.

./_9AD8_7B49_4EE3_65702_20note.md.tex:1327: Preview: Snippet 1311 ended.(455111+127431x2770101).
<-><->
      
l.1327 $\forall x,y \in X$
                          
Not a real error.

[1311]
./_9AD8_7B49_4EE3_65702_20note.md.tex:1328: Preview: Snippet 1312 started.
<-><->
      
l.1328 $
        g \in G$
Not a real error.

./_9AD8_7B49_4EE3_65702_20note.md.tex:1328: Preview: Snippet 1312 ended.(447828+127431x1652363).
<-><->
      
l.1328 $g \in G$
                
Not a real error.

[1312]
./_9AD8_7B49_4EE3_65702_20note.md.tex:1329: Preview: Snippet 1313 started.
<-><->
      
l.1329 $
        gx=y$
Not a real error.

./_9AD8_7B49_4EE3_65702_20note.md.tex:1329: Preview: Snippet 1313 ended.(282168+127431x1929285).
<-><->
      
l.1329 $gx=y$
             
Not a real error.

[1313]
./_9AD8_7B49_4EE3_65702_20note.md.tex:1330: Preview: Snippet 1314 started.
<-><->
      
l.1330 $
        Stab(x)=\{1\}$
Not a real error.

./_9AD8_7B49_4EE3_65702_20note.md.tex:1330: Preview: Snippet 1314 ended.(491520+163840x4045099).
<-><->
      
l.1330 $Stab(x)=\{1\}$
                      
Not a real error.

[1314]
./_9AD8_7B49_4EE3_65702_20note.md.tex:1331: Preview: Snippet 1315 started.
<-><->
      
l.1331 $
        x \in X$
Not a real error.

./_9AD8_7B49_4EE3_65702_20note.md.tex:1331: Preview: Snippet 1315 ended.(447828+25623x1769918).
<-><->
      
l.1331 $x \in X$
                
Not a real error.

[1315]
./_9AD8_7B49_4EE3_65702_20note.md.tex:1332: Preview: Snippet 1316 started.
<-><->
      
l.1332 $
        X^G:=\{x \in X:\forall g \in G,gx=x\}$
Not a real error.

./_9AD8_7B49_4EE3_65702_20note.md.tex:1332: Preview: Snippet 1316 ended.(551306+163840x9329163).
<-><->
      
l.1332 $X^G:=\{x \in X:\forall g \in G,gx=x\}$
                                              
Not a real error.

[1316]
./_9AD8_7B49_4EE3_65702_20note.md.tex:1333: Preview: Snippet 1317 started.
<-><->
      
l.1333 $
        G$
Not a real error.

./_9AD8_7B49_4EE3_65702_20note.md.tex:1333: Preview: Snippet 1317 ended.(447828+0x515276).
<-><->
      
l.1333 $G$
          
Not a real error.

[1317]
./_9AD8_7B49_4EE3_65702_20note.md.tex:1334: Preview: Snippet 1318 started.
<-><->
      
l.1334 $
        X$
Not a real error.

./_9AD8_7B49_4EE3_65702_20note.md.tex:1334: Preview: Snippet 1318 ended.(447828+0x594374).
<-><->
      
l.1334 $X$
          
Not a real error.

[1318]
./_9AD8_7B49_4EE3_65702_20note.md.tex:1335: Preview: Snippet 1319 started.
<-><->
      
l.1335 $
        Gx$
Not a real error.

./_9AD8_7B49_4EE3_65702_20note.md.tex:1335: Preview: Snippet 1319 ended.(447828+0x889832).
<-><->
      
l.1335 $Gx$
           
Not a real error.

[1319]
./_9AD8_7B49_4EE3_65702_20note.md.tex:1336: Preview: Snippet 1320 started.
<-><->
      
l.1336 $
        G \twoheadrightarrow Gx$
Not a real error.

./_9AD8_7B49_4EE3_65702_20note.md.tex:1336: Undefined control sequence.
l.1336 $G \twoheadrightarrow
                             Gx$
The control sequence at the end of the top line
of your error message was never \def'ed. If you have
misspelled it (e.g., `\hobx'), type `I' and the correct
spelling (e.g., `I\hbox'). Otherwise just continue,
and I'll forget about whatever was undefined.

./_9AD8_7B49_4EE3_65702_20note.md.tex:1336: Preview: Snippet 1320 ended.(447828+0x1405108).
<-><->
      
l.1336 $G \twoheadrightarrow Gx$
                                
Not a real error.

[1320]
./_9AD8_7B49_4EE3_65702_20note.md.tex:1337: Preview: Snippet 1321 started.
<-><->
      
l.1337 $
        g \mapsto gx$
Not a real error.

./_9AD8_7B49_4EE3_65702_20note.md.tex:1337: Preview: Snippet 1321 ended.(282168+127431x2066195).
<-><->
      
l.1337 $g \mapsto gx$
                     
Not a real error.

[1321]
./_9AD8_7B49_4EE3_65702_20note.md.tex:1338: Preview: Snippet 1322 started.
<-><->
      
l.1338 $
        H=Stab(x)$
Not a real error.

./_9AD8_7B49_4EE3_65702_20note.md.tex:1338: Preview: Snippet 1322 ended.(491520+163840x3660070).
<-><->
      
l.1338 $H=Stab(x)$
                  
Not a real error.

[1322]
./_9AD8_7B49_4EE3_65702_20note.md.tex:1339: Preview: Snippet 1323 started.
<-><->
      
l.1339 $
        G/H \rightarrow Gx$
Not a real error.

./_9AD8_7B49_4EE3_65702_20note.md.tex:1339: Preview: Snippet 1323 ended.(491520+163840x3350244).
<-><->
      
l.1339 $G/H \rightarrow Gx$
                           
Not a real error.

[1323]
./_9AD8_7B49_4EE3_65702_20note.md.tex:1340: Preview: Snippet 1324 started.
<-><->
      
l.1340 $
        X=\bigsqcup_{Gx}Gx$
Not a real error.

./_9AD8_7B49_4EE3_65702_20note.md.tex:1340: Preview: Snippet 1324 ended.(491524+196611x3751353).
<-><->
      
l.1340 $X=\bigsqcup_{Gx}Gx$
                           
Not a real error.

[1324]
./_9AD8_7B49_4EE3_65702_20note.md.tex:1341: Preview: Snippet 1325 started.
<-><->
      
l.1341 $
        |X|=\sum_{orbits}|Gx|=\sum_{orbits}(G:Stab(x))$
Not a real error.

./_9AD8_7B49_4EE3_65702_20note.md.tex:1341: Preview: Snippet 1325 ended.(491524+196611x12032363).
<-><->
      
l.1341 ...m_{orbits}|Gx|=\sum_{orbits}(G:Stab(x))$
                                                  
Not a real error.

[1325]
./_9AD8_7B49_4EE3_65702_20note.md.tex:1342: Preview: Snippet 1326 started.
<-><->
      
l.1342 $
        G$
Not a real error.

./_9AD8_7B49_4EE3_65702_20note.md.tex:1342: Preview: Snippet 1326 ended.(447828+0x515276).
<-><->
      
l.1342 $G$
          
Not a real error.

[1326]
./_9AD8_7B49_4EE3_65702_20note.md.tex:1343: Preview: Snippet 1327 started.
<-><->
      
l.1343 $
        S_G$
Not a real error.

./_9AD8_7B49_4EE3_65702_20note.md.tex:1343: Preview: Snippet 1327 ended.(447828+98303x842657).
<-><->
      
l.1343 $S_G$
            
Not a real error.

[1327]
./_9AD8_7B49_4EE3_65702_20note.md.tex:1344: Preview: Snippet 1328 started.
<-><->
      
l.1344 $
        a_1,\cdots,a_m \in X$
Not a real error.

./_9AD8_7B49_4EE3_65702_20note.md.tex:1344: Preview: Snippet 1328 ended.(447828+127431x4445585).
<-><->
      
l.1344 $a_1,\cdots,a_m \in X$
                             
Not a real error.

[1328]
./_9AD8_7B49_4EE3_65702_20note.md.tex:1345: Preview: Snippet 1329 started.
<-><->
      
l.1345 $
        \mathbb{Z}/m\mathbb{Z}$
Not a real error.

./_9AD8_7B49_4EE3_65702_20note.md.tex:1345: Preview: Snippet 1329 ended.(491520+163840x1776912).
<-><->
      
l.1345 $\mathbb{Z}/m\mathbb{Z}$
                               
Not a real error.

[1329]
./_9AD8_7B49_4EE3_65702_20note.md.tex:1346: Preview: Snippet 1330 started.
<-><->
      
l.1346 $
        \sigma \in S_X$
Not a real error.

./_9AD8_7B49_4EE3_65702_20note.md.tex:1346: Preview: Snippet 1330 ended.(447828+98303x2099057).
<-><->
      
l.1346 $\sigma \in S_X$
                       
Not a real error.

[1330]
./_9AD8_7B49_4EE3_65702_20note.md.tex:1347: Preview: Snippet 1331 started.
<-><->
      
l.1347 $
        \sigma(a_i)=a_{i+1}$
Not a real error.

./_9AD8_7B49_4EE3_65702_20note.md.tex:1347: Preview: Snippet 1331 ended.(491520+163840x3574289).
<-><->
      
l.1347 $\sigma(a_i)=a_{i+1}$
                            
Not a real error.

[1331]
./_9AD8_7B49_4EE3_65702_20note.md.tex:1348: Preview: Snippet 1332 started.
<-><->
      
l.1348 $
        \sigma(x)=x$
Not a real error.

./_9AD8_7B49_4EE3_65702_20note.md.tex:1348: Preview: Snippet 1332 ended.(491520+163840x2530638).
<-><->
      
l.1348 $\sigma(x)=x$
                    
Not a real error.

[1332]
./_9AD8_7B49_4EE3_65702_20note.md.tex:1349: Preview: Snippet 1333 started.
<-><->
      
l.1349 $
        m$
Not a real error.

./_9AD8_7B49_4EE3_65702_20note.md.tex:1349: Preview: Snippet 1333 ended.(282168+0x575415).
<-><->
      
l.1349 $m$
          
Not a real error.

[1333]
./_9AD8_7B49_4EE3_65702_20note.md.tex:1350: Preview: Snippet 1334 started.
<-><->
      
l.1350 $
        \sigma=(a_1a_2\cdots a_m)$
Not a real error.

./_9AD8_7B49_4EE3_65702_20note.md.tex:1350: Preview: Snippet 1334 ended.(491520+163840x4889630).
<-><->
      
l.1350 $\sigma=(a_1a_2\cdots a_m)$
                                  
Not a real error.

[1334]
./_9AD8_7B49_4EE3_65702_20note.md.tex:1351: Preview: Snippet 1335 started.
<-><->
      
l.1351 $
        ord(a_1\cdots a_m)=m$
Not a real error.

./_9AD8_7B49_4EE3_65702_20note.md.tex:1351: Preview: Snippet 1335 ended.(491520+163840x5399282).
<-><->
      
l.1351 $ord(a_1\cdots a_m)=m$
                             
Not a real error.

[1335]
./_9AD8_7B49_4EE3_65702_20note.md.tex:1352: Preview: Snippet 1336 started.
<-><->
      
l.1352 $
        S_X$
Not a real error.

./_9AD8_7B49_4EE3_65702_20note.md.tex:1352: Preview: Snippet 1336 ended.(447828+98303x900075).
<-><->
      
l.1352 $S_X$
            
Not a real error.

[1336]
./_9AD8_7B49_4EE3_65702_20note.md.tex:1353: Preview: Snippet 1337 started.
<-><->
      
l.1353 $
        \sigma=(a_1\cdots a_m),\,\tau=(b_1\cdots b_n)$
Not a real error.

./_9AD8_7B49_4EE3_65702_20note.md.tex:1353: Preview: Snippet 1337 ended.(491520+163840x8590196).
<-><->
      
l.1353 ...=(a_1\cdots a_m),\,\tau=(b_1\cdots b_n)$
                                                  
Not a real error.

[1337]
./_9AD8_7B49_4EE3_65702_20note.md.tex:1354: Preview: Snippet 1338 started.
<-><->
      
l.1354 $
        \sigma \in S_n$
Not a real error.

./_9AD8_7B49_4EE3_65702_20note.md.tex:1354: Preview: Snippet 1338 ended.(447828+98303x1957579).
<-><->
      
l.1354 $\sigma \in S_n$
                       
Not a real error.

[1338]
./_9AD8_7B49_4EE3_65702_20note.md.tex:1355: Preview: Snippet 1339 started.
<-><->
      
l.1355 $
        X=\{1,\cdots,n\}$
Not a real error.

./_9AD8_7B49_4EE3_65702_20note.md.tex:1355: Preview: Snippet 1339 ended.(491520+163840x4410162).
<-><->
      
l.1355 $X=\{1,\cdots,n\}$
                         
Not a real error.

[1339]
./_9AD8_7B49_4EE3_65702_20note.md.tex:1356: Preview: Snippet 1340 started.
<-><->
      
l.1356 $
        S_X=S_n$
Not a real error.

./_9AD8_7B49_4EE3_65702_20note.md.tex:1356: Preview: Snippet 1340 ended.(447828+98303x2532478).
<-><->
      
l.1356 $S_X=S_n$
                
Not a real error.

[1340]
./_9AD8_7B49_4EE3_65702_20note.md.tex:1357: Preview: Snippet 1341 started.
<-><->
      
l.1357 $
        \langle \sigma \rangle$
Not a real error.

./_9AD8_7B49_4EE3_65702_20note.md.tex:1357: Preview: Snippet 1341 ended.(491520+163840x907720).
<-><->
      
l.1357 $\langle \sigma \rangle$
                               
Not a real error.

[1341]
./_9AD8_7B49_4EE3_65702_20note.md.tex:1358: Preview: Snippet 1342 started.
<-><->
      
l.1358 $
        X$
Not a real error.

./_9AD8_7B49_4EE3_65702_20note.md.tex:1358: Preview: Snippet 1342 ended.(447828+0x594374).
<-><->
      
l.1358 $X$
          
Not a real error.

[1342]
./_9AD8_7B49_4EE3_65702_20note.md.tex:1359: Preview: Snippet 1343 started.
<-><->
      
l.1359 $
        \bigsqcup_iC_i$
Not a real error.

./_9AD8_7B49_4EE3_65702_20note.md.tex:1359: Preview: Snippet 1343 ended.(491524+196611x1560135).
<-><->
      
l.1359 $\bigsqcup_iC_i$
                       
Not a real error.

[1343]
./_9AD8_7B49_4EE3_65702_20note.md.tex:1360: Preview: Snippet 1344 started.
<-><->
      
l.1360 $
        \sigma$
Not a real error.

./_9AD8_7B49_4EE3_65702_20note.md.tex:1360: Preview: Snippet 1344 ended.(282168+0x397994).
<-><->
      
l.1360 $\sigma$
               
Not a real error.

[1344]
./_9AD8_7B49_4EE3_65702_20note.md.tex:1361: Preview: Snippet 1345 started.
<-><->
      
l.1361 $
        C_i$
Not a real error.

./_9AD8_7B49_4EE3_65702_20note.md.tex:1361: Preview: Snippet 1345 ended.(447828+98303x686588).
<-><->
      
l.1361 $C_i$
            
Not a real error.

[1345]
./_9AD8_7B49_4EE3_65702_20note.md.tex:1362: Preview: Snippet 1346 started.
<-><->
      
l.1362 $
        (a_1\cdots a_m)$
Not a real error.

./_9AD8_7B49_4EE3_65702_20note.md.tex:1362: Preview: Snippet 1346 ended.(491520+163840x2977411).
<-><->
      
l.1362 $(a_1\cdots a_m)$
                        
Not a real error.

[1346]
./_9AD8_7B49_4EE3_65702_20note.md.tex:1363: Preview: Snippet 1347 started.
<-><->
      
l.1363 $
        |C_i|=l_i$
Not a real error.

./_9AD8_7B49_4EE3_65702_20note.md.tex:1363: Preview: Snippet 1347 ended.(491520+163840x2338218).
<-><->
      
l.1363 $|C_i|=l_i$
                  
Not a real error.

[1347]
./_9AD8_7B49_4EE3_65702_20note.md.tex:1364: Preview: Snippet 1348 started.
<-><->
      
l.1364 $
        ord(\sigma)=lcm(l_1,\cdots,l_m)$
Not a real error.

./_9AD8_7B49_4EE3_65702_20note.md.tex:1364: Preview: Snippet 1348 ended.(491520+163840x7079853).
<-><->
      
l.1364 $ord(\sigma)=lcm(l_1,\cdots,l_m)$
                                        
Not a real error.

[1348]
./_9AD8_7B49_4EE3_65702_20note.md.tex:1365: Preview: Snippet 1349 started.
<-><->
      
l.1365 $
        sgn(\sigma)=(-1)^{\sum_{i}l_i-1}$
Not a real error.

./_9AD8_7B49_4EE3_65702_20note.md.tex:1365: Preview: Snippet 1349 ended.(581892+163840x6090075).
<-><->
      
l.1365 $sgn(\sigma)=(-1)^{\sum_{i}l_i-1}$
                                         
Not a real error.

[1349]
./_9AD8_7B49_4EE3_65702_20note.md.tex:1366: Preview: Snippet 1350 started.
<-><->
      
l.1366 $
        G$
Not a real error.

./_9AD8_7B49_4EE3_65702_20note.md.tex:1366: Preview: Snippet 1350 ended.(447828+0x515276).
<-><->
      
l.1366 $G$
          
Not a real error.

[1350]
./_9AD8_7B49_4EE3_65702_20note.md.tex:1367: Preview: Snippet 1351 started.
<-><->
      
l.1367 $
        p$
Not a real error.

./_9AD8_7B49_4EE3_65702_20note.md.tex:1367: Preview: Snippet 1351 ended.(282168+127431x329728).
<-><->
      
l.1367 $p$
          
Not a real error.

[1351]
./_9AD8_7B49_4EE3_65702_20note.md.tex:1368: Preview: Snippet 1352 started.
<-><->
      
l.1368 $
        |G|=p^n,n \in \mathbb{Z}_{\geq 0}$
Not a real error.

./_9AD8_7B49_4EE3_65702_20note.md.tex:1368: Preview: Snippet 1352 ended.(491520+183387x5065773).
<-><->
      
l.1368 $|G|=p^n,n \in \mathbb{Z}_{\geq 0}$
                                          
Not a real error.

[1352]
./_9AD8_7B49_4EE3_65702_20note.md.tex:1369: Preview: Snippet 1353 started.
<-><->
      
l.1369 $
        G$
Not a real error.

./_9AD8_7B49_4EE3_65702_20note.md.tex:1369: Preview: Snippet 1353 ended.(447828+0x515276).
<-><->
      
l.1369 $G$
          
Not a real error.

[1353]
./_9AD8_7B49_4EE3_65702_20note.md.tex:1370: Preview: Snippet 1354 started.
<-><->
      
l.1370 $
        G$
Not a real error.

./_9AD8_7B49_4EE3_65702_20note.md.tex:1370: Preview: Snippet 1354 ended.(447828+0x515276).
<-><->
      
l.1370 $G$
          
Not a real error.

[1354]
./_9AD8_7B49_4EE3_65702_20note.md.tex:1371: Preview: Snippet 1355 started.
<-><->
      
l.1371 $
        G$
Not a real error.

./_9AD8_7B49_4EE3_65702_20note.md.tex:1371: Preview: Snippet 1355 ended.(447828+0x515276).
<-><->
      
l.1371 $G$
          
Not a real error.

[1355]
./_9AD8_7B49_4EE3_65702_20note.md.tex:1372: Preview: Snippet 1356 started.
<-><->
      
l.1372 $
        X$
Not a real error.

./_9AD8_7B49_4EE3_65702_20note.md.tex:1372: Preview: Snippet 1356 ended.(447828+0x594374).
<-><->
      
l.1372 $X$
          
Not a real error.

[1356]
./_9AD8_7B49_4EE3_65702_20note.md.tex:1373: Preview: Snippet 1357 started.
<-><->
      
l.1373 $
        |X^G| \equiv |X| \pmod{p}$
Not a real error.

./_9AD8_7B49_4EE3_65702_20note.md.tex:1373: Preview: Snippet 1357 ended.(551306+163840x5836805).
<-><->
      
l.1373 $|X^G| \equiv |X| \pmod{p}$
                                  
Not a real error.

[1357]
./_9AD8_7B49_4EE3_65702_20note.md.tex:1374: Preview: Snippet 1358 started.
<-><->
      
l.1374 $
        X=Gx_1 \sqcup \cdots \sqcup Gx_m$
Not a real error.

./_9AD8_7B49_4EE3_65702_20note.md.tex:1374: Preview: Snippet 1358 ended.(447828+98303x6260593).
<-><->
      
l.1374 $X=Gx_1 \sqcup \cdots \sqcup Gx_m$
                                         
Not a real error.

[1358]
./_9AD8_7B49_4EE3_65702_20note.md.tex:1375: Preview: Snippet 1359 started.
<-><->
      
l.1375 $
        H_i:=Stab(x_i)$
Not a real error.

./_9AD8_7B49_4EE3_65702_20note.md.tex:1375: Preview: Snippet 1359 ended.(491520+163840x4225245).
<-><->
      
l.1375 $H_i:=Stab(x_i)$
                       
Not a real error.

[1359]
./_9AD8_7B49_4EE3_65702_20note.md.tex:1376: Preview: Snippet 1360 started.
<-><->
      
l.1376 $
        |X|=\sum_i(G:H_i)=\sum_{H_i=G}1+\sum_{H_i<G}(G:H_i)=|X^G|+\sum_{H_i<...
Not a real error.

./_9AD8_7B49_4EE3_65702_20note.md.tex:1376: Preview: Snippet 1360 ended.(1430295+163840x22609920).
<-><->
      
l.1376 ...um_{H_i<G}(G:H_i) \equiv |X^G| \pmod{p}$
                                                  
Not a real error.

[1360]
./_9AD8_7B49_4EE3_65702_20note.md.tex:1377: Preview: Snippet 1361 started.
<-><->
      
l.1377 $
        G$
Not a real error.

./_9AD8_7B49_4EE3_65702_20note.md.tex:1377: Preview: Snippet 1361 ended.(447828+0x515276).
<-><->
      
l.1377 $G$
          
Not a real error.

[1361]
./_9AD8_7B49_4EE3_65702_20note.md.tex:1378: Preview: Snippet 1362 started.
<-><->
      
l.1378 $
        G \neq \{1\}$
Not a real error.

./_9AD8_7B49_4EE3_65702_20note.md.tex:1378: Preview: Snippet 1362 ended.(491520+163840x2372125).
<-><->
      
l.1378 $G \neq \{1\}$
                     
Not a real error.

[1362]
./_9AD8_7B49_4EE3_65702_20note.md.tex:1379: Preview: Snippet 1363 started.
<-><->
      
l.1379 $
        Z_G \neq \{1\}$
Not a real error.

./_9AD8_7B49_4EE3_65702_20note.md.tex:1379: Preview: Snippet 1363 ended.(491520+163840x2745018).
<-><->
      
l.1379 $Z_G \neq \{1\}$
                       
Not a real error.

[1363]
./_9AD8_7B49_4EE3_65702_20note.md.tex:1380: Preview: Snippet 1364 started.
<-><->
      
l.1380 $
        a:G \times G \rightarrow G$
Not a real error.

./_9AD8_7B49_4EE3_65702_20note.md.tex:1380: Preview: Snippet 1364 ended.(447828+54613x4258800).
<-><->
      
l.1380 $a:G \times G \rightarrow G$
                                   
Not a real error.

[1364]
./_9AD8_7B49_4EE3_65702_20note.md.tex:1381: Preview: Snippet 1365 started.
<-><->
      
l.1381 $
        (g,x) \mapsto gxg^{-1}$
Not a real error.

./_9AD8_7B49_4EE3_65702_20note.md.tex:1381: Preview: Snippet 1365 ended.(533465+163840x4281449).
<-><->
      
l.1381 $(g,x) \mapsto gxg^{-1}$
                               
Not a real error.

[1365]
./_9AD8_7B49_4EE3_65702_20note.md.tex:1382: Preview: Snippet 1366 started.
<-><->
      
l.1382 $
        x \in G$
Not a real error.

./_9AD8_7B49_4EE3_65702_20note.md.tex:1382: Preview: Snippet 1366 ended.(447828+25623x1690820).
<-><->
      
l.1382 $x \in G$
                
Not a real error.

[1366]
./_9AD8_7B49_4EE3_65702_20note.md.tex:1383: Preview: Snippet 1367 started.
<-><->
      
l.1383 $
        x \in Z_G$
Not a real error.

./_9AD8_7B49_4EE3_65702_20note.md.tex:1383: Preview: Snippet 1367 ended.(447828+98303x2063713).
<-><->
      
l.1383 $x \in Z_G$
                  
Not a real error.

[1367]
./_9AD8_7B49_4EE3_65702_20note.md.tex:1384: Preview: Snippet 1368 started.
<-><->
      
l.1384 $
        |Z_G| \equiv |G| \equiv 0 \pmod{p}$
Not a real error.

./_9AD8_7B49_4EE3_65702_20note.md.tex:1384: Preview: Snippet 1368 ended.(491520+163840x6812195).
<-><->
      
l.1384 $|Z_G| \equiv |G| \equiv 0 \pmod{p}$
                                           
Not a real error.

[1368]
./_9AD8_7B49_4EE3_65702_20note.md.tex:1385: Preview: Snippet 1369 started.
<-><->
      
l.1385 $
        1 \in Z_G$
Not a real error.

./_9AD8_7B49_4EE3_65702_20note.md.tex:1385: Preview: Snippet 1369 ended.(447828+98303x2016838).
<-><->
      
l.1385 $1 \in Z_G$
                  
Not a real error.

[1369]
./_9AD8_7B49_4EE3_65702_20note.md.tex:1386: Preview: Snippet 1370 started.
<-><->
      
l.1386 $
        |Z_G|>0$
Not a real error.

./_9AD8_7B49_4EE3_65702_20note.md.tex:1386: Preview: Snippet 1370 ended.(491520+163840x2453746).
<-><->
      
l.1386 $|Z_G|>0$
                
Not a real error.

[1370]
./_9AD8_7B49_4EE3_65702_20note.md.tex:1387: Preview: Snippet 1371 started.
<-><->
      
l.1387 $
        H$
Not a real error.

./_9AD8_7B49_4EE3_65702_20note.md.tex:1387: Preview: Snippet 1371 ended.(447828+0x598014).
<-><->
      
l.1387 $H$
          
Not a real error.

[1371]
./_9AD8_7B49_4EE3_65702_20note.md.tex:1388: Preview: Snippet 1372 started.
<-><->
      
l.1388 $
        \forall g \in G$
Not a real error.

./_9AD8_7B49_4EE3_65702_20note.md.tex:1388: Preview: Snippet 1372 ended.(455111+127431x2016453).
<-><->
      
l.1388 $\forall g \in G$
                        
Not a real error.

[1372]
./_9AD8_7B49_4EE3_65702_20note.md.tex:1389: Preview: Snippet 1373 started.
<-><->
      
l.1389 $
        gHg^{-1}=H$
Not a real error.

./_9AD8_7B49_4EE3_65702_20note.md.tex:1389: Preview: Snippet 1373 ended.(533465+127431x3445636).
<-><->
      
l.1389 $gHg^{-1}=H$
                   
Not a real error.

[1373]
./_9AD8_7B49_4EE3_65702_20note.md.tex:1390: Preview: Snippet 1374 started.
<-><->
      
l.1390 $
        gH=Hg$
Not a real error.

./_9AD8_7B49_4EE3_65702_20note.md.tex:1390: Preview: Snippet 1374 ended.(447828+127431x2742032).
<-><->
      
l.1390 $gH=Hg$
              
Not a real error.

[1374]
./_9AD8_7B49_4EE3_65702_20note.md.tex:1391: Preview: Snippet 1375 started.
<-><->
      
l.1391 $
        gHg^{-1} \subseteq H$
Not a real error.

./_9AD8_7B49_4EE3_65702_20note.md.tex:1391: Preview: Snippet 1375 ended.(533465+127431x3445636).
<-><->
      
l.1391 $gHg^{-1} \subseteq H$
                             
Not a real error.

[1375]
./_9AD8_7B49_4EE3_65702_20note.md.tex:1392: Preview: Snippet 1376 started.
<-><->
      
l.1392 $
        H \triangleleft G$
Not a real error.

./_9AD8_7B49_4EE3_65702_20note.md.tex:1392: Preview: Snippet 1376 ended.(447828+0x1732235).
<-><->
      
l.1392 $H \triangleleft G$
                          
Not a real error.

[1376]
./_9AD8_7B49_4EE3_65702_20note.md.tex:1393: Preview: Snippet 1377 started.
<-><->
      
l.1393 $
        G$
Not a real error.

./_9AD8_7B49_4EE3_65702_20note.md.tex:1393: Preview: Snippet 1377 ended.(447828+0x515276).
<-><->
      
l.1393 $G$
          
Not a real error.

[1377]
./_9AD8_7B49_4EE3_65702_20note.md.tex:1394: Preview: Snippet 1378 started.
<-><->
      
l.1394 $
        H \leq G$
Not a real error.

./_9AD8_7B49_4EE3_65702_20note.md.tex:1394: Preview: Snippet 1378 ended.(447828+89110x1987096).
<-><->
      
l.1394 $H \leq G$
                 
Not a real error.

[1378]
./_9AD8_7B49_4EE3_65702_20note.md.tex:1395: Preview: Snippet 1379 started.
<-><->
      
l.1395 $
        H \triangleleft G$
Not a real error.

./_9AD8_7B49_4EE3_65702_20note.md.tex:1395: Preview: Snippet 1379 ended.(447828+0x1732235).
<-><->
      
l.1395 $H \triangleleft G$
                          
Not a real error.

[1379]
./_9AD8_7B49_4EE3_65702_20note.md.tex:1396: Preview: Snippet 1380 started.
<-><->
      
l.1396 $
        \{1\},G \triangleleft G$
Not a real error.

./_9AD8_7B49_4EE3_65702_20note.md.tex:1396: Preview: Snippet 1380 ended.(491520+163840x2923809).
<-><->
      
l.1396 $\{1\},G \triangleleft G$
                                
Not a real error.

[1380]
./_9AD8_7B49_4EE3_65702_20note.md.tex:1397: Preview: Snippet 1381 started.
<-><->
      
l.1397 $
        Z_G \triangleleft G$
Not a real error.

./_9AD8_7B49_4EE3_65702_20note.md.tex:1397: Preview: Snippet 1381 ended.(447828+98303x2022390).
<-><->
      
l.1397 $Z_G \triangleleft G$
                            
Not a real error.

[1381]
./_9AD8_7B49_4EE3_65702_20note.md.tex:1398: Preview: Snippet 1382 started.
<-><->
      
l.1398 $
        N \triangleleft G$
Not a real error.

./_9AD8_7B49_4EE3_65702_20note.md.tex:1398: Preview: Snippet 1382 ended.(447828+0x1732235).
<-><->
      
l.1398 $N \triangleleft G$
                          
Not a real error.

[1382]
./_9AD8_7B49_4EE3_65702_20note.md.tex:1399: Preview: Snippet 1383 started.
<-><->
      
l.1399 $
        H \leq G$
Not a real error.

./_9AD8_7B49_4EE3_65702_20note.md.tex:1399: Preview: Snippet 1383 ended.(447828+89110x1987096).
<-><->
      
l.1399 $H \leq G$
                 
Not a real error.

[1383]
./_9AD8_7B49_4EE3_65702_20note.md.tex:1400: Preview: Snippet 1384 started.
<-><->
      
l.1400 $
        N \cap H \triangleleft H$
Not a real error.

./_9AD8_7B49_4EE3_65702_20note.md.tex:1400: Preview: Snippet 1384 ended.(447828+0x3141159).
<-><->
      
l.1400 $N \cap H \triangleleft H$
                                 
Not a real error.

[1384]
./_9AD8_7B49_4EE3_65702_20note.md.tex:1401: Preview: Snippet 1385 started.
<-><->
      
l.1401 $
        (G:H)=2$
Not a real error.

./_9AD8_7B49_4EE3_65702_20note.md.tex:1401: Preview: Snippet 1385 ended.(491520+163840x3370628).
<-><->
      
l.1401 $(G:H)=2$
                
Not a real error.

[1385]
./_9AD8_7B49_4EE3_65702_20note.md.tex:1402: Preview: Snippet 1386 started.
<-><->
      
l.1402 $
        H \triangleleft G$
Not a real error.

./_9AD8_7B49_4EE3_65702_20note.md.tex:1402: Preview: Snippet 1386 ended.(447828+0x1732235).
<-><->
      
l.1402 $H \triangleleft G$
                          
Not a real error.

[1386]
./_9AD8_7B49_4EE3_65702_20note.md.tex:1403: Preview: Snippet 1387 started.
<-><->
      
l.1403 $
        ker(f) \triangleleft G$
Not a real error.

./_9AD8_7B49_4EE3_65702_20note.md.tex:1403: Preview: Snippet 1387 ended.(491520+163840x3016188).
<-><->
      
l.1403 $ker(f) \triangleleft G$
                               
Not a real error.

[1387]
./_9AD8_7B49_4EE3_65702_20note.md.tex:1404: Preview: Snippet 1388 started.
<-><->
      
l.1404 $
        sgn:S_n \rightarrow \{ \pm 1\}$
Not a real error.

./_9AD8_7B49_4EE3_65702_20note.md.tex:1404: Preview: Snippet 1388 ended.(491520+163840x4853601).
<-><->
      
l.1404 $sgn:S_n \rightarrow \{ \pm 1\}$
                                       
Not a real error.

[1388]
./_9AD8_7B49_4EE3_65702_20note.md.tex:1405: Preview: Snippet 1389 started.
<-><->
      
l.1405 $
        A_n:=ker(sgn) \triangleleft S_n$
Not a real error.

./_9AD8_7B49_4EE3_65702_20note.md.tex:1405: Preview: Snippet 1389 ended.(491520+163840x5808886).
<-><->
      
l.1405 $A_n:=ker(sgn) \triangleleft S_n$
                                        
Not a real error.

[1389]
./_9AD8_7B49_4EE3_65702_20note.md.tex:1406: Preview: Snippet 1390 started.
<-><->
      
l.1406 $
        \sigma \in S_n$
Not a real error.

./_9AD8_7B49_4EE3_65702_20note.md.tex:1406: Preview: Snippet 1390 ended.(447828+98303x1957579).
<-><->
      
l.1406 $\sigma \in S_n$
                       
Not a real error.

[1390]
./_9AD8_7B49_4EE3_65702_20note.md.tex:1407: Preview: Snippet 1391 started.
<-><->
      
l.1407 $
        V \triangleleft S_4$
Not a real error.

./_9AD8_7B49_4EE3_65702_20note.md.tex:1407: Preview: Snippet 1391 ended.(447828+98303x1842740).
<-><->
      
l.1407 $V \triangleleft S_4$
                            
Not a real error.

[1391]
./_9AD8_7B49_4EE3_65702_20note.md.tex:1408: Preview: Snippet 1392 started.
<-><->
      
l.1408 $
        V$
Not a real error.

./_9AD8_7B49_4EE3_65702_20note.md.tex:1408: Preview: Snippet 1392 ended.(447828+0x527929).
<-><->
      
l.1408 $V$
          
Not a real error.

[1392]
./_9AD8_7B49_4EE3_65702_20note.md.tex:1409: Preview: Snippet 1393 started.
<-><->
      
l.1409 $
        \{id,all\ (ab)(cd)\}$
Not a real error.

./_9AD8_7B49_4EE3_65702_20note.md.tex:1409: Preview: Snippet 1393 ended.(491520+163840x4767060).
<-><->
      
l.1409 $\{id,all\ (ab)(cd)\}$
                             
Not a real error.

[1393]
./_9AD8_7B49_4EE3_65702_20note.md.tex:1410: Preview: Snippet 1394 started.
<-><->
      
l.1410 $
        W$
Not a real error.

./_9AD8_7B49_4EE3_65702_20note.md.tex:1410: Preview: Snippet 1394 ended.(447828+0x709974).
<-><->
      
l.1410 $W$
          
Not a real error.

[1394]
./_9AD8_7B49_4EE3_65702_20note.md.tex:1411: Preview: Snippet 1395 started.
<-><->
      
l.1411 $
        F$
Not a real error.

./_9AD8_7B49_4EE3_65702_20note.md.tex:1411: Preview: Snippet 1395 ended.(447828+0x512456).
<-><->
      
l.1411 $F$
          
Not a real error.

[1395]
./_9AD8_7B49_4EE3_65702_20note.md.tex:1412: Preview: Snippet 1396 started.
<-><->
      
l.1412 $
        dimW<\infty$
Not a real error.

./_9AD8_7B49_4EE3_65702_20note.md.tex:1412: Preview: Snippet 1396 ended.(455111+25623x3381442).
<-><->
      
l.1412 $dimW<\infty$
                    
Not a real error.

[1396]
./_9AD8_7B49_4EE3_65702_20note.md.tex:1413: Preview: Snippet 1397 started.
<-><->
      
l.1413 $
        det:GL(W) \rightarrow F^\times$
Not a real error.

./_9AD8_7B49_4EE3_65702_20note.md.tex:1413: Preview: Snippet 1397 ended.(521815+163840x5584294).
<-><->
      
l.1413 $det:GL(W) \rightarrow F^\times$
                                       
Not a real error.

[1397]
./_9AD8_7B49_4EE3_65702_20note.md.tex:1414: Preview: Snippet 1398 started.
<-><->
      
l.1414 $
        SL(W):=ker(det) \triangleleft GL(W)$
Not a real error.

./_9AD8_7B49_4EE3_65702_20note.md.tex:1414: Preview: Snippet 1398 ended.(491520+163840x8334614).
<-><->
      
l.1414 $SL(W):=ker(det) \triangleleft GL(W)$
                                            
Not a real error.

[1398]
./_9AD8_7B49_4EE3_65702_20note.md.tex:1415: Preview: Snippet 1399 started.
<-><->
      
l.1415 $
        N:=ker(f:G \rightarrow G')$
Not a real error.

./_9AD8_7B49_4EE3_65702_20note.md.tex:1415: Preview: Snippet 1399 ended.(492688+163840x6315815).
<-><->
      
l.1415 $N:=ker(f:G \rightarrow G')$
                                   
Not a real error.

[1399]
./_9AD8_7B49_4EE3_65702_20note.md.tex:1416: Preview: Snippet 1400 started.
<-><->
      
l.1416 $
        \forall x,y \in G$
Not a real error.

./_9AD8_7B49_4EE3_65702_20note.md.tex:1416: Preview: Snippet 1400 ended.(455111+127431x2691003).
<-><->
      
l.1416 $\forall x,y \in G$
                          
Not a real error.

[1400]
./_9AD8_7B49_4EE3_65702_20note.md.tex:1417: Preview: Snippet 1401 started.
<-><->
      
l.1417 $
        f(x)=f(y) \Longleftrightarrow f(xy^{-1})=1_{G'} \Longleftrightarrow ...
Not a real error.

./_9AD8_7B49_4EE3_65702_20note.md.tex:1417: Preview: Snippet 1401 ended.(533465+163840x13492232).
<-><->
      
l.1417 ..._{G'} \Longleftrightarrow xy^{-1} \in N$
                                                  
Not a real error.

[1401]
./_9AD8_7B49_4EE3_65702_20note.md.tex:1418: Preview: Snippet 1402 started.
<-><->
      
l.1418 $
        x \in Ny$
Not a real error.

./_9AD8_7B49_4EE3_65702_20note.md.tex:1418: Preview: Snippet 1402 ended.(447828+127431x2118382).
<-><->
      
l.1418 $x \in Ny$
                 
Not a real error.

[1402]
./_9AD8_7B49_4EE3_65702_20note.md.tex:1419: Preview: Snippet 1403 started.
<-><->
      
l.1419 $
        N \triangleleft G$
Not a real error.

./_9AD8_7B49_4EE3_65702_20note.md.tex:1419: Preview: Snippet 1403 ended.(447828+0x1732235).
<-><->
      
l.1419 $N \triangleleft G$
                          
Not a real error.

[1403]
./_9AD8_7B49_4EE3_65702_20note.md.tex:1420: Preview: Snippet 1404 started.
<-><->
      
l.1420 $
        G/N$
Not a real error.

./_9AD8_7B49_4EE3_65702_20note.md.tex:1420: Preview: Snippet 1404 ended.(491520+163840x1404562).
<-><->
      
l.1420 $G/N$
            
Not a real error.

[1404]
./_9AD8_7B49_4EE3_65702_20note.md.tex:1421: Preview: Snippet 1405 started.
<-><->
      
l.1421 $
        q:G \rightarrow G/N$
Not a real error.

./_9AD8_7B49_4EE3_65702_20note.md.tex:1421: Preview: Snippet 1405 ended.(491520+163840x3801478).
<-><->
      
l.1421 $q:G \rightarrow G/N$
                            
Not a real error.

[1405]
./_9AD8_7B49_4EE3_65702_20note.md.tex:1422: Preview: Snippet 1406 started.
<-><->
      
l.1422 $
        g \mapsto gN$
Not a real error.

./_9AD8_7B49_4EE3_65702_20note.md.tex:1422: Preview: Snippet 1406 ended.(447828+127431x2289653).
<-><->
      
l.1422 $g \mapsto gN$
                     
Not a real error.

[1406]
./_9AD8_7B49_4EE3_65702_20note.md.tex:1423: Preview: Snippet 1407 started.
<-><->
      
l.1423 $
        g_1g_2N=g_1Ng_2N$
Not a real error.

./_9AD8_7B49_4EE3_65702_20note.md.tex:1423: Preview: Snippet 1407 ended.(447828+127431x5094204).
<-><->
      
l.1423 $g_1g_2N=g_1Ng_2N$
                         
Not a real error.

[1407]
./_9AD8_7B49_4EE3_65702_20note.md.tex:1424: Preview: Snippet 1408 started.
<-><->
      
l.1424 $
        N \triangleleft G$
Not a real error.

./_9AD8_7B49_4EE3_65702_20note.md.tex:1424: Preview: Snippet 1408 ended.(447828+0x1732235).
<-><->
      
l.1424 $N \triangleleft G$
                          
Not a real error.

[1408]
./_9AD8_7B49_4EE3_65702_20note.md.tex:1425: Preview: Snippet 1409 started.
<-><->
      
l.1425 $
        G/N:=\{cosets\ gN:g \in G\}$
Not a real error.

./_9AD8_7B49_4EE3_65702_20note.md.tex:1425: Preview: Snippet 1409 ended.(491520+163840x8224266).
<-><->
      
l.1425 $G/N:=\{cosets\ gN:g \in G\}$
                                    
Not a real error.

[1409]
./_9AD8_7B49_4EE3_65702_20note.md.tex:1426: Preview: Snippet 1410 started.
<-><->
      
l.1426 $
        xN \cdot yN=xyN$
Not a real error.

./_9AD8_7B49_4EE3_65702_20note.md.tex:1426: Preview: Snippet 1410 ended.(447828+127431x4579917).
<-><->
      
l.1426 $xN \cdot yN=xyN$
                        
Not a real error.

[1410]
./_9AD8_7B49_4EE3_65702_20note.md.tex:1427: Preview: Snippet 1411 started.
<-><->
      
l.1427 $
        G/N$
Not a real error.

./_9AD8_7B49_4EE3_65702_20note.md.tex:1427: Preview: Snippet 1411 ended.(491520+163840x1404562).
<-><->
      
l.1427 $G/N$
            
Not a real error.

[1411]
./_9AD8_7B49_4EE3_65702_20note.md.tex:1428: Preview: Snippet 1412 started.
<-><->
      
l.1428 $
        G \rightarrow G/N$
Not a real error.

./_9AD8_7B49_4EE3_65702_20note.md.tex:1428: Preview: Snippet 1412 ended.(491520+163840x2939279).
<-><->
      
l.1428 $G \rightarrow G/N$
                          
Not a real error.

[1412]
./_9AD8_7B49_4EE3_65702_20note.md.tex:1429: Preview: Snippet 1413 started.
<-><->
      
l.1429 $
        G/N$
Not a real error.

./_9AD8_7B49_4EE3_65702_20note.md.tex:1429: Preview: Snippet 1413 ended.(491520+163840x1404562).
<-><->
      
l.1429 $G/N$
            
Not a real error.

[1413]
./_9AD8_7B49_4EE3_65702_20note.md.tex:1430: Preview: Snippet 1414 started.
<-><->
      
l.1430 $
        G$
Not a real error.

./_9AD8_7B49_4EE3_65702_20note.md.tex:1430: Preview: Snippet 1414 ended.(447828+0x515276).
<-><->
      
l.1430 $G$
          
Not a real error.

[1414]
./_9AD8_7B49_4EE3_65702_20note.md.tex:1431: Preview: Snippet 1415 started.
<-><->
      
l.1431 $
        N$
Not a real error.

./_9AD8_7B49_4EE3_65702_20note.md.tex:1431: Preview: Snippet 1415 ended.(447828+0x598014).
<-><->
      
l.1431 $N$
          
Not a real error.

[1415]
./_9AD8_7B49_4EE3_65702_20note.md.tex:1432: Preview: Snippet 1416 started.
<-><->
      
l.1432 $
        G/N$
Not a real error.

./_9AD8_7B49_4EE3_65702_20note.md.tex:1432: Preview: Snippet 1416 ended.(491520+163840x1404562).
<-><->
      
l.1432 $G/N$
            
Not a real error.

[1416]
./_9AD8_7B49_4EE3_65702_20note.md.tex:1433: Preview: Snippet 1417 started.
<-><->
      
l.1433 $
        q$
Not a real error.

./_9AD8_7B49_4EE3_65702_20note.md.tex:1433: Preview: Snippet 1417 ended.(282168+127431x316074).
<-><->
      
l.1433 $q$
          
Not a real error.

[1417]
./_9AD8_7B49_4EE3_65702_20note.md.tex:1434: Preview: Snippet 1418 started.
<-><->
      
l.1434 $
        V/U$
Not a real error.

./_9AD8_7B49_4EE3_65702_20note.md.tex:1434: Preview: Snippet 1418 ended.(491520+163840x1301707).
<-><->
      
l.1434 $V/U$
            
Not a real error.

[1418]
./_9AD8_7B49_4EE3_65702_20note.md.tex:1435: Preview: Snippet 1419 started.
<-><->
      
l.1435 $
        U \subset V$
Not a real error.

./_9AD8_7B49_4EE3_65702_20note.md.tex:1435: Preview: Snippet 1419 ended.(447828+25623x1920651).
<-><->
      
l.1435 $U \subset V$
                    
Not a real error.

[1419]
./_9AD8_7B49_4EE3_65702_20note.md.tex:1436: Preview: Snippet 1420 started.
<-><->
      
l.1436 $
        V/U$
Not a real error.

./_9AD8_7B49_4EE3_65702_20note.md.tex:1436: Preview: Snippet 1420 ended.(491520+163840x1301707).
<-><->
      
l.1436 $V/U$
            
Not a real error.

[1420]
./_9AD8_7B49_4EE3_65702_20note.md.tex:1437: Preview: Snippet 1421 started.
<-><->
      
l.1437 $
        F$
Not a real error.

./_9AD8_7B49_4EE3_65702_20note.md.tex:1437: Preview: Snippet 1421 ended.(447828+0x512456).
<-><->
      
l.1437 $F$
          
Not a real error.

[1421]
./_9AD8_7B49_4EE3_65702_20note.md.tex:1438: Preview: Snippet 1422 started.
<-><->
      
l.1438 $
        R$
Not a real error.

./_9AD8_7B49_4EE3_65702_20note.md.tex:1438: Preview: Snippet 1422 ended.(447828+0x502671).
<-><->
      
l.1438 $R$
          
Not a real error.

[1422]
./_9AD8_7B49_4EE3_65702_20note.md.tex:1439: Preview: Snippet 1423 started.
<-><->
      
l.1439 $
        I$
Not a real error.

./_9AD8_7B49_4EE3_65702_20note.md.tex:1439: Preview: Snippet 1423 ended.(447828+0x339512).
<-><->
      
l.1439 $I$
          
Not a real error.

[1423]
./_9AD8_7B49_4EE3_65702_20note.md.tex:1440: Preview: Snippet 1424 started.
<-><->
      
l.1440 $
        R/I$
Not a real error.

./_9AD8_7B49_4EE3_65702_20note.md.tex:1440: Preview: Snippet 1424 ended.(491520+163840x1169864).
<-><->
      
l.1440 $R/I$
            
Not a real error.

[1424]
./_9AD8_7B49_4EE3_65702_20note.md.tex:1441: Preview: Snippet 1425 started.
<-><->
      
l.1441 $
        f:G \rightarrow G'$
Not a real error.

./_9AD8_7B49_4EE3_65702_20note.md.tex:1441: Preview: Snippet 1425 ended.(492688+127431x3171381).
<-><->
      
l.1441 $f:G \rightarrow G'$
                           
Not a real error.

[1425]
./_9AD8_7B49_4EE3_65702_20note.md.tex:1442: Preview: Snippet 1426 started.
<-><->
      
l.1442 $
        N \triangleleft G$
Not a real error.

./_9AD8_7B49_4EE3_65702_20note.md.tex:1442: Preview: Snippet 1426 ended.(447828+0x1732235).
<-><->
      
l.1442 $N \triangleleft G$
                          
Not a real error.

[1426]
./_9AD8_7B49_4EE3_65702_20note.md.tex:1443: Preview: Snippet 1427 started.
<-><->
      
l.1443 $
        N \subseteq ker(q)$
Not a real error.

./_9AD8_7B49_4EE3_65702_20note.md.tex:1443: Preview: Snippet 1427 ended.(491520+163840x3278463).
<-><->
      
l.1443 $N \subseteq ker(q)$
                           
Not a real error.

[1427]
./_9AD8_7B49_4EE3_65702_20note.md.tex:1444: Preview: Snippet 1428 started.
<-><->
      
l.1444 $
        \bar{f}:G/N \rightarrow G'$
Not a real error.

./_9AD8_7B49_4EE3_65702_20note.md.tex:1444: Preview: Snippet 1428 ended.(545041+163840x4060667).
<-><->
      
l.1444 $\bar{f}:G/N \rightarrow G'$
                                   
Not a real error.

[1428]
./_9AD8_7B49_4EE3_65702_20note.md.tex:1445: Preview: Snippet 1429 started.
<-><->
      
l.1445 \begin{tikzcd}
                     [color=white]
Not a real error.

./_9AD8_7B49_4EE3_65702_20note.md.tex:1448: Preview: Snippet 1429 ended.(1777627+1643276x6377054).
<-><->
      
l.1448 \end{tikzcd}
                   
Not a real error.

[1429]
./_9AD8_7B49_4EE3_65702_20note.md.tex:1449: Preview: Snippet 1430 started.
<-><->
      
l.1449 $
        f:G \rightarrow G'$
Not a real error.

./_9AD8_7B49_4EE3_65702_20note.md.tex:1449: Preview: Snippet 1430 ended.(492688+127431x3171381).
<-><->
      
l.1449 $f:G \rightarrow G'$
                           
Not a real error.

[1430]
./_9AD8_7B49_4EE3_65702_20note.md.tex:1450: Preview: Snippet 1431 started.
<-><->
      
l.1450 $
        N:=ker(f)$
Not a real error.

./_9AD8_7B49_4EE3_65702_20note.md.tex:1450: Preview: Snippet 1431 ended.(491520+163840x3535832).
<-><->
      
l.1450 $N:=ker(f)$
                  
Not a real error.

[1431]
./_9AD8_7B49_4EE3_65702_20note.md.tex:1451: Preview: Snippet 1432 started.
<-><->
      
l.1451 $
        \bar{f}:F/ker(f) \simeq im(f) \subseteq G'$
Not a real error.

./_9AD8_7B49_4EE3_65702_20note.md.tex:1451: Preview: Snippet 1432 ended.(545041+163840x7772290).
<-><->
      
l.1451 ...r{f}:F/ker(f) \simeq im(f) \subseteq G'$
                                                  
Not a real error.

[1432]
./_9AD8_7B49_4EE3_65702_20note.md.tex:1452: Preview: Snippet 1433 started.
<-><->
      
l.1452 $
        (G:ker(f))=|im(f)|$
Not a real error.

./_9AD8_7B49_4EE3_65702_20note.md.tex:1452: Preview: Snippet 1433 ended.(491520+163840x6393309).
<-><->
      
l.1452 $(G:ker(f))=|im(f)|$
                           
Not a real error.

[1433]
./_9AD8_7B49_4EE3_65702_20note.md.tex:1453: Preview: Snippet 1434 started.
<-><->
      
l.1453 $
        sgn:S_n \rightarrow \{\pm 1\}$
Not a real error.

./_9AD8_7B49_4EE3_65702_20note.md.tex:1453: Preview: Snippet 1434 ended.(491520+163840x4853601).
<-><->
      
l.1453 $sgn:S_n \rightarrow \{\pm 1\}$
                                      
Not a real error.

[1434]
./_9AD8_7B49_4EE3_65702_20note.md.tex:1454: Preview: Snippet 1435 started.
<-><->
      
l.1454 $
        (S_n:A_n)=2$
Not a real error.

./_9AD8_7B49_4EE3_65702_20note.md.tex:1454: Preview: Snippet 1435 ended.(491520+163840x3864190).
<-><->
      
l.1454 $(S_n:A_n)=2$
                    
Not a real error.

[1435]
./_9AD8_7B49_4EE3_65702_20note.md.tex:1455: Preview: Snippet 1436 started.
<-><->
      
l.1455 $
        N:\mathbb{H}^\times \rightarrow \mathbb{R}^\times_{\geq 0}$
Not a real error.

./_9AD8_7B49_4EE3_65702_20note.md.tex:1455: Preview: Snippet 1436 ended.(564338+278662x4292595).
<-><->
      
l.1455 ... \rightarrow \mathbb{R}^\times_{\geq 0}$
                                                  
Not a real error.

[1436]
./_9AD8_7B49_4EE3_65702_20note.md.tex:1456: Preview: Snippet 1437 started.
<-><->
      
l.1456 $
        \mathbb{H}^1:=ker(N) \triangleleft \mathbb{H}^\times$
Not a real error.

./_9AD8_7B49_4EE3_65702_20note.md.tex:1456: Preview: Snippet 1437 ended.(533465+163840x5519203).
<-><->
      
l.1456 ...=ker(N) \triangleleft \mathbb{H}^\times$
                                                  
Not a real error.

[1437]
./_9AD8_7B49_4EE3_65702_20note.md.tex:1457: Preview: Snippet 1438 started.
<-><->
      
l.1457 $
        \mathbb{H}^1 \twoheadrightarrow So(3)$
Not a real error.

./_9AD8_7B49_4EE3_65702_20note.md.tex:1457: Undefined control sequence.
l.1457 $\mathbb{H}^1 \twoheadrightarrow
                                        So(3)$
The control sequence at the end of the top line
of your error message was never \def'ed. If you have
misspelled it (e.g., `\hobx'), type `I' and the correct
spelling (e.g., `I\hbox'). Otherwise just continue,
and I'll forget about whatever was undefined.

./_9AD8_7B49_4EE3_65702_20note.md.tex:1457: Preview: Snippet 1438 ended.(533465+163840x2398440).
<-><->
      
l.1457 $\mathbb{H}^1 \twoheadrightarrow So(3)$
                                              
Not a real error.

[1438]
./_9AD8_7B49_4EE3_65702_20note.md.tex:1458: Preview: Snippet 1439 started.
<-><->
      
l.1458 $
        q \mapsto qxq^{-1}$
Not a real error.

./_9AD8_7B49_4EE3_65702_20note.md.tex:1458: Preview: Snippet 1439 ended.(533465+127431x3045823).
<-><->
      
l.1458 $q \mapsto qxq^{-1}$
                           
Not a real error.

[1439]
./_9AD8_7B49_4EE3_65702_20note.md.tex:1459: Preview: Snippet 1440 started.
<-><->
      
l.1459 $
        x \in \mathbb{R}^3 \simeq \mathbb{H}_0$
Not a real error.

./_9AD8_7B49_4EE3_65702_20note.md.tex:1459: Preview: Snippet 1440 ended.(533465+98303x3620398).
<-><->
      
l.1459 $x \in \mathbb{R}^3 \simeq \mathbb{H}_0$
                                               
Not a real error.

[1440]
./_9AD8_7B49_4EE3_65702_20note.md.tex:1460: Preview: Snippet 1441 started.
<-><->
      
l.1460 $
        ker(\mathbb{R})=\{\pm1\}$
Not a real error.

./_9AD8_7B49_4EE3_65702_20note.md.tex:1460: Preview: Snippet 1441 ended.(491520+163840x4330460).
<-><->
      
l.1460 $ker(\mathbb{R})=\{\pm1\}$
                                 
Not a real error.

[1441]
./_9AD8_7B49_4EE3_65702_20note.md.tex:1461: Preview: Snippet 1442 started.
<-><->
      
l.1461 $
        R$
Not a real error.

./_9AD8_7B49_4EE3_65702_20note.md.tex:1461: Preview: Snippet 1442 ended.(447828+0x502671).
<-><->
      
l.1461 $R$
          
Not a real error.

[1442]
./_9AD8_7B49_4EE3_65702_20note.md.tex:1462: Preview: Snippet 1443 started.
<-><->
      
l.1462 $
        \mathbb{H}^1/\{\pm1\} \simeq So(3)$
Not a real error.

./_9AD8_7B49_4EE3_65702_20note.md.tex:1462: Preview: Snippet 1443 ended.(533465+163840x5092696).
<-><->
      
l.1462 $\mathbb{H}^1/\{\pm1\} \simeq So(3)$
                                           
Not a real error.

[1443]
./_9AD8_7B49_4EE3_65702_20note.md.tex:1463: Preview: Snippet 1444 started.
<-><->
      
l.1463 $
        \mathbb{H} \simeq \{\begin{pmatrix}z&-\bar{w}\\ w&\bar{z}\end{pmatri...
Not a real error.

./_9AD8_7B49_4EE3_65702_20note.md.tex:1463: Preview: Snippet 1444 ended.(950279+622600x7819714).
<-><->
      
l.1463 ...ar{z}\end{pmatrix}|z,w \in \mathbb{C}\}$
                                                  
Not a real error.

[1444]
./_9AD8_7B49_4EE3_65702_20note.md.tex:1464: Preview: Snippet 1445 started.
<-><->
      
l.1464 $
        z+wj \mapsto (z,w)$
Not a real error.

./_9AD8_7B49_4EE3_65702_20note.md.tex:1464: Preview: Snippet 1445 ended.(491520+163840x4569654).
<-><->
      
l.1464 $z+wj \mapsto (z,w)$
                           
Not a real error.

[1445]
./_9AD8_7B49_4EE3_65702_20note.md.tex:1465: Preview: Snippet 1446 started.
<-><->
      
l.1465 $
        N \leftrightarrow det$
Not a real error.

./_9AD8_7B49_4EE3_65702_20note.md.tex:1465: Preview: Snippet 1446 ended.(455111+0x2500372).
<-><->
      
l.1465 $N \leftrightarrow det$
                              
Not a real error.

[1446]
./_9AD8_7B49_4EE3_65702_20note.md.tex:1466: Preview: Snippet 1447 started.
<-><->
      
l.1466 $
        \mathbb{H}^1 \simeq \{\begin{pmatrix}z&-\bar{w}\\ w&\bar{z}\end{pmat...
Not a real error.

./_9AD8_7B49_4EE3_65702_20note.md.tex:1466: Preview: Snippet 1447 ended.(950279+622600x10121663).
<-><->
      
l.1466 ... w&\bar{z}\end{pmatrix}:|z|^2+|w|^2=1\}$
                                                  
Not a real error.

[1447]
./_9AD8_7B49_4EE3_65702_20note.md.tex:1467: Preview: Snippet 1448 started.
<-><->
      
l.1467 $
        \{\pm1\} \simeq \{ \pm I_2\}$
Not a real error.

./_9AD8_7B49_4EE3_65702_20note.md.tex:1467: Preview: Snippet 1448 ended.(491520+163840x4113752).
<-><->
      
l.1467 $\{\pm1\} \simeq \{ \pm I_2\}$
                                     
Not a real error.

[1448]
./_9AD8_7B49_4EE3_65702_20note.md.tex:1468: Preview: Snippet 1449 started.
<-><->
      
l.1468 $
        Su(2)/\{\pm I_2\} \simeq \mathbb{H}^1/\{ \pm 1\} \simeq So(3)$
Not a real error.

./_9AD8_7B49_4EE3_65702_20note.md.tex:1468: Preview: Snippet 1449 ended.(533465+163840x9693569).
<-><->
      
l.1468 ...eq \mathbb{H}^1/\{ \pm 1\} \simeq So(3)$
                                                  
Not a real error.

[1449]
./_9AD8_7B49_4EE3_65702_20note.md.tex:1469: Preview: Snippet 1450 started.
<-><->
      
l.1469 $
        f:G \rightarrow G'$
Not a real error.

./_9AD8_7B49_4EE3_65702_20note.md.tex:1469: Preview: Snippet 1450 ended.(492688+127431x3171381).
<-><->
      
l.1469 $f:G \rightarrow G'$
                           
Not a real error.

[1450]
./_9AD8_7B49_4EE3_65702_20note.md.tex:1470: Preview: Snippet 1451 started.
<-><->
      
l.1470 $
        N:=ker(f)$
Not a real error.

./_9AD8_7B49_4EE3_65702_20note.md.tex:1470: Preview: Snippet 1451 ended.(491520+163840x3535832).
<-><->
      
l.1470 $N:=ker(f)$
                  
Not a real error.

[1451]
./_9AD8_7B49_4EE3_65702_20note.md.tex:1471: Preview: Snippet 1452 started.
<-><->
      
l.1471 $
        \{H' \leq G'\} \leftrightarrow \{N \leq H \leq G\}$
Not a real error.

./_9AD8_7B49_4EE3_65702_20note.md.tex:1471: Preview: Snippet 1452 ended.(492688+163840x8143907).
<-><->
      
l.1471 ...'\} \leftrightarrow \{N \leq H \leq G\}$
                                                  
Not a real error.

[1452]
./_9AD8_7B49_4EE3_65702_20note.md.tex:1472: Preview: Snippet 1453 started.
<-><->
      
l.1472 $
        G' \simeq G/N$
Not a real error.

./_9AD8_7B49_4EE3_65702_20note.md.tex:1472: Preview: Snippet 1453 ended.(492688+163840x2977509).
<-><->
      
l.1472 $G' \simeq G/N$
                      
Not a real error.

[1453]
./_9AD8_7B49_4EE3_65702_20note.md.tex:1473: Preview: Snippet 1454 started.
<-><->
      
l.1473 $
        H' \mapsto H'N$
Not a real error.

./_9AD8_7B49_4EE3_65702_20note.md.tex:1473: Preview: Snippet 1454 ended.(492688+0x3181213).
<-><->
      
l.1473 $H' \mapsto H'N$
                       
Not a real error.

[1454]
./_9AD8_7B49_4EE3_65702_20note.md.tex:1474: Preview: Snippet 1455 started.
<-><->
      
l.1474 $
        G$
Not a real error.

./_9AD8_7B49_4EE3_65702_20note.md.tex:1474: Preview: Snippet 1455 ended.(447828+0x515276).
<-><->
      
l.1474 $G$
          
Not a real error.

[1455]
./_9AD8_7B49_4EE3_65702_20note.md.tex:1475: Preview: Snippet 1456 started.
<-><->
      
l.1475 $
        G \neq \{1\}$
Not a real error.

./_9AD8_7B49_4EE3_65702_20note.md.tex:1475: Preview: Snippet 1456 ended.(491520+163840x2372125).
<-><->
      
l.1475 $G \neq \{1\}$
                     
Not a real error.

[1456]
./_9AD8_7B49_4EE3_65702_20note.md.tex:1476: Preview: Snippet 1457 started.
<-><->
      
l.1476 $
        G$
Not a real error.

./_9AD8_7B49_4EE3_65702_20note.md.tex:1476: Preview: Snippet 1457 ended.(447828+0x515276).
<-><->
      
l.1476 $G$
          
Not a real error.

[1457]
./_9AD8_7B49_4EE3_65702_20note.md.tex:1477: Preview: Snippet 1458 started.
<-><->
      
l.1477 $
        \mathbb{Z}/n\mathbb{Z}$
Not a real error.

./_9AD8_7B49_4EE3_65702_20note.md.tex:1477: Preview: Snippet 1458 ended.(491520+163840x1594867).
<-><->
      
l.1477 $\mathbb{Z}/n\mathbb{Z}$
                               
Not a real error.

[1458]
./_9AD8_7B49_4EE3_65702_20note.md.tex:1478: Preview: Snippet 1459 started.
<-><->
      
l.1478 $
        \pm n$
Not a real error.

./_9AD8_7B49_4EE3_65702_20note.md.tex:1478: Preview: Snippet 1459 ended.(382293+54613x903096).
<-><->
      
l.1478 $\pm n$
              
Not a real error.

[1459]
./_9AD8_7B49_4EE3_65702_20note.md.tex:1479: Preview: Snippet 1460 started.
<-><->
      
l.1479 $
        H \leq G$
Not a real error.

./_9AD8_7B49_4EE3_65702_20note.md.tex:1479: Preview: Snippet 1460 ended.(447828+89110x1987096).
<-><->
      
l.1479 $H \leq G$
                 
Not a real error.

[1460]
./_9AD8_7B49_4EE3_65702_20note.md.tex:1480: Preview: Snippet 1461 started.
<-><->
      
l.1480 $
        K \triangleleft G$
Not a real error.

./_9AD8_7B49_4EE3_65702_20note.md.tex:1480: Preview: Snippet 1461 ended.(447828+0x1737698).
<-><->
      
l.1480 $K \triangleleft G$
                          
Not a real error.

[1461]
./_9AD8_7B49_4EE3_65702_20note.md.tex:1481: Preview: Snippet 1462 started.
<-><->
      
l.1481 $
        HK:=\{hk:k \in K,h \in H\} \subseteq G$
Not a real error.

./_9AD8_7B49_4EE3_65702_20note.md.tex:1481: Preview: Snippet 1462 ended.(491520+163840x9385048).
<-><->
      
l.1481 $HK:=\{hk:k \in K,h \in H\} \subseteq G$
                                               
Not a real error.

[1462]
./_9AD8_7B49_4EE3_65702_20note.md.tex:1482: Preview: Snippet 1463 started.
<-><->
      
l.1482 $
        HK=KH$
Not a real error.

./_9AD8_7B49_4EE3_65702_20note.md.tex:1482: Preview: Snippet 1463 ended.(447828+0x3276788).
<-><->
      
l.1482 $HK=KH$
              
Not a real error.

[1463]
./_9AD8_7B49_4EE3_65702_20note.md.tex:1483: Preview: Snippet 1464 started.
<-><->
      
l.1483 $
        1 \in HK$
Not a real error.

./_9AD8_7B49_4EE3_65702_20note.md.tex:1483: Preview: Snippet 1464 ended.(447828+25623x2330160).
<-><->
      
l.1483 $1 \in HK$
                 
Not a real error.

[1464]
./_9AD8_7B49_4EE3_65702_20note.md.tex:1484: Preview: Snippet 1465 started.
<-><->
      
l.1484 $
        hk=hkh^{-1}h \in KH$
Not a real error.

./_9AD8_7B49_4EE3_65702_20note.md.tex:1484: Preview: Snippet 1465 ended.(533465+25623x5813881).
<-><->
      
l.1484 $hk=hkh^{-1}h \in KH$
                            
Not a real error.

[1465]
./_9AD8_7B49_4EE3_65702_20note.md.tex:1485: Preview: Snippet 1466 started.
<-><->
      
l.1485 $
        HK=KH$
Not a real error.

./_9AD8_7B49_4EE3_65702_20note.md.tex:1485: Preview: Snippet 1466 ended.(447828+0x3276788).
<-><->
      
l.1485 $HK=KH$
              
Not a real error.

[1466]
./_9AD8_7B49_4EE3_65702_20note.md.tex:1486: Preview: Snippet 1467 started.
<-><->
      
l.1486 $
        (hk)^{-1}=k^{-1}h^{-1} \in KH=HK$
Not a real error.

./_9AD8_7B49_4EE3_65702_20note.md.tex:1486: Preview: Snippet 1467 ended.(533465+163840x9050930).
<-><->
      
l.1486 $(hk)^{-1}=k^{-1}h^{-1} \in KH=HK$
                                         
Not a real error.

[1467]
./_9AD8_7B49_4EE3_65702_20note.md.tex:1487: Preview: Snippet 1468 started.
<-><->
      
l.1487 $
        (h_1k_1)(h_2k_2)=h_1h_2(h_2^{-1}k_1h_2k_2)$
Not a real error.

./_9AD8_7B49_4EE3_65702_20note.md.tex:1487: Preview: Snippet 1468 ended.(575988+174758x9382893).
<-><->
      
l.1487 ...1k_1)(h_2k_2)=h_1h_2(h_2^{-1}k_1h_2k_2)$
                                                  
Not a real error.

[1468]
./_9AD8_7B49_4EE3_65702_20note.md.tex:1488: Preview: Snippet 1469 started.
<-><->
      
l.1488 $
        HK$
Not a real error.

./_9AD8_7B49_4EE3_65702_20note.md.tex:1488: Preview: Snippet 1469 ended.(447828+0x1201491).
<-><->
      
l.1488 $HK$
           
Not a real error.

[1469]
./_9AD8_7B49_4EE3_65702_20note.md.tex:1489: Preview: Snippet 1470 started.
<-><->
      
l.1489 $
        \forall$
Not a real error.

./_9AD8_7B49_4EE3_65702_20note.md.tex:1489: Preview: Snippet 1470 ended.(455111+0x364090).
<-><->
      
l.1489 $\forall$
                
Not a real error.

[1470]
./_9AD8_7B49_4EE3_65702_20note.md.tex:1490: Preview: Snippet 1471 started.
<-><->
      
l.1490 $
        K \subset G$
Not a real error.

./_9AD8_7B49_4EE3_65702_20note.md.tex:1490: Preview: Snippet 1471 ended.(447828+25623x1992559).
<-><->
      
l.1490 $K \subset G$
                    
Not a real error.

[1471]
./_9AD8_7B49_4EE3_65702_20note.md.tex:1491: Preview: Snippet 1472 started.
<-><->
      
l.1491 $
        Z_G(K):=\{g \in G:gkg^{-1}=k\} \subseteq N_G(K):=\{g \in G:gKg^{-1}=...
Not a real error.

./_9AD8_7B49_4EE3_65702_20note.md.tex:1491: Preview: Snippet 1472 ended.(533465+163840x20427360).
<-><->
      
l.1491 ...\{g \in G:gKg^{-1}=K\} \triangleright K$
                                                  
Not a real error.

[1472]
./_9AD8_7B49_4EE3_65702_20note.md.tex:1492: Preview: Snippet 1473 started.
<-><->
      
l.1492 $
        H,K \leq G$
Not a real error.

./_9AD8_7B49_4EE3_65702_20note.md.tex:1492: Preview: Snippet 1473 ended.(447828+127431x2845433).
<-><->
      
l.1492 $H,K \leq G$
                   
Not a real error.

[1473]
./_9AD8_7B49_4EE3_65702_20note.md.tex:1493: Preview: Snippet 1474 started.
<-><->
      
l.1493 $
        H \subseteq N_G(K)$
Not a real error.

./_9AD8_7B49_4EE3_65702_20note.md.tex:1493: Preview: Snippet 1474 ended.(491520+163840x3552380).
<-><->
      
l.1493 $H \subseteq N_G(K)$
                           
Not a real error.

[1474]
./_9AD8_7B49_4EE3_65702_20note.md.tex:1494: Preview: Snippet 1475 started.
<-><->
      
l.1494 $
        HK=KH$
Not a real error.

./_9AD8_7B49_4EE3_65702_20note.md.tex:1494: Preview: Snippet 1475 ended.(447828+0x3276788).
<-><->
      
l.1494 $HK=KH$
              
Not a real error.

[1475]
./_9AD8_7B49_4EE3_65702_20note.md.tex:1495: Preview: Snippet 1476 started.
<-><->
      
l.1495 $
        H,K \subseteq G$
Not a real error.

./_9AD8_7B49_4EE3_65702_20note.md.tex:1495: Preview: Snippet 1476 ended.(447828+127431x2845433).
<-><->
      
l.1495 $H,K \subseteq G$
                        
Not a real error.

[1476]
./_9AD8_7B49_4EE3_65702_20note.md.tex:1496: Preview: Snippet 1477 started.
<-><->
      
l.1496 $
        H \subseteq N_G(K)$
Not a real error.

./_9AD8_7B49_4EE3_65702_20note.md.tex:1496: Preview: Snippet 1477 ended.(491520+163840x3552380).
<-><->
      
l.1496 $H \subseteq N_G(K)$
                           
Not a real error.

[1477]
./_9AD8_7B49_4EE3_65702_20note.md.tex:1497: Preview: Snippet 1478 started.
<-><->
      
l.1497 $
        H \cap K \triangleleft H$
Not a real error.

./_9AD8_7B49_4EE3_65702_20note.md.tex:1497: Preview: Snippet 1478 ended.(447828+0x3146622).
<-><->
      
l.1497 $H \cap K \triangleleft H$
                                 
Not a real error.

[1478]
./_9AD8_7B49_4EE3_65702_20note.md.tex:1498: Preview: Snippet 1479 started.
<-><->
      
l.1498 $
        H/H \cap K \rightarrow HK/K$
Not a real error.

./_9AD8_7B49_4EE3_65702_20note.md.tex:1498: Preview: Snippet 1479 ended.(491520+163840x5934630).
<-><->
      
l.1498 $H/H \cap K \rightarrow HK/K$
                                    
Not a real error.

[1479]
./_9AD8_7B49_4EE3_65702_20note.md.tex:1499: Preview: Snippet 1480 started.
<-><->
      
l.1499 $
        h(H \cap K) \mapsto hK$
Not a real error.

./_9AD8_7B49_4EE3_65702_20note.md.tex:1499: Preview: Snippet 1480 ended.(491520+163840x4817489).
<-><->
      
l.1499 $h(H \cap K) \mapsto hK$
                               
Not a real error.

[1480]
./_9AD8_7B49_4EE3_65702_20note.md.tex:1500: Preview: Snippet 1481 started.
<-><->
      
l.1500 $
        x \in H \cap K$
Not a real error.

./_9AD8_7B49_4EE3_65702_20note.md.tex:1500: Preview: Snippet 1481 ended.(447828+25623x3105207).
<-><->
      
l.1500 $x \in H \cap K$
                       
Not a real error.

[1481]
./_9AD8_7B49_4EE3_65702_20note.md.tex:1501: Preview: Snippet 1482 started.
<-><->
      
l.1501 $
        h \in H$
Not a real error.

./_9AD8_7B49_4EE3_65702_20note.md.tex:1501: Preview: Snippet 1482 ended.(455111+25623x1776593).
<-><->
      
l.1501 $h \in H$
                
Not a real error.

[1482]
./_9AD8_7B49_4EE3_65702_20note.md.tex:1502: Preview: Snippet 1483 started.
<-><->
      
l.1502 $
        hxh{-1} \in H$
Not a real error.

./_9AD8_7B49_4EE3_65702_20note.md.tex:1502: Preview: Snippet 1483 ended.(455111+54613x3366147).
<-><->
      
l.1502 $hxh{-1} \in H$
                      
Not a real error.

[1483]
./_9AD8_7B49_4EE3_65702_20note.md.tex:1503: Preview: Snippet 1484 started.
<-><->
      
l.1503 $
        H \subseteq N_G(K) \Rightarrow hxh^{-1} \in K \Rightarrow H \cap K \...
Not a real error.

./_9AD8_7B49_4EE3_65702_20note.md.tex:1503: Preview: Snippet 1484 ended.(533465+163840x11975691).
<-><->
      
l.1503 ... K \Rightarrow H \cap K \triangleleft H$
                                                  
Not a real error.

[1484]
./_9AD8_7B49_4EE3_65702_20note.md.tex:1504: Preview: Snippet 1485 started.
<-><->
      
l.1504 $
        H \hookrightarrow HK \twoheadrightarrow HK/K$
Not a real error.

./_9AD8_7B49_4EE3_65702_20note.md.tex:1504: Undefined control sequence.
l.1504 $H \hookrightarrow HK \twoheadrightarrow
                                                HK/K$
The control sequence at the end of the top line
of your error message was never \def'ed. If you have
misspelled it (e.g., `\hobx'), type `I' and the correct
spelling (e.g., `I\hbox'). Otherwise just continue,
and I'll forget about whatever was undefined.

./_9AD8_7B49_4EE3_65702_20note.md.tex:1504: Preview: Snippet 1485 ended.(491520+163840x4988007).
<-><->
      
l.1504 ...okrightarrow HK \twoheadrightarrow HK/K$
                                                  
Not a real error.

[1485]
./_9AD8_7B49_4EE3_65702_20note.md.tex:1505: Preview: Snippet 1486 started.
<-><->
      
l.1505 $
        f$
Not a real error.

./_9AD8_7B49_4EE3_65702_20note.md.tex:1505: Preview: Snippet 1486 ended.(455111+127431x391398).
<-><->
      
l.1505 $f$
          
Not a real error.

[1486]
./_9AD8_7B49_4EE3_65702_20note.md.tex:1506: Preview: Snippet 1487 started.
<-><->
      
l.1506 $
        f(h)=hK$
Not a real error.

./_9AD8_7B49_4EE3_65702_20note.md.tex:1506: Preview: Snippet 1487 ended.(491520+163840x3133589).
<-><->
      
l.1506 $f(h)=hK$
                
Not a real error.

[1487]
./_9AD8_7B49_4EE3_65702_20note.md.tex:1507: Preview: Snippet 1488 started.
<-><->
      
l.1507 $
        f$
Not a real error.

./_9AD8_7B49_4EE3_65702_20note.md.tex:1507: Preview: Snippet 1488 ended.(455111+127431x391398).
<-><->
      
l.1507 $f$
          
Not a real error.

[1488]
./_9AD8_7B49_4EE3_65702_20note.md.tex:1508: Preview: Snippet 1489 started.
<-><->
      
l.1508 $
        hkK=hK=f(h)$
Not a real error.

./_9AD8_7B49_4EE3_65702_20note.md.tex:1508: Preview: Snippet 1489 ended.(491520+163840x5350277).
<-><->
      
l.1508 $hkK=hK=f(h)$
                    
Not a real error.

[1489]
./_9AD8_7B49_4EE3_65702_20note.md.tex:1509: Preview: Snippet 1490 started.
<-><->
      
l.1509 $
        ker(f)=H \cap K$
Not a real error.

./_9AD8_7B49_4EE3_65702_20note.md.tex:1509: Preview: Snippet 1490 ended.(491520+163840x4685436).
<-><->
      
l.1509 $ker(f)=H \cap K$
                        
Not a real error.

[1490]
./_9AD8_7B49_4EE3_65702_20note.md.tex:1510: Preview: Snippet 1491 started.
<-><->
      
l.1510 $
        f(h)=K$
Not a real error.

./_9AD8_7B49_4EE3_65702_20note.md.tex:1510: Preview: Snippet 1491 ended.(491520+163840x2755998).
<-><->
      
l.1510 $f(h)=K$
               
Not a real error.

[1491]
./_9AD8_7B49_4EE3_65702_20note.md.tex:1511: Preview: Snippet 1492 started.
<-><->
      
l.1511 $
        hK=K$
Not a real error.

./_9AD8_7B49_4EE3_65702_20note.md.tex:1511: Preview: Snippet 1492 ended.(455111+0x2458351).
<-><->
      
l.1511 $hK=K$
             
Not a real error.

[1492]
./_9AD8_7B49_4EE3_65702_20note.md.tex:1512: Preview: Snippet 1493 started.
<-><->
      
l.1512 $
        h \in H\cap K$
Not a real error.

./_9AD8_7B49_4EE3_65702_20note.md.tex:1512: Preview: Snippet 1493 ended.(455111+25623x3108242).
<-><->
      
l.1512 $h \in H\cap K$
                      
Not a real error.

[1493]
./_9AD8_7B49_4EE3_65702_20note.md.tex:1513: Preview: Snippet 1494 started.
<-><->
      
l.1513 $
        H/H \cap K \simeq HK/K$
Not a real error.

./_9AD8_7B49_4EE3_65702_20note.md.tex:1513: Preview: Snippet 1494 ended.(491520+163840x5788995).
<-><->
      
l.1513 $H/H \cap K \simeq HK/K$
                               
Not a real error.

[1494]
./_9AD8_7B49_4EE3_65702_20note.md.tex:1514: Preview: Snippet 1495 started.
<-><->
      
l.1514 $
        G_1,G_2$
Not a real error.

./_9AD8_7B49_4EE3_65702_20note.md.tex:1514: Preview: Snippet 1495 ended.(447828+127431x1909827).
<-><->
      
l.1514 $G_1,G_2$
                
Not a real error.

[1495]
./_9AD8_7B49_4EE3_65702_20note.md.tex:1515: Preview: Snippet 1496 started.
<-><->
      
l.1515 $
        G_1 \times G_2$
Not a real error.

./_9AD8_7B49_4EE3_65702_20note.md.tex:1515: Preview: Snippet 1496 ended.(447828+98303x2419548).
<-><->
      
l.1515 $G_1 \times G_2$
                       
Not a real error.

[1496]
./_9AD8_7B49_4EE3_65702_20note.md.tex:1516: Preview: Snippet 1497 started.
<-><->
      
l.1516 $
        H,N$
Not a real error.

./_9AD8_7B49_4EE3_65702_20note.md.tex:1516: Preview: Snippet 1497 ended.(447828+127431x1450888).
<-><->
      
l.1516 $H,N$
            
Not a real error.

[1497]
./_9AD8_7B49_4EE3_65702_20note.md.tex:1517: Preview: Snippet 1498 started.
<-><->
      
l.1517 $
        Aut(N)$
Not a real error.

./_9AD8_7B49_4EE3_65702_20note.md.tex:1517: Preview: Snippet 1498 ended.(491520+163840x2211085).
<-><->
      
l.1517 $Aut(N)$
               
Not a real error.

[1498]
./_9AD8_7B49_4EE3_65702_20note.md.tex:1518: Preview: Snippet 1499 started.
<-><->
      
l.1518 $
        N \rightarrow N$
Not a real error.

./_9AD8_7B49_4EE3_65702_20note.md.tex:1518: Preview: Snippet 1499 ended.(447828+0x2215469).
<-><->
      
l.1518 $N \rightarrow N$
                        
Not a real error.

[1499]
./_9AD8_7B49_4EE3_65702_20note.md.tex:1519: Preview: Snippet 1500 started.
<-><->
      
l.1519 $
        H \rightarrow Aut(N)$
Not a real error.

./_9AD8_7B49_4EE3_65702_20note.md.tex:1519: Preview: Snippet 1500 ended.(491520+163840x3828540).
<-><->
      
l.1519 $H \rightarrow Aut(N)$
                             
Not a real error.

[1500]
./_9AD8_7B49_4EE3_65702_20note.md.tex:1520: Preview: Snippet 1501 started.
<-><->
      
l.1520 $
        N \times H$
Not a real error.

./_9AD8_7B49_4EE3_65702_20note.md.tex:1520: Preview: Snippet 1501 ended.(447828+54613x1997018).
<-><->
      
l.1520 $N \times H$
                   
Not a real error.

[1501]
./_9AD8_7B49_4EE3_65702_20note.md.tex:1521: Preview: Snippet 1502 started.
<-><->
      
l.1521 $
        (n,h)(n'h')=(n \phi_h(n'),hh')$
Not a real error.

./_9AD8_7B49_4EE3_65702_20note.md.tex:1521: Preview: Snippet 1502 ended.(492688+163840x8044629).
<-><->
      
l.1521 $(n,h)(n'h')=(n \phi_h(n'),hh')$
                                       
Not a real error.

[1502]
./_9AD8_7B49_4EE3_65702_20note.md.tex:1522: Preview: Snippet 1503 started.
<-><->
      
l.1522 $
        N \rtimes_\phi H$
Not a real error.

./_9AD8_7B49_4EE3_65702_20note.md.tex:1522: Undefined control sequence.
l.1522 $N \rtimes
                 _\phi H$
The control sequence at the end of the top line
of your error message was never \def'ed. If you have
misspelled it (e.g., `\hobx'), type `I' and the correct
spelling (e.g., `I\hbox'). Otherwise just continue,
and I'll forget about whatever was undefined.

./_9AD8_7B49_4EE3_65702_20note.md.tex:1522: Preview: Snippet 1503 ended.(447828+187504x1472464).
<-><->
      
l.1522 $N \rtimes_\phi H$
                         
Not a real error.

[1503]
./_9AD8_7B49_4EE3_65702_20note.md.tex:1523: Preview: Snippet 1504 started.
<-><->
      
l.1523 $
        N \rtimes H$
Not a real error.

./_9AD8_7B49_4EE3_65702_20note.md.tex:1523: Undefined control sequence.
l.1523 $N \rtimes
                  H$
The control sequence at the end of the top line
of your error message was never \def'ed. If you have
misspelled it (e.g., `\hobx'), type `I' and the correct
spelling (e.g., `I\hbox'). Otherwise just continue,
and I'll forget about whatever was undefined.

./_9AD8_7B49_4EE3_65702_20note.md.tex:1523: Preview: Snippet 1504 ended.(447828+0x1196028).
<-><->
      
l.1523 $N \rtimes H$
                    
Not a real error.

[1504]
./_9AD8_7B49_4EE3_65702_20note.md.tex:1524: Preview: Snippet 1505 started.
<-><->
      
l.1524 $
        G$
Not a real error.

./_9AD8_7B49_4EE3_65702_20note.md.tex:1524: Preview: Snippet 1505 ended.(447828+0x515276).
<-><->
      
l.1524 $G$
          
Not a real error.

[1505]
./_9AD8_7B49_4EE3_65702_20note.md.tex:1525: Preview: Snippet 1506 started.
<-><->
      
l.1525 $
        N \hookrightarrow G \hookleftarrow H$
Not a real error.

./_9AD8_7B49_4EE3_65702_20note.md.tex:1525: Preview: Snippet 1506 ended.(447828+0x3895828).
<-><->
      
l.1525 $N \hookrightarrow G \hookleftarrow H$
                                             
Not a real error.

[1506]
./_9AD8_7B49_4EE3_65702_20note.md.tex:1526: Preview: Snippet 1507 started.
<-><->
      
l.1526 $
        N \triangleleft G$
Not a real error.

./_9AD8_7B49_4EE3_65702_20note.md.tex:1526: Preview: Snippet 1507 ended.(447828+0x1732235).
<-><->
      
l.1526 $N \triangleleft G$
                          
Not a real error.

[1507]
./_9AD8_7B49_4EE3_65702_20note.md.tex:1527: Preview: Snippet 1508 started.
<-><->
      
l.1527 $
        g \in G$
Not a real error.

./_9AD8_7B49_4EE3_65702_20note.md.tex:1527: Preview: Snippet 1508 ended.(447828+127431x1652363).
<-><->
      
l.1527 $g \in G$
                
Not a real error.

[1508]
./_9AD8_7B49_4EE3_65702_20note.md.tex:1528: Preview: Snippet 1509 started.
<-><->
      
l.1528 $
        nh$
Not a real error.

./_9AD8_7B49_4EE3_65702_20note.md.tex:1528: Preview: Snippet 1509 ended.(455111+0x770961).
<-><->
      
l.1528 $nh$
           
Not a real error.

[1509]
./_9AD8_7B49_4EE3_65702_20note.md.tex:1529: Preview: Snippet 1510 started.
<-><->
      
l.1529 $
        G$
Not a real error.

./_9AD8_7B49_4EE3_65702_20note.md.tex:1529: Preview: Snippet 1510 ended.(447828+0x515276).
<-><->
      
l.1529 $G$
          
Not a real error.

[1510]
./_9AD8_7B49_4EE3_65702_20note.md.tex:1530: Preview: Snippet 1511 started.
<-><->
      
l.1530 $
        N,H$
Not a real error.

./_9AD8_7B49_4EE3_65702_20note.md.tex:1530: Preview: Snippet 1511 ended.(447828+127431x1450888).
<-><->
      
l.1530 $N,H$
            
Not a real error.

[1511]
./_9AD8_7B49_4EE3_65702_20note.md.tex:1531: Preview: Snippet 1512 started.
<-><->
      
l.1531 $
        G$
Not a real error.

./_9AD8_7B49_4EE3_65702_20note.md.tex:1531: Preview: Snippet 1512 ended.(447828+0x515276).
<-><->
      
l.1531 $G$
          
Not a real error.

[1512]
./_9AD8_7B49_4EE3_65702_20note.md.tex:1532: Preview: Snippet 1513 started.
<-><->
      
l.1532 $
        N \rtimes H$
Not a real error.

./_9AD8_7B49_4EE3_65702_20note.md.tex:1532: Undefined control sequence.
l.1532 $N \rtimes
                  H$
The control sequence at the end of the top line
of your error message was never \def'ed. If you have
misspelled it (e.g., `\hobx'), type `I' and the correct
spelling (e.g., `I\hbox'). Otherwise just continue,
and I'll forget about whatever was undefined.

./_9AD8_7B49_4EE3_65702_20note.md.tex:1532: Preview: Snippet 1513 ended.(447828+0x1196028).
<-><->
      
l.1532 $N \rtimes H$
                    
Not a real error.

[1513]
./_9AD8_7B49_4EE3_65702_20note.md.tex:1533: Preview: Snippet 1514 started.
<-><->
      
l.1533 $
        \phi$
Not a real error.

./_9AD8_7B49_4EE3_65702_20note.md.tex:1533: Preview: Snippet 1514 ended.(455111+127431x390486).
<-><->
      
l.1533 $\phi$
             
Not a real error.

[1514]
./_9AD8_7B49_4EE3_65702_20note.md.tex:1534: Preview: Snippet 1515 started.
<-><->
      
l.1534 $
        N \rtimes H \simeq G$
Not a real error.

./_9AD8_7B49_4EE3_65702_20note.md.tex:1534: Undefined control sequence.
l.1534 $N \rtimes
                  H \simeq G$
The control sequence at the end of the top line
of your error message was never \def'ed. If you have
misspelled it (e.g., `\hobx'), type `I' and the correct
spelling (e.g., `I\hbox'). Otherwise just continue,
and I'll forget about whatever was undefined.

./_9AD8_7B49_4EE3_65702_20note.md.tex:1534: Preview: Snippet 1515 ended.(447828+0x2585110).
<-><->
      
l.1534 $N \rtimes H \simeq G$
                             
Not a real error.

[1515]
./_9AD8_7B49_4EE3_65702_20note.md.tex:1535: Preview: Snippet 1516 started.
<-><->
      
l.1535 $
        N \cap H =\{1\}$
Not a real error.

./_9AD8_7B49_4EE3_65702_20note.md.tex:1535: Preview: Snippet 1516 ended.(491520+163840x3781049).
<-><->
      
l.1535 $N \cap H =\{1\}$
                        
Not a real error.

[1516]
./_9AD8_7B49_4EE3_65702_20note.md.tex:1536: Preview: Snippet 1517 started.
<-><->
      
l.1536 $
        N \triangleleft G$
Not a real error.

./_9AD8_7B49_4EE3_65702_20note.md.tex:1536: Preview: Snippet 1517 ended.(447828+0x1732235).
<-><->
      
l.1536 $N \triangleleft G$
                          
Not a real error.

[1517]
./_9AD8_7B49_4EE3_65702_20note.md.tex:1537: Preview: Snippet 1518 started.
<-><->
      
l.1537 $
        G=NH$
Not a real error.

./_9AD8_7B49_4EE3_65702_20note.md.tex:1537: Preview: Snippet 1518 ended.(447828+0x2585110).
<-><->
      
l.1537 $G=NH$
             
Not a real error.

[1518]
./_9AD8_7B49_4EE3_65702_20note.md.tex:1538: Preview: Snippet 1519 started.
<-><->
      
l.1538 $
        Ad:H \rightarrow Aut(N)$
Not a real error.

./_9AD8_7B49_4EE3_65702_20note.md.tex:1538: Preview: Snippet 1519 ended.(491520+163840x5207292).
<-><->
      
l.1538 $Ad:H \rightarrow Aut(N)$
                                
Not a real error.

[1519]
./_9AD8_7B49_4EE3_65702_20note.md.tex:1539: Preview: Snippet 1520 started.
<-><->
      
l.1539 $
        Ad_h(n)=hnh^{-1}$
Not a real error.

./_9AD8_7B49_4EE3_65702_20note.md.tex:1539: Preview: Snippet 1520 ended.(533465+163840x4801276).
<-><->
      
l.1539 $Ad_h(n)=hnh^{-1}$
                         
Not a real error.

[1520]
./_9AD8_7B49_4EE3_65702_20note.md.tex:1540: Preview: Snippet 1521 started.
<-><->
      
l.1540 $
        N \rtimes_{Ad} H \simeq G$
Not a real error.

./_9AD8_7B49_4EE3_65702_20note.md.tex:1540: Undefined control sequence.
l.1540 $N \rtimes
                 _{Ad} H \simeq G$
The control sequence at the end of the top line
of your error message was never \def'ed. If you have
misspelled it (e.g., `\hobx'), type `I' and the correct
spelling (e.g., `I\hbox'). Otherwise just continue,
and I'll forget about whatever was undefined.

./_9AD8_7B49_4EE3_65702_20note.md.tex:1540: Preview: Snippet 1521 ended.(447828+98303x3213373).
<-><->
      
l.1540 $N \rtimes_{Ad} H \simeq G$
                                  
Not a real error.

[1521]
./_9AD8_7B49_4EE3_65702_20note.md.tex:1541: Preview: Snippet 1522 started.
<-><->
      
l.1541 $
        (n,h) \mapsto nh$
Not a real error.

./_9AD8_7B49_4EE3_65702_20note.md.tex:1541: Preview: Snippet 1522 ended.(491520+163840x3362358).
<-><->
      
l.1541 $(n,h) \mapsto nh$
                         
Not a real error.

[1522]
./_9AD8_7B49_4EE3_65702_20note.md.tex:1542: Preview: Snippet 1523 started.
<-><->
      
l.1542 $
        \Phi$
Not a real error.

./_9AD8_7B49_4EE3_65702_20note.md.tex:1542: Preview: Snippet 1523 ended.(447828+0x473316).
<-><->
      
l.1542 $\Phi$
             
Not a real error.

[1523]
./_9AD8_7B49_4EE3_65702_20note.md.tex:1543: Preview: Snippet 1524 started.
<-><->
      
l.1543 $
        \Phi((n,h)(n'h'))=\Phi(nAd(n'),hh')=nhn'h'=\Phi((n,h))\Phi((n',h'))$
Not a real error.

./_9AD8_7B49_4EE3_65702_20note.md.tex:1543: Preview: Snippet 1524 ended.(492688+163840x18738527).
<-><->
      
l.1543 ...'),hh')=nhn'h'=\Phi((n,h))\Phi((n',h'))$
                                                  
Not a real error.

[1524]
./_9AD8_7B49_4EE3_65702_20note.md.tex:1544: Preview: Snippet 1525 started.
<-><->
      
l.1544 $
        \Phi((n,h))=1$
Not a real error.

./_9AD8_7B49_4EE3_65702_20note.md.tex:1544: Preview: Snippet 1525 ended.(491520+163840x3756485).
<-><->
      
l.1544 $\Phi((n,h))=1$
                      
Not a real error.

[1525]
./_9AD8_7B49_4EE3_65702_20note.md.tex:1545: Preview: Snippet 1526 started.
<-><->
      
l.1545 $
        nh=1$
Not a real error.

./_9AD8_7B49_4EE3_65702_20note.md.tex:1545: Preview: Snippet 1526 ended.(455111+0x1972448).
<-><->
      
l.1545 $nh=1$
             
Not a real error.

[1526]
./_9AD8_7B49_4EE3_65702_20note.md.tex:1546: Preview: Snippet 1527 started.
<-><->
      
l.1546 $
        n=h^{-1} \in N \cap H =\{1\}$
Not a real error.

./_9AD8_7B49_4EE3_65702_20note.md.tex:1546: Preview: Snippet 1527 ended.(533465+163840x6930408).
<-><->
      
l.1546 $n=h^{-1} \in N \cap H =\{1\}$
                                     
Not a real error.

[1527]
./_9AD8_7B49_4EE3_65702_20note.md.tex:1547: Preview: Snippet 1528 started.
<-><->
      
l.1547 $
        S_n=A_n \rtimes \langle \tau \rangle$
Not a real error.

./_9AD8_7B49_4EE3_65702_20note.md.tex:1547: Undefined control sequence.
l.1547 $S_n=A_n \rtimes
                        \langle \tau \rangle$
The control sequence at the end of the top line
of your error message was never \def'ed. If you have
misspelled it (e.g., `\hobx'), type `I' and the correct
spelling (e.g., `I\hbox'). Otherwise just continue,
and I'll forget about whatever was undefined.

./_9AD8_7B49_4EE3_65702_20note.md.tex:1547: Preview: Snippet 1528 ended.(491520+163840x3351060).
<-><->
      
l.1547 $S_n=A_n \rtimes \langle \tau \rangle$
                                             
Not a real error.

[1528]
./_9AD8_7B49_4EE3_65702_20note.md.tex:1548: Preview: Snippet 1529 started.
<-><->
      
l.1548 $
        \langle \tau \rangle=\{id,\tau\}$
Not a real error.

./_9AD8_7B49_4EE3_65702_20note.md.tex:1548: Preview: Snippet 1529 ended.(491520+163840x3618401).
<-><->
      
l.1548 $\langle \tau \rangle=\{id,\tau\}$
                                         
Not a real error.

[1529]
./_9AD8_7B49_4EE3_65702_20note.md.tex:1549: Preview: Snippet 1530 started.
<-><->
      
l.1549 $
        n > 2$
Not a real error.

./_9AD8_7B49_4EE3_65702_20note.md.tex:1549: Preview: Snippet 1530 ended.(422343+25623x1594857).
<-><->
      
l.1549 $n > 2$
              
Not a real error.

[1530]
./_9AD8_7B49_4EE3_65702_20note.md.tex:1550: Preview: Snippet 1531 started.
<-><->
      
l.1550 $
        S_n \not\simeq A_n \times \mathbb{Z}/2\mathbb{Z}$
Not a real error.

./_9AD8_7B49_4EE3_65702_20note.md.tex:1550: Preview: Snippet 1531 ended.(491520+163840x4810826).
<-><->
      
l.1550 ...simeq A_n \times \mathbb{Z}/2\mathbb{Z}$
                                                  
Not a real error.

[1531]
./_9AD8_7B49_4EE3_65702_20note.md.tex:1551: Preview: Snippet 1532 started.
<-><->
      
l.1551 $
        O(2):=\{\text{orthogonal transformation on } \mathbb{R}^2\} \triangl...
Not a real error.

./_9AD8_7B49_4EE3_65702_20note.md.tex:1551: Preview: Snippet 1532 ended.(533465+163840x14569357).
<-><->
      
l.1551 ...n } \mathbb{R}^2\} \triangleright so(2)$
                                                  
Not a real error.

[1532]
./_9AD8_7B49_4EE3_65702_20note.md.tex:1552: Preview: Snippet 1533 started.
<-><->
      
l.1552 $
        D_n$
Not a real error.

./_9AD8_7B49_4EE3_65702_20note.md.tex:1552: Preview: Snippet 1533 ended.(447828+98303x899317).
<-><->
      
l.1552 $D_n$
            
Not a real error.

[1533]
./_9AD8_7B49_4EE3_65702_20note.md.tex:1553: Preview: Snippet 1534 started.
<-><->
      
l.1553 $
        D_{2n}=\langle \sigma \rangle \rtimes \langle \tau \rangle$
Not a real error.

./_9AD8_7B49_4EE3_65702_20note.md.tex:1553: Undefined control sequence.
l.1553 $D_{2n}=\langle \sigma \rangle \rtimes
                                              \langle \tau \rangle$
The control sequence at the end of the top line
of your error message was never \def'ed. If you have
misspelled it (e.g., `\hobx'), type `I' and the correct
spelling (e.g., `I\hbox'). Otherwise just continue,
and I'll forget about whatever was undefined.

./_9AD8_7B49_4EE3_65702_20note.md.tex:1553: Preview: Snippet 1534 ended.(491520+163840x3812480).
<-><->
      
l.1553 ...ma \rangle \rtimes \langle \tau \rangle$
                                                  
Not a real error.

[1534]
./_9AD8_7B49_4EE3_65702_20note.md.tex:1554: Preview: Snippet 1535 started.
<-><->
      
l.1554 $
        F$
Not a real error.

./_9AD8_7B49_4EE3_65702_20note.md.tex:1554: Preview: Snippet 1535 ended.(447828+0x512456).
<-><->
      
l.1554 $F$
          
Not a real error.

[1535]
./_9AD8_7B49_4EE3_65702_20note.md.tex:1555: Preview: Snippet 1536 started.
<-><->
      
l.1555 $
        F$
Not a real error.

./_9AD8_7B49_4EE3_65702_20note.md.tex:1555: Preview: Snippet 1536 ended.(447828+0x512456).
<-><->
      
l.1555 $F$
          
Not a real error.

[1536]
./_9AD8_7B49_4EE3_65702_20note.md.tex:1556: Preview: Snippet 1537 started.
<-><->
      
l.1556 $
        \cdot:F \times V \rightarrow V$
Not a real error.

./_9AD8_7B49_4EE3_65702_20note.md.tex:1556: Preview: Snippet 1537 ended.(447828+54613x4116915).
<-><->
      
l.1556 $\cdot:F \times V \rightarrow V$
                                       
Not a real error.

[1537]
./_9AD8_7B49_4EE3_65702_20note.md.tex:1557: Preview: Snippet 1538 started.
<-><->
      
l.1557 $
        t(v_1+v_2)=tv_1+tv_2,\, \forall t \in F$
Not a real error.

./_9AD8_7B49_4EE3_65702_20note.md.tex:1557: Preview: Snippet 1538 ended.(491520+163840x8456855).
<-><->
      
l.1557 $t(v_1+v_2)=tv_1+tv_2,\, \forall t \in F$
                                                
Not a real error.

[1538]
./_9AD8_7B49_4EE3_65702_20note.md.tex:1558: Preview: Snippet 1539 started.
<-><->
      
l.1558 $
        (t_1+t_2)v=t_1v+t_2v$
Not a real error.

./_9AD8_7B49_4EE3_65702_20note.md.tex:1558: Preview: Snippet 1539 ended.(491520+163840x6131699).
<-><->
      
l.1558 $(t_1+t_2)v=t_1v+t_2v$
                             
Not a real error.

[1539]
./_9AD8_7B49_4EE3_65702_20note.md.tex:1559: Preview: Snippet 1540 started.
<-><->
      
l.1559 $
        (t_1t_2)v=t_1(t_2v)$
Not a real error.

./_9AD8_7B49_4EE3_65702_20note.md.tex:1559: Preview: Snippet 1540 ended.(491520+163840x4698264).
<-><->
      
l.1559 $(t_1t_2)v=t_1(t_2v)$
                            
Not a real error.

[1540]
./_9AD8_7B49_4EE3_65702_20note.md.tex:1560: Preview: Snippet 1541 started.
<-><->
      
l.1560 $
        1_Fv=v$
Not a real error.

./_9AD8_7B49_4EE3_65702_20note.md.tex:1560: Preview: Snippet 1541 ended.(422343+98303x2319529).
<-><->
      
l.1560 $1_Fv=v$
               
Not a real error.

[1541]
./_9AD8_7B49_4EE3_65702_20note.md.tex:1561: Preview: Snippet 1542 started.
<-><->
      
l.1561 $
        F$
Not a real error.

./_9AD8_7B49_4EE3_65702_20note.md.tex:1561: Preview: Snippet 1542 ended.(447828+0x512456).
<-><->
      
l.1561 $F$
          
Not a real error.

[1542]
./_9AD8_7B49_4EE3_65702_20note.md.tex:1562: Preview: Snippet 1543 started.
<-><->
      
l.1562 $
        R$
Not a real error.

./_9AD8_7B49_4EE3_65702_20note.md.tex:1562: Preview: Snippet 1543 ended.(447828+0x502671).
<-><->
      
l.1562 $R$
          
Not a real error.

[1543]
./_9AD8_7B49_4EE3_65702_20note.md.tex:1563: Preview: Snippet 1544 started.
<-><->
      
l.1563 $
        R$
Not a real error.

./_9AD8_7B49_4EE3_65702_20note.md.tex:1563: Preview: Snippet 1544 ended.(447828+0x502671).
<-><->
      
l.1563 $R$
          
Not a real error.

[1544]
./_9AD8_7B49_4EE3_65702_20note.md.tex:1564: Preview: Snippet 1545 started.
<-><->
      
l.1564 $
        (M,+)$
Not a real error.

./_9AD8_7B49_4EE3_65702_20note.md.tex:1564: Preview: Snippet 1545 ended.(491520+163840x1981554).
<-><->
      
l.1564 $(M,+)$
              
Not a real error.

[1545]
./_9AD8_7B49_4EE3_65702_20note.md.tex:1565: Preview: Snippet 1546 started.
<-><->
      
l.1565 $
        R \times M \rightarrow M$
Not a real error.

./_9AD8_7B49_4EE3_65702_20note.md.tex:1565: Preview: Snippet 1546 ended.(447828+54613x3737586).
<-><->
      
l.1565 $R \times M \rightarrow M$
                                 
Not a real error.

[1546]
./_9AD8_7B49_4EE3_65702_20note.md.tex:1566: Preview: Snippet 1547 started.
<-><->
      
l.1566 $
        R \rightarrow End(M)$
Not a real error.

./_9AD8_7B49_4EE3_65702_20note.md.tex:1566: Preview: Snippet 1547 ended.(491520+163840x3995112).
<-><->
      
l.1566 $R \rightarrow End(M)$
                             
Not a real error.

[1547]
./_9AD8_7B49_4EE3_65702_20note.md.tex:1567: Preview: Snippet 1548 started.
<-><->
      
l.1567 $
        R$
Not a real error.

./_9AD8_7B49_4EE3_65702_20note.md.tex:1567: Preview: Snippet 1548 ended.(447828+0x502671).
<-><->
      
l.1567 $R$
          
Not a real error.

[1548]
./_9AD8_7B49_4EE3_65702_20note.md.tex:1568: Preview: Snippet 1549 started.
<-><->
      
l.1568 $
        R \rightarrow End(M)^{op}$
Not a real error.

./_9AD8_7B49_4EE3_65702_20note.md.tex:1568: Preview: Snippet 1549 ended.(491520+163840x4556727).
<-><->
      
l.1568 $R \rightarrow End(M)^{op}$
                                  
Not a real error.

[1549]
./_9AD8_7B49_4EE3_65702_20note.md.tex:1569: Preview: Snippet 1550 started.
<-><->
      
l.1569 $
        R$
Not a real error.

./_9AD8_7B49_4EE3_65702_20note.md.tex:1569: Preview: Snippet 1550 ended.(447828+0x502671).
<-><->
      
l.1569 $R$
          
Not a real error.

[1550]
./_9AD8_7B49_4EE3_65702_20note.md.tex:1570: Preview: Snippet 1551 started.
<-><->
      
l.1570 $
        R^{op}$
Not a real error.

./_9AD8_7B49_4EE3_65702_20note.md.tex:1570: Preview: Snippet 1551 ended.(447828+0x1064286).
<-><->
      
l.1570 $R^{op}$
               
Not a real error.

[1551]
./_9AD8_7B49_4EE3_65702_20note.md.tex:1571: Preview: Snippet 1552 started.
<-><->
      
l.1571 $
        F$
Not a real error.

./_9AD8_7B49_4EE3_65702_20note.md.tex:1571: Preview: Snippet 1552 ended.(447828+0x512456).
<-><->
      
l.1571 $F$
          
Not a real error.

[1552]
./_9AD8_7B49_4EE3_65702_20note.md.tex:1572: Preview: Snippet 1553 started.
<-><->
      
l.1572 $
        F$
Not a real error.

./_9AD8_7B49_4EE3_65702_20note.md.tex:1572: Preview: Snippet 1553 ended.(447828+0x512456).
<-><->
      
l.1572 $F$
          
Not a real error.

[1553]
./_9AD8_7B49_4EE3_65702_20note.md.tex:1573: Preview: Snippet 1554 started.
<-><->
      
l.1573 $
        F$
Not a real error.

./_9AD8_7B49_4EE3_65702_20note.md.tex:1573: Preview: Snippet 1554 ended.(447828+0x512456).
<-><->
      
l.1573 $F$
          
Not a real error.

[1554]
./_9AD8_7B49_4EE3_65702_20note.md.tex:1574: Preview: Snippet 1555 started.
<-><->
      
l.1574 $
        R$
Not a real error.

./_9AD8_7B49_4EE3_65702_20note.md.tex:1574: Preview: Snippet 1555 ended.(447828+0x502671).
<-><->
      
l.1574 $R$
          
Not a real error.

[1555]
./_9AD8_7B49_4EE3_65702_20note.md.tex:1575: Preview: Snippet 1556 started.
<-><->
      
l.1575 $
        R$
Not a real error.

./_9AD8_7B49_4EE3_65702_20note.md.tex:1575: Preview: Snippet 1556 ended.(447828+0x502671).
<-><->
      
l.1575 $R$
          
Not a real error.

[1556]
./_9AD8_7B49_4EE3_65702_20note.md.tex:1576: Preview: Snippet 1557 started.
<-><->
      
l.1576 $
        R=\mathbb{Z}$
Not a real error.

./_9AD8_7B49_4EE3_65702_20note.md.tex:1576: Preview: Snippet 1557 ended.(451470+0x1813385).
<-><->
      
l.1576 $R=\mathbb{Z}$
                     
Not a real error.

[1557]
./_9AD8_7B49_4EE3_65702_20note.md.tex:1577: Preview: Snippet 1558 started.
<-><->
      
l.1577 $
        \mathbb{Z}$
Not a real error.

./_9AD8_7B49_4EE3_65702_20note.md.tex:1577: Preview: Snippet 1558 ended.(451470+0x436908).
<-><->
      
l.1577 $\mathbb{Z}$
                   
Not a real error.

[1558]
./_9AD8_7B49_4EE3_65702_20note.md.tex:1578: Preview: Snippet 1559 started.
<-><->
      
l.1578 $
        M_1,M_2$
Not a real error.

./_9AD8_7B49_4EE3_65702_20note.md.tex:1578: Preview: Snippet 1559 ended.(447828+127431x2150857).
<-><->
      
l.1578 $M_1,M_2$
                
Not a real error.

[1559]
./_9AD8_7B49_4EE3_65702_20note.md.tex:1579: Preview: Snippet 1560 started.
<-><->
      
l.1579 $
        R$
Not a real error.

./_9AD8_7B49_4EE3_65702_20note.md.tex:1579: Preview: Snippet 1560 ended.(447828+0x502671).
<-><->
      
l.1579 $R$
          
Not a real error.

[1560]
./_9AD8_7B49_4EE3_65702_20note.md.tex:1580: Preview: Snippet 1561 started.
<-><->
      
l.1580 $
        f:M_1 \rightarrow M_2$
Not a real error.

./_9AD8_7B49_4EE3_65702_20note.md.tex:1580: Preview: Snippet 1561 ended.(455111+127431x3816552).
<-><->
      
l.1580 $f:M_1 \rightarrow M_2$
                              
Not a real error.

[1561]
./_9AD8_7B49_4EE3_65702_20note.md.tex:1581: Preview: Snippet 1562 started.
<-><->
      
l.1581 $
        Hom(M_1,M_2)$
Not a real error.

./_9AD8_7B49_4EE3_65702_20note.md.tex:1581: Preview: Snippet 1562 ended.(491520+163840x4151680).
<-><->
      
l.1581 $Hom(M_1,M_2)$
                     
Not a real error.

[1562]
./_9AD8_7B49_4EE3_65702_20note.md.tex:1582: Preview: Snippet 1563 started.
<-><->
      
l.1582 $
        M_1 \rightarrow M_2$
Not a real error.

./_9AD8_7B49_4EE3_65702_20note.md.tex:1582: Preview: Snippet 1563 ended.(447828+98303x2879029).
<-><->
      
l.1582 $M_1 \rightarrow M_2$
                            
Not a real error.

[1563]
./_9AD8_7B49_4EE3_65702_20note.md.tex:1583: Preview: Snippet 1564 started.
<-><->
      
l.1583 $
        m \mapsto 0$
Not a real error.

./_9AD8_7B49_4EE3_65702_20note.md.tex:1583: Preview: Snippet 1564 ended.(422343+0x1922537).
<-><->
      
l.1583 $m \mapsto 0$
                    
Not a real error.

[1564]
./_9AD8_7B49_4EE3_65702_20note.md.tex:1584: Preview: Snippet 1565 started.
<-><->
      
l.1584 $
        R$
Not a real error.

./_9AD8_7B49_4EE3_65702_20note.md.tex:1584: Preview: Snippet 1565 ended.(447828+0x502671).
<-><->
      
l.1584 $R$
          
Not a real error.

[1565]
./_9AD8_7B49_4EE3_65702_20note.md.tex:1585: Preview: Snippet 1566 started.
<-><->
      
l.1585 $
        Hom(M_1,M_2)$
Not a real error.

./_9AD8_7B49_4EE3_65702_20note.md.tex:1585: Preview: Snippet 1566 ended.(491520+163840x4151680).
<-><->
      
l.1585 $Hom(M_1,M_2)$
                     
Not a real error.

[1566]
./_9AD8_7B49_4EE3_65702_20note.md.tex:1586: Preview: Snippet 1567 started.
<-><->
      
l.1586 $
        R$
Not a real error.

./_9AD8_7B49_4EE3_65702_20note.md.tex:1586: Preview: Snippet 1567 ended.(447828+0x502671).
<-><->
      
l.1586 $R$
          
Not a real error.

[1567]
./_9AD8_7B49_4EE3_65702_20note.md.tex:1587: Preview: Snippet 1568 started.
<-><->
      
l.1587 $
        Hom(M_1,M_2)$
Not a real error.

./_9AD8_7B49_4EE3_65702_20note.md.tex:1587: Preview: Snippet 1568 ended.(491520+163840x4151680).
<-><->
      
l.1587 $Hom(M_1,M_2)$
                     
Not a real error.

[1568]
./_9AD8_7B49_4EE3_65702_20note.md.tex:1588: Preview: Snippet 1569 started.
<-><->
      
l.1588 $
        R$
Not a real error.

./_9AD8_7B49_4EE3_65702_20note.md.tex:1588: Preview: Snippet 1569 ended.(447828+0x502671).
<-><->
      
l.1588 $R$
          
Not a real error.

[1569]
./_9AD8_7B49_4EE3_65702_20note.md.tex:1589: Preview: Snippet 1570 started.
<-><->
      
l.1589 $
        M$
Not a real error.

./_9AD8_7B49_4EE3_65702_20note.md.tex:1589: Preview: Snippet 1570 ended.(447828+0x707242).
<-><->
      
l.1589 $M$
          
Not a real error.

[1570]
./_9AD8_7B49_4EE3_65702_20note.md.tex:1590: Preview: Snippet 1571 started.
<-><->
      
l.1590 $
        M'$
Not a real error.

./_9AD8_7B49_4EE3_65702_20note.md.tex:1590: Preview: Snippet 1571 ended.(492688+0x891107).
<-><->
      
l.1590 $M'$
           
Not a real error.

[1571]
./_9AD8_7B49_4EE3_65702_20note.md.tex:1591: Preview: Snippet 1572 started.
<-><->
      
l.1591 $
        f:M \rightarrow M'$
Not a real error.

./_9AD8_7B49_4EE3_65702_20note.md.tex:1591: Preview: Snippet 1572 ended.(492688+127431x3555313).
<-><->
      
l.1591 $f:M \rightarrow M'$
                           
Not a real error.

[1572]
./_9AD8_7B49_4EE3_65702_20note.md.tex:1592: Preview: Snippet 1573 started.
<-><->
      
l.1592 $
        \exists g:M' \rightarrow M$
Not a real error.

./_9AD8_7B49_4EE3_65702_20note.md.tex:1592: Preview: Snippet 1573 ended.(492688+127431x3864104).
<-><->
      
l.1592 $\exists g:M' \rightarrow M$
                                   
Not a real error.

[1573]
./_9AD8_7B49_4EE3_65702_20note.md.tex:1593: Preview: Snippet 1574 started.
<-><->
      
l.1593 $
        fg=id_M,\,gf=id_{M'}$
Not a real error.

./_9AD8_7B49_4EE3_65702_20note.md.tex:1593: Preview: Snippet 1574 ended.(455111+127431x6077586).
<-><->
      
l.1593 $fg=id_M,\,gf=id_{M'}$
                             
Not a real error.

[1574]
./_9AD8_7B49_4EE3_65702_20note.md.tex:1594: Preview: Snippet 1575 started.
<-><->
      
l.1594 $
        M \simeq M'$
Not a real error.

./_9AD8_7B49_4EE3_65702_20note.md.tex:1594: Preview: Snippet 1575 ended.(492688+0x2472155).
<-><->
      
l.1594 $M \simeq M'$
                    
Not a real error.

[1575]
./_9AD8_7B49_4EE3_65702_20note.md.tex:1595: Preview: Snippet 1576 started.
<-><->
      
l.1595 $
        M$
Not a real error.

./_9AD8_7B49_4EE3_65702_20note.md.tex:1595: Preview: Snippet 1576 ended.(447828+0x707242).
<-><->
      
l.1595 $M$
          
Not a real error.

[1576]
./_9AD8_7B49_4EE3_65702_20note.md.tex:1596: Preview: Snippet 1577 started.
<-><->
      
l.1596 $
        M'$
Not a real error.

./_9AD8_7B49_4EE3_65702_20note.md.tex:1596: Preview: Snippet 1577 ended.(492688+0x891107).
<-><->
      
l.1596 $M'$
           
Not a real error.

[1577]
./_9AD8_7B49_4EE3_65702_20note.md.tex:1597: Preview: Snippet 1578 started.
<-><->
      
l.1597 $
        f: M \rightarrow M'$
Not a real error.

./_9AD8_7B49_4EE3_65702_20note.md.tex:1597: Preview: Snippet 1578 ended.(492688+127431x3555313).
<-><->
      
l.1597 $f: M \rightarrow M'$
                            
Not a real error.

[1578]
./_9AD8_7B49_4EE3_65702_20note.md.tex:1598: Preview: Snippet 1579 started.
<-><->
      
l.1598 $
        f:M \rightarrow M'$
Not a real error.

./_9AD8_7B49_4EE3_65702_20note.md.tex:1598: Preview: Snippet 1579 ended.(492688+127431x3555313).
<-><->
      
l.1598 $f:M \rightarrow M'$
                           
Not a real error.

[1579]
./_9AD8_7B49_4EE3_65702_20note.md.tex:1599: Preview: Snippet 1580 started.
<-><->
      
l.1599 $
        f$
Not a real error.

./_9AD8_7B49_4EE3_65702_20note.md.tex:1599: Preview: Snippet 1580 ended.(455111+127431x391398).
<-><->
      
l.1599 $f$
          
Not a real error.

[1580]
./_9AD8_7B49_4EE3_65702_20note.md.tex:1600: Preview: Snippet 1581 started.
<-><->
      
l.1600 $
        f$
Not a real error.

./_9AD8_7B49_4EE3_65702_20note.md.tex:1600: Preview: Snippet 1581 ended.(455111+127431x391398).
<-><->
      
l.1600 $f$
          
Not a real error.

[1581]
./_9AD8_7B49_4EE3_65702_20note.md.tex:1601: Preview: Snippet 1582 started.
<-><->
      
l.1601 $
        \simeq$
Not a real error.

./_9AD8_7B49_4EE3_65702_20note.md.tex:1601: Preview: Snippet 1582 ended.(303921+0x509726).
<-><->
      
l.1601 $\simeq$
               
Not a real error.

[1582]
./_9AD8_7B49_4EE3_65702_20note.md.tex:1602: Preview: Snippet 1583 started.
<-><->
      
l.1602 $
        N \subseteq M$
Not a real error.

./_9AD8_7B49_4EE3_65702_20note.md.tex:1602: Preview: Snippet 1583 ended.(447828+89110x2179062).
<-><->
      
l.1602 $N \subseteq M$
                      
Not a real error.

[1583]
./_9AD8_7B49_4EE3_65702_20note.md.tex:1603: Preview: Snippet 1584 started.
<-><->
      
l.1603 $
        N \leq M$
Not a real error.

./_9AD8_7B49_4EE3_65702_20note.md.tex:1603: Preview: Snippet 1584 ended.(447828+89110x2179062).
<-><->
      
l.1603 $N \leq M$
                 
Not a real error.

[1584]
./_9AD8_7B49_4EE3_65702_20note.md.tex:1604: Preview: Snippet 1585 started.
<-><->
      
l.1604 $
        R \rightarrow End(N)$
Not a real error.

./_9AD8_7B49_4EE3_65702_20note.md.tex:1604: Preview: Snippet 1585 ended.(491520+163840x3885884).
<-><->
      
l.1604 $R \rightarrow End(N)$
                             
Not a real error.

[1585]
./_9AD8_7B49_4EE3_65702_20note.md.tex:1605: Preview: Snippet 1586 started.
<-><->
      
l.1605 $
        R \rightarrow End(M)$
Not a real error.

./_9AD8_7B49_4EE3_65702_20note.md.tex:1605: Preview: Snippet 1586 ended.(491520+163840x3995112).
<-><->
      
l.1605 $R \rightarrow End(M)$
                             
Not a real error.

[1586]
./_9AD8_7B49_4EE3_65702_20note.md.tex:1606: Preview: Snippet 1587 started.
<-><->
      
l.1606 $
        R$
Not a real error.

./_9AD8_7B49_4EE3_65702_20note.md.tex:1606: Preview: Snippet 1587 ended.(447828+0x502671).
<-><->
      
l.1606 $R$
          
Not a real error.

[1587]
./_9AD8_7B49_4EE3_65702_20note.md.tex:1607: Preview: Snippet 1588 started.
<-><->
      
l.1607 $
        R=\mathbb{Z}$
Not a real error.

./_9AD8_7B49_4EE3_65702_20note.md.tex:1607: Preview: Snippet 1588 ended.(451470+0x1813385).
<-><->
      
l.1607 $R=\mathbb{Z}$
                     
Not a real error.

[1588]
./_9AD8_7B49_4EE3_65702_20note.md.tex:1608: Preview: Snippet 1589 started.
<-><->
      
l.1608 $
        R$
Not a real error.

./_9AD8_7B49_4EE3_65702_20note.md.tex:1608: Preview: Snippet 1589 ended.(447828+0x502671).
<-><->
      
l.1608 $R$
          
Not a real error.

[1589]
./_9AD8_7B49_4EE3_65702_20note.md.tex:1609: Preview: Snippet 1590 started.
<-><->
      
l.1609 $
        M=R$
Not a real error.

./_9AD8_7B49_4EE3_65702_20note.md.tex:1609: Preview: Snippet 1590 ended.(447828+0x2083719).
<-><->
      
l.1609 $M=R$
            
Not a real error.

[1590]
./_9AD8_7B49_4EE3_65702_20note.md.tex:1610: Preview: Snippet 1591 started.
<-><->
      
l.1610 $
        R$
Not a real error.

./_9AD8_7B49_4EE3_65702_20note.md.tex:1610: Preview: Snippet 1591 ended.(447828+0x502671).
<-><->
      
l.1610 $R$
          
Not a real error.

[1591]
./_9AD8_7B49_4EE3_65702_20note.md.tex:1611: Preview: Snippet 1592 started.
<-><->
      
l.1611 $
        (M_i)_{i \in I}$
Not a real error.

./_9AD8_7B49_4EE3_65702_20note.md.tex:1611: Preview: Snippet 1592 ended.(491520+163840x2202985).
<-><->
      
l.1611 $(M_i)_{i \in I}$
                        
Not a real error.

[1592]
./_9AD8_7B49_4EE3_65702_20note.md.tex:1612: Preview: Snippet 1593 started.
<-><->
      
l.1612 $
        M$
Not a real error.

./_9AD8_7B49_4EE3_65702_20note.md.tex:1612: Preview: Snippet 1593 ended.(447828+0x707242).
<-><->
      
l.1612 $M$
          
Not a real error.

[1593]
./_9AD8_7B49_4EE3_65702_20note.md.tex:1613: Preview: Snippet 1594 started.
<-><->
      
l.1613 $
        \cap_{i \in I}M_i$
Not a real error.

./_9AD8_7B49_4EE3_65702_20note.md.tex:1613: Preview: Snippet 1594 ended.(447828+133019x2130167).
<-><->
      
l.1613 $\cap_{i \in I}M_i$
                          
Not a real error.

[1594]
./_9AD8_7B49_4EE3_65702_20note.md.tex:1614: Preview: Snippet 1595 started.
<-><->
      
l.1614 $
        M$
Not a real error.

./_9AD8_7B49_4EE3_65702_20note.md.tex:1614: Preview: Snippet 1595 ended.(447828+0x707242).
<-><->
      
l.1614 $M$
          
Not a real error.

[1595]
./_9AD8_7B49_4EE3_65702_20note.md.tex:1615: Preview: Snippet 1596 started.
<-><->
      
l.1615 $
        \sum_{i \in I} M_i$
Not a real error.

./_9AD8_7B49_4EE3_65702_20note.md.tex:1615: Preview: Snippet 1596 ended.(491524+231327x2494254).
<-><->
      
l.1615 $\sum_{i \in I} M_i$
                           
Not a real error.

[1596]
./_9AD8_7B49_4EE3_65702_20note.md.tex:1616: Preview: Snippet 1597 started.
<-><->
      
l.1616 $
        M$
Not a real error.

./_9AD8_7B49_4EE3_65702_20note.md.tex:1616: Preview: Snippet 1597 ended.(447828+0x707242).
<-><->
      
l.1616 $M$
          
Not a real error.

[1597]
./_9AD8_7B49_4EE3_65702_20note.md.tex:1617: Preview: Snippet 1598 started.
<-><->
      
l.1617 $
        M$
Not a real error.

./_9AD8_7B49_4EE3_65702_20note.md.tex:1617: Preview: Snippet 1598 ended.(447828+0x707242).
<-><->
      
l.1617 $M$
          
Not a real error.

[1598]
./_9AD8_7B49_4EE3_65702_20note.md.tex:1618: Preview: Snippet 1599 started.
<-><->
      
l.1618 $
        \langle S \rangle:=\{\sum_{s \in S} r_s s:r_s \in R\}=\bigcap_{N \le...
Not a real error.

./_9AD8_7B49_4EE3_65702_20note.md.tex:1618: Preview: Snippet 1599 ended.(491524+285812x16364597).
<-><->
      
l.1618 ...q M,\ S \subseteq N} N=\sum_{s \in S}Rs$
                                                  
Not a real error.

[1599]
./_9AD8_7B49_4EE3_65702_20note.md.tex:1619: Preview: Snippet 1600 started.
<-><->
      
l.1619 $
        f:M \rightarrow M'$
Not a real error.

./_9AD8_7B49_4EE3_65702_20note.md.tex:1619: Preview: Snippet 1600 ended.(492688+127431x3555313).
<-><->
      
l.1619 $f:M \rightarrow M'$
                           
Not a real error.

[1600]
./_9AD8_7B49_4EE3_65702_20note.md.tex:1620: Preview: Snippet 1601 started.
<-><->
      
l.1620 $
        ker(f):=f^{-1}(0_{M'}) \leq M$
Not a real error.

./_9AD8_7B49_4EE3_65702_20note.md.tex:1620: Preview: Snippet 1601 ended.(533465+163840x7210266).
<-><->
      
l.1620 $ker(f):=f^{-1}(0_{M'}) \leq M$
                                      
Not a real error.

[1601]
./_9AD8_7B49_4EE3_65702_20note.md.tex:1621: Preview: Snippet 1602 started.
<-><->
      
l.1621 $
        im(f) \leq M'$
Not a real error.

./_9AD8_7B49_4EE3_65702_20note.md.tex:1621: Preview: Snippet 1602 ended.(492688+163840x3467232).
<-><->
      
l.1621 $im(f) \leq M'$
                      
Not a real error.

[1602]
./_9AD8_7B49_4EE3_65702_20note.md.tex:1622: Preview: Snippet 1603 started.
<-><->
      
l.1622 $
        R$
Not a real error.

./_9AD8_7B49_4EE3_65702_20note.md.tex:1622: Preview: Snippet 1603 ended.(447828+0x502671).
<-><->
      
l.1622 $R$
          
Not a real error.

[1603]
./_9AD8_7B49_4EE3_65702_20note.md.tex:1623: Preview: Snippet 1604 started.
<-><->
      
l.1623 $
        M:R$
Not a real error.

./_9AD8_7B49_4EE3_65702_20note.md.tex:1623: Preview: Snippet 1604 ended.(447828+0x1756038).
<-><->
      
l.1623 $M:R$
            
Not a real error.

[1604]
./_9AD8_7B49_4EE3_65702_20note.md.tex:1624: Preview: Snippet 1605 started.
<-><->
      
l.1624 $
        N$
Not a real error.

./_9AD8_7B49_4EE3_65702_20note.md.tex:1624: Preview: Snippet 1605 ended.(447828+0x598014).
<-><->
      
l.1624 $N$
          
Not a real error.

[1605]
./_9AD8_7B49_4EE3_65702_20note.md.tex:1625: Preview: Snippet 1606 started.
<-><->
      
l.1625 $
        M/N$
Not a real error.

./_9AD8_7B49_4EE3_65702_20note.md.tex:1625: Preview: Snippet 1606 ended.(491520+163840x1560119).
<-><->
      
l.1625 $M/N$
            
Not a real error.

[1606]
./_9AD8_7B49_4EE3_65702_20note.md.tex:1626: Preview: Snippet 1607 started.
<-><->
      
l.1626 $
        q:M \rightarrow M/N$
Not a real error.

./_9AD8_7B49_4EE3_65702_20note.md.tex:1626: Preview: Snippet 1607 ended.(491520+163840x4149001).
<-><->
      
l.1626 $q:M \rightarrow M/N$
                            
Not a real error.

[1607]
./_9AD8_7B49_4EE3_65702_20note.md.tex:1627: Preview: Snippet 1608 started.
<-><->
      
l.1627 $
        (M/N,+)$
Not a real error.

./_9AD8_7B49_4EE3_65702_20note.md.tex:1627: Preview: Snippet 1608 ended.(491520+163840x2834431).
<-><->
      
l.1627 $(M/N,+)$
                
Not a real error.

[1608]
./_9AD8_7B49_4EE3_65702_20note.md.tex:1628: Preview: Snippet 1609 started.
<-><->
      
l.1628 $
        R \times (M/N) \rightarrow M/N$
Not a real error.

./_9AD8_7B49_4EE3_65702_20note.md.tex:1628: Preview: Snippet 1609 ended.(491520+163840x5953066).
<-><->
      
l.1628 $R \times (M/N) \rightarrow M/N$
                                       
Not a real error.

[1609]
./_9AD8_7B49_4EE3_65702_20note.md.tex:1629: Preview: Snippet 1610 started.
<-><->
      
l.1629 $
        (r,x+N) \mapsto rx+N$
Not a real error.

./_9AD8_7B49_4EE3_65702_20note.md.tex:1629: Preview: Snippet 1610 ended.(491520+163840x5958899).
<-><->
      
l.1629 $(r,x+N) \mapsto rx+N$
                             
Not a real error.

[1610]
./_9AD8_7B49_4EE3_65702_20note.md.tex:1630: Preview: Snippet 1611 started.
<-><->
      
l.1630 $
        M/N$
Not a real error.

./_9AD8_7B49_4EE3_65702_20note.md.tex:1630: Preview: Snippet 1611 ended.(491520+163840x1560119).
<-><->
      
l.1630 $M/N$
            
Not a real error.

[1611]
./_9AD8_7B49_4EE3_65702_20note.md.tex:1631: Preview: Snippet 1612 started.
<-><->
      
l.1631 $
        R$
Not a real error.

./_9AD8_7B49_4EE3_65702_20note.md.tex:1631: Preview: Snippet 1612 ended.(447828+0x502671).
<-><->
      
l.1631 $R$
          
Not a real error.

[1612]
./_9AD8_7B49_4EE3_65702_20note.md.tex:1632: Preview: Snippet 1613 started.
<-><->
      
l.1632 $
        q$
Not a real error.

./_9AD8_7B49_4EE3_65702_20note.md.tex:1632: Preview: Snippet 1613 ended.(282168+127431x316074).
<-><->
      
l.1632 $q$
          
Not a real error.

[1613]
./_9AD8_7B49_4EE3_65702_20note.md.tex:1633: Preview: Snippet 1614 started.
<-><->
      
l.1633 $
        R$
Not a real error.

./_9AD8_7B49_4EE3_65702_20note.md.tex:1633: Preview: Snippet 1614 ended.(447828+0x502671).
<-><->
      
l.1633 $R$
          
Not a real error.

[1614]
./_9AD8_7B49_4EE3_65702_20note.md.tex:1634: Preview: Snippet 1615 started.
<-><->
      
l.1634 $
        R=\mathbb{Z}$
Not a real error.

./_9AD8_7B49_4EE3_65702_20note.md.tex:1634: Preview: Snippet 1615 ended.(451470+0x1813385).
<-><->
      
l.1634 $R=\mathbb{Z}$
                     
Not a real error.

[1615]
./_9AD8_7B49_4EE3_65702_20note.md.tex:1635: Preview: Snippet 1616 started.
<-><->
      
l.1635 $
        f:M \rightarrow M'$
Not a real error.

./_9AD8_7B49_4EE3_65702_20note.md.tex:1635: Preview: Snippet 1616 ended.(492688+127431x3555313).
<-><->
      
l.1635 $f:M \rightarrow M'$
                           
Not a real error.

[1616]
./_9AD8_7B49_4EE3_65702_20note.md.tex:1636: Preview: Snippet 1617 started.
<-><->
      
l.1636 $
        coker(f):=M'/im(f)$
Not a real error.

./_9AD8_7B49_4EE3_65702_20note.md.tex:1636: Preview: Snippet 1617 ended.(492688+163840x6460204).
<-><->
      
l.1636 $coker(f):=M'/im(f)$
                           
Not a real error.

[1617]
./_9AD8_7B49_4EE3_65702_20note.md.tex:1637: Preview: Snippet 1618 started.
<-><->
      
l.1637 $
        coim(f):=M/ker(f)$
Not a real error.

./_9AD8_7B49_4EE3_65702_20note.md.tex:1637: Preview: Snippet 1618 ended.(491520+163840x6239930).
<-><->
      
l.1637 $coim(f):=M/ker(f)$
                          
Not a real error.

[1618]
./_9AD8_7B49_4EE3_65702_20note.md.tex:1638: Preview: Snippet 1619 started.
<-><->
      
l.1638 $
        f$
Not a real error.

./_9AD8_7B49_4EE3_65702_20note.md.tex:1638: Preview: Snippet 1619 ended.(455111+127431x391398).
<-><->
      
l.1638 $f$
          
Not a real error.

[1619]
./_9AD8_7B49_4EE3_65702_20note.md.tex:1639: Preview: Snippet 1620 started.
<-><->
      
l.1639 $
        f:M \rightarrow M'$
Not a real error.

./_9AD8_7B49_4EE3_65702_20note.md.tex:1639: Preview: Snippet 1620 ended.(492688+127431x3555313).
<-><->
      
l.1639 $f:M \rightarrow M'$
                           
Not a real error.

[1620]
./_9AD8_7B49_4EE3_65702_20note.md.tex:1640: Preview: Snippet 1621 started.
<-><->
      
l.1640 $
        N \leq M$
Not a real error.

./_9AD8_7B49_4EE3_65702_20note.md.tex:1640: Preview: Snippet 1621 ended.(447828+89110x2179062).
<-><->
      
l.1640 $N \leq M$
                 
Not a real error.

[1621]
./_9AD8_7B49_4EE3_65702_20note.md.tex:1641: Preview: Snippet 1622 started.
<-><->
      
l.1641 $
        N \subseteq ker(f)$
Not a real error.

./_9AD8_7B49_4EE3_65702_20note.md.tex:1641: Preview: Snippet 1622 ended.(491520+163840x3353787).
<-><->
      
l.1641 $N \subseteq ker(f)$
                           
Not a real error.

[1622]
./_9AD8_7B49_4EE3_65702_20note.md.tex:1642: Preview: Snippet 1623 started.
<-><->
      
l.1642 $
        \bar{f}:M/N \rightarrow M'$
Not a real error.

./_9AD8_7B49_4EE3_65702_20note.md.tex:1642: Preview: Snippet 1623 ended.(545041+163840x4408190).
<-><->
      
l.1642 $\bar{f}:M/N \rightarrow M'$
                                   
Not a real error.

[1623]
./_9AD8_7B49_4EE3_65702_20note.md.tex:1643: Preview: Snippet 1624 started.
<-><->
      
l.1643 \begin{tikzcd}
                     [color=white]
Not a real error.

./_9AD8_7B49_4EE3_65702_20note.md.tex:1646: Preview: Snippet 1624 ended.(1777627+1643276x6615348).
<-><->
      
l.1646 \end{tikzcd}
                   
Not a real error.

[1624]
./_9AD8_7B49_4EE3_65702_20note.md.tex:1647: Preview: Snippet 1625 started.
<-><->
      
l.1647 $
        \bar{f}$
Not a real error.

./_9AD8_7B49_4EE3_65702_20note.md.tex:1647: Preview: Snippet 1625 ended.(545041+127431x391398).
<-><->
      
l.1647 $\bar{f}$
                
Not a real error.

[1625]
./_9AD8_7B49_4EE3_65702_20note.md.tex:1648: Preview: Snippet 1626 started.
<-><->
      
l.1648 $
        R$
Not a real error.

./_9AD8_7B49_4EE3_65702_20note.md.tex:1648: Preview: Snippet 1626 ended.(447828+0x502671).
<-><->
      
l.1648 $R$
          
Not a real error.

[1626]
./_9AD8_7B49_4EE3_65702_20note.md.tex:1649: Preview: Snippet 1627 started.
<-><->
      
l.1649 $
        \bar{f}(rx+N)=f(rx)=rf(x)=r\bar{f}(x+N)$
Not a real error.

./_9AD8_7B49_4EE3_65702_20note.md.tex:1649: Preview: Snippet 1627 ended.(545041+163840x11777650).
<-><->
      
l.1649 $\bar{f}(rx+N)=f(rx)=rf(x)=r\bar{f}(x+N)$
                                                
Not a real error.

[1627]
./_9AD8_7B49_4EE3_65702_20note.md.tex:1650: Preview: Snippet 1628 started.
<-><->
      
l.1650 $
        f:M \rightarrow M'$
Not a real error.

./_9AD8_7B49_4EE3_65702_20note.md.tex:1650: Preview: Snippet 1628 ended.(492688+127431x3555313).
<-><->
      
l.1650 $f:M \rightarrow M'$
                           
Not a real error.

[1628]
./_9AD8_7B49_4EE3_65702_20note.md.tex:1651: Preview: Snippet 1629 started.
<-><->
      
l.1651 $
        \bar{f}:M/ker(f) \simeq im(f) \subseteq M'$
Not a real error.

./_9AD8_7B49_4EE3_65702_20note.md.tex:1651: Preview: Snippet 1629 ended.(545041+163840x8159042).
<-><->
      
l.1651 ...r{f}:M/ker(f) \simeq im(f) \subseteq M'$
                                                  
Not a real error.

[1629]
./_9AD8_7B49_4EE3_65702_20note.md.tex:1652: Preview: Snippet 1630 started.
<-><->
      
l.1652 $
        M/ker(f) \simeq im(f)$
Not a real error.

./_9AD8_7B49_4EE3_65702_20note.md.tex:1652: Preview: Snippet 1630 ended.(491520+163840x5456606).
<-><->
      
l.1652 $M/ker(f) \simeq im(f)$
                              
Not a real error.

[1630]
./_9AD8_7B49_4EE3_65702_20note.md.tex:1653: Preview: Snippet 1631 started.
<-><->
      
l.1653 $
        \bar{f}$
Not a real error.

./_9AD8_7B49_4EE3_65702_20note.md.tex:1653: Preview: Snippet 1631 ended.(545041+127431x391398).
<-><->
      
l.1653 $\bar{f}$
                
Not a real error.

[1631]
./_9AD8_7B49_4EE3_65702_20note.md.tex:1654: Preview: Snippet 1632 started.
<-><->
      
l.1654 $
        R$
Not a real error.

./_9AD8_7B49_4EE3_65702_20note.md.tex:1654: Preview: Snippet 1632 ended.(447828+0x502671).
<-><->
      
l.1654 $R$
          
Not a real error.

[1632]
./_9AD8_7B49_4EE3_65702_20note.md.tex:1655: Preview: Snippet 1633 started.
<-><->
      
l.1655 $
        (M_i)_{i \in I}$
Not a real error.

./_9AD8_7B49_4EE3_65702_20note.md.tex:1655: Preview: Snippet 1633 ended.(491520+163840x2202985).
<-><->
      
l.1655 $(M_i)_{i \in I}$
                        
Not a real error.

[1633]
./_9AD8_7B49_4EE3_65702_20note.md.tex:1656: Preview: Snippet 1634 started.
<-><->
      
l.1656 $
        R$
Not a real error.

./_9AD8_7B49_4EE3_65702_20note.md.tex:1656: Preview: Snippet 1634 ended.(447828+0x502671).
<-><->
      
l.1656 $R$
          
Not a real error.

[1634]
./_9AD8_7B49_4EE3_65702_20note.md.tex:1657: Preview: Snippet 1635 started.
<-><->
      
l.1657 $
        \prod_{i \in I} M_i$
Not a real error.

./_9AD8_7B49_4EE3_65702_20note.md.tex:1657: Preview: Snippet 1635 ended.(491524+231327x2421436).
<-><->
      
l.1657 $\prod_{i \in I} M_i$
                            
Not a real error.

[1635]
./_9AD8_7B49_4EE3_65702_20note.md.tex:1658: Preview: Snippet 1636 started.
<-><->
      
l.1658 $
        R$
Not a real error.

./_9AD8_7B49_4EE3_65702_20note.md.tex:1658: Preview: Snippet 1636 ended.(447828+0x502671).
<-><->
      
l.1658 $R$
          
Not a real error.

[1636]
./_9AD8_7B49_4EE3_65702_20note.md.tex:1659: Preview: Snippet 1637 started.
<-><->
      
l.1659 $
        R \times \prod_{i \in I}M_i \rightarrow \prod_{i \in I}M_i$
Not a real error.

./_9AD8_7B49_4EE3_65702_20note.md.tex:1659: Preview: Snippet 1637 ended.(491524+231327x7165974).
<-><->
      
l.1659 ...in I}M_i \rightarrow \prod_{i \in I}M_i$
                                                  
Not a real error.

[1637]
./_9AD8_7B49_4EE3_65702_20note.md.tex:1660: Preview: Snippet 1638 started.
<-><->
      
l.1660 $
        (r,(x_i)_{i \in I}) \mapsto (rx_i)_{i \in I}$
Not a real error.

./_9AD8_7B49_4EE3_65702_20note.md.tex:1660: Preview: Snippet 1638 ended.(491520+163840x6295279).
<-><->
      
l.1660 ..._i)_{i \in I}) \mapsto (rx_i)_{i \in I}$
                                                  
Not a real error.

[1638]
./_9AD8_7B49_4EE3_65702_20note.md.tex:1661: Preview: Snippet 1639 started.
<-><->
      
l.1661 $
        \oplus_{i \in I}M_i$
Not a real error.

./_9AD8_7B49_4EE3_65702_20note.md.tex:1661: Preview: Snippet 1639 ended.(447828+133019x2202985).
<-><->
      
l.1661 $\oplus_{i \in I}M_i$
                            
Not a real error.

[1639]
./_9AD8_7B49_4EE3_65702_20note.md.tex:1662: Preview: Snippet 1640 started.
<-><->
      
l.1662 $
        \{(x_i)_{i \in I} \in \prod_{i \in I}M_i| \exists I_0 \subset I, \te...
Not a real error.

./_9AD8_7B49_4EE3_65702_20note.md.tex:1662: Preview: Snippet 1640 ended.(491524+231327x16093537).
<-><->
      
l.1662 ...s.t. } i \in I \backslash I_0,\ x_i=0\}$
                                                  
Not a real error.

[1640]
./_9AD8_7B49_4EE3_65702_20note.md.tex:1663: Preview: Snippet 1641 started.
<-><->
      
l.1663 $
        M_j \stackrel{l_j}{\longrightarrow} \bigoplus_{i \in I} M_i \subset ...
Not a real error.

./_9AD8_7B49_4EE3_65702_20note.md.tex:1663: Undefined control sequence.
<argument> \twoheadrightarrow 
                              
l.1663 ...I}M_i \stackrel{p_j}{\twoheadrightarrow}
                                                  M_j$
The control sequence at the end of the top line
of your error message was never \def'ed. If you have
misspelled it (e.g., `\hobx'), type `I' and the correct
spelling (e.g., `I\hbox'). Otherwise just continue,
and I'll forget about whatever was undefined.

./_9AD8_7B49_4EE3_65702_20note.md.tex:1663: Preview: Snippet 1641 ended.(826617+231327x9948785).
<-><->
      
l.1663 ...i \stackrel{p_j}{\twoheadrightarrow}M_j$
                                                  
Not a real error.

[1641]
./_9AD8_7B49_4EE3_65702_20note.md.tex:1664: Preview: Snippet 1642 started.
<-><->
      
l.1664 $
        M$
Not a real error.

./_9AD8_7B49_4EE3_65702_20note.md.tex:1664: Preview: Snippet 1642 ended.(447828+0x707242).
<-><->
      
l.1664 $M$
          
Not a real error.

[1642]
./_9AD8_7B49_4EE3_65702_20note.md.tex:1665: Preview: Snippet 1643 started.
<-><->
      
l.1665 $
        R$
Not a real error.

./_9AD8_7B49_4EE3_65702_20note.md.tex:1665: Preview: Snippet 1643 ended.(447828+0x502671).
<-><->
      
l.1665 $R$
          
Not a real error.

[1643]
./_9AD8_7B49_4EE3_65702_20note.md.tex:1666: Preview: Snippet 1644 started.
<-><->
      
l.1666 $
        (M_i)_{i \in I}$
Not a real error.

./_9AD8_7B49_4EE3_65702_20note.md.tex:1666: Preview: Snippet 1644 ended.(491520+163840x2202985).
<-><->
      
l.1666 $(M_i)_{i \in I}$
                        
Not a real error.

[1644]
./_9AD8_7B49_4EE3_65702_20note.md.tex:1667: Preview: Snippet 1645 started.
<-><->
      
l.1667 $
        \sigma: \bigoplus_{i \in I}M_i \rightarrow M$
Not a real error.

./_9AD8_7B49_4EE3_65702_20note.md.tex:1667: Preview: Snippet 1645 ended.(491524+231327x5201465).
<-><->
      
l.1667 ...a: \bigoplus_{i \in I}M_i \rightarrow M$
                                                  
Not a real error.

[1645]
./_9AD8_7B49_4EE3_65702_20note.md.tex:1668: Preview: Snippet 1646 started.
<-><->
      
l.1668 $
        (x_i) \mapsto \sum x_i$
Not a real error.

./_9AD8_7B49_4EE3_65702_20note.md.tex:1668: Preview: Snippet 1646 ended.(491524+163844x3515650).
<-><->
      
l.1668 $(x_i) \mapsto \sum x_i$
                               
Not a real error.

[1646]
./_9AD8_7B49_4EE3_65702_20note.md.tex:1669: Preview: Snippet 1647 started.
<-><->
      
l.1669 $
        \sum_i M_i=M$
Not a real error.

./_9AD8_7B49_4EE3_65702_20note.md.tex:1669: Preview: Snippet 1647 ended.(491524+196611x3454210).
<-><->
      
l.1669 $\sum_i M_i=M$
                     
Not a real error.

[1647]
./_9AD8_7B49_4EE3_65702_20note.md.tex:1670: Preview: Snippet 1648 started.
<-><->
      
l.1670 $
        M_i\cap\sum_{j \neq i}M_j=\{0\}$
Not a real error.

./_9AD8_7B49_4EE3_65702_20note.md.tex:1670: Preview: Snippet 1648 ended.(491524+285812x6015806).
<-><->
      
l.1670 $M_i\cap\sum_{j \neq i}M_j=\{0\}$
                                        
Not a real error.

[1648]
./_9AD8_7B49_4EE3_65702_20note.md.tex:1671: Preview: Snippet 1649 started.
<-><->
      
l.1671 $
        \forall x \in M$
Not a real error.

./_9AD8_7B49_4EE3_65702_20note.md.tex:1671: Preview: Snippet 1649 ended.(455111+25623x2246876).
<-><->
      
l.1671 $\forall x \in M$
                        
Not a real error.

[1649]
./_9AD8_7B49_4EE3_65702_20note.md.tex:1672: Preview: Snippet 1650 started.
<-><->
      
l.1672 $
        (x_i) \in \bigoplus_{i \in I}M_i$
Not a real error.

./_9AD8_7B49_4EE3_65702_20note.md.tex:1672: Preview: Snippet 1650 ended.(491524+231327x4434121).
<-><->
      
l.1672 $(x_i) \in \bigoplus_{i \in I}M_i$
                                         
Not a real error.

[1650]
./_9AD8_7B49_4EE3_65702_20note.md.tex:1673: Preview: Snippet 1651 started.
<-><->
      
l.1673 $
        x=\sum_ix_i$
Not a real error.

./_9AD8_7B49_4EE3_65702_20note.md.tex:1673: Preview: Snippet 1651 ended.(491524+196611x2860289).
<-><->
      
l.1673 $x=\sum_ix_i$
                    
Not a real error.

[1651]
./_9AD8_7B49_4EE3_65702_20note.md.tex:1674: Preview: Snippet 1652 started.
<-><->
      
l.1674 $
        \sigma$
Not a real error.

./_9AD8_7B49_4EE3_65702_20note.md.tex:1674: Preview: Snippet 1652 ended.(282168+0x397994).
<-><->
      
l.1674 $\sigma$
               
Not a real error.

[1652]
./_9AD8_7B49_4EE3_65702_20note.md.tex:1675: Preview: Snippet 1653 started.
<-><->
      
l.1675 $
        M$
Not a real error.

./_9AD8_7B49_4EE3_65702_20note.md.tex:1675: Preview: Snippet 1653 ended.(447828+0x707242).
<-><->
      
l.1675 $M$
          
Not a real error.

[1653]
./_9AD8_7B49_4EE3_65702_20note.md.tex:1676: Preview: Snippet 1654 started.
<-><->
      
l.1676 $
        (M_i)_{i \in I}$
Not a real error.

./_9AD8_7B49_4EE3_65702_20note.md.tex:1676: Preview: Snippet 1654 ended.(491520+163840x2202985).
<-><->
      
l.1676 $(M_i)_{i \in I}$
                        
Not a real error.

[1654]
./_9AD8_7B49_4EE3_65702_20note.md.tex:1677: Preview: Snippet 1655 started.
<-><->
      
l.1677 $
        X$
Not a real error.

./_9AD8_7B49_4EE3_65702_20note.md.tex:1677: Preview: Snippet 1655 ended.(447828+0x594374).
<-><->
      
l.1677 $X$
          
Not a real error.

[1655]
./_9AD8_7B49_4EE3_65702_20note.md.tex:1678: Preview: Snippet 1656 started.
<-><->
      
l.1678 $
        R^{\oplus X}$
Not a real error.

./_9AD8_7B49_4EE3_65702_20note.md.tex:1678: Preview: Snippet 1656 ended.(551306+0x1410484).
<-><->
      
l.1678 $R^{\oplus X}$
                     
Not a real error.

[1656]
./_9AD8_7B49_4EE3_65702_20note.md.tex:1679: Preview: Snippet 1657 started.
<-><->
      
l.1679 $
        R$
Not a real error.

./_9AD8_7B49_4EE3_65702_20note.md.tex:1679: Preview: Snippet 1657 ended.(447828+0x502671).
<-><->
      
l.1679 $R$
          
Not a real error.

[1657]
./_9AD8_7B49_4EE3_65702_20note.md.tex:1680: Preview: Snippet 1658 started.
<-><->
      
l.1680 $
        X \hookrightarrow R^{\oplus X}$
Not a real error.

./_9AD8_7B49_4EE3_65702_20note.md.tex:1680: Preview: Snippet 1658 ended.(551306+0x3097120).
<-><->
      
l.1680 $X \hookrightarrow R^{\oplus X}$
                                       
Not a real error.

[1658]
./_9AD8_7B49_4EE3_65702_20note.md.tex:1681: Preview: Snippet 1659 started.
<-><->
      
l.1681 $
        x \mapsto (\delta_{xy})_{y \in X}$
Not a real error.

./_9AD8_7B49_4EE3_65702_20note.md.tex:1681: Preview: Snippet 1659 ended.(491520+187504x3940823).
<-><->
      
l.1681 $x \mapsto (\delta_{xy})_{y \in X}$
                                          
Not a real error.

[1659]
./_9AD8_7B49_4EE3_65702_20note.md.tex:1682: Preview: Snippet 1660 started.
<-><->
      
l.1682 $
        R$
Not a real error.

./_9AD8_7B49_4EE3_65702_20note.md.tex:1682: Preview: Snippet 1660 ended.(447828+0x502671).
<-><->
      
l.1682 $R$
          
Not a real error.

[1660]
./_9AD8_7B49_4EE3_65702_20note.md.tex:1683: Preview: Snippet 1661 started.
<-><->
      
l.1683 $
        N$
Not a real error.

./_9AD8_7B49_4EE3_65702_20note.md.tex:1683: Preview: Snippet 1661 ended.(447828+0x598014).
<-><->
      
l.1683 $N$
          
Not a real error.

[1661]
./_9AD8_7B49_4EE3_65702_20note.md.tex:1684: Preview: Snippet 1662 started.
<-><->
      
l.1684 $
        Hom_R(R^{\oplus X},N) \leftrightarrow \{f:X \rightarrow N\}$
Not a real error.

./_9AD8_7B49_4EE3_65702_20note.md.tex:1684: Preview: Snippet 1662 ended.(551306+163840x9554667).
<-><->
      
l.1684 ...) \leftrightarrow \{f:X \rightarrow N\}$
                                                  
Not a real error.

[1662]
./_9AD8_7B49_4EE3_65702_20note.md.tex:1685: Preview: Snippet 1663 started.
<-><->
      
l.1685 $
        M$
Not a real error.

./_9AD8_7B49_4EE3_65702_20note.md.tex:1685: Preview: Snippet 1663 ended.(447828+0x707242).
<-><->
      
l.1685 $M$
          
Not a real error.

[1663]
./_9AD8_7B49_4EE3_65702_20note.md.tex:1686: Preview: Snippet 1664 started.
<-><->
      
l.1686 $
        X \subseteq M$
Not a real error.

./_9AD8_7B49_4EE3_65702_20note.md.tex:1686: Preview: Snippet 1664 ended.(447828+89110x2175422).
<-><->
      
l.1686 $X \subseteq M$
                      
Not a real error.

[1664]
./_9AD8_7B49_4EE3_65702_20note.md.tex:1687: Preview: Snippet 1665 started.
<-><->
      
l.1687 $
        M \simeq R^{\oplus X}$
Not a real error.

./_9AD8_7B49_4EE3_65702_20note.md.tex:1687: Preview: Snippet 1665 ended.(551306+0x2991532).
<-><->
      
l.1687 $M \simeq R^{\oplus X}$
                              
Not a real error.

[1665]
./_9AD8_7B49_4EE3_65702_20note.md.tex:1688: Preview: Snippet 1666 started.
<-><->
      
l.1688 $
        X$
Not a real error.

./_9AD8_7B49_4EE3_65702_20note.md.tex:1688: Preview: Snippet 1666 ended.(447828+0x594374).
<-><->
      
l.1688 $X$
          
Not a real error.

[1666]
./_9AD8_7B49_4EE3_65702_20note.md.tex:1689: Preview: Snippet 1667 started.
<-><->
      
l.1689 $
        M$
Not a real error.

./_9AD8_7B49_4EE3_65702_20note.md.tex:1689: Preview: Snippet 1667 ended.(447828+0x707242).
<-><->
      
l.1689 $M$
          
Not a real error.

[1667]
./_9AD8_7B49_4EE3_65702_20note.md.tex:1690: Preview: Snippet 1668 started.
<-><->
      
l.1690 $
        X$
Not a real error.

./_9AD8_7B49_4EE3_65702_20note.md.tex:1690: Preview: Snippet 1668 ended.(447828+0x594374).
<-><->
      
l.1690 $X$
          
Not a real error.

[1668]
./_9AD8_7B49_4EE3_65702_20note.md.tex:1691: Preview: Snippet 1669 started.
<-><->
      
l.1691 $
        \forall\,y \in M$
Not a real error.

./_9AD8_7B49_4EE3_65702_20note.md.tex:1691: Preview: Snippet 1669 ended.(455111+127431x2326368).
<-><->
      
l.1691 $\forall\,y \in M$
                         
Not a real error.

[1669]
./_9AD8_7B49_4EE3_65702_20note.md.tex:1692: Preview: Snippet 1670 started.
<-><->
      
l.1692 $
        (r_x)_{x \in R} \in R^{\oplus X}$
Not a real error.

./_9AD8_7B49_4EE3_65702_20note.md.tex:1692: Preview: Snippet 1670 ended.(551306+163840x4427102).
<-><->
      
l.1692 $(r_x)_{x \in R} \in R^{\oplus X}$
                                         
Not a real error.

[1670]
./_9AD8_7B49_4EE3_65702_20note.md.tex:1693: Preview: Snippet 1671 started.
<-><->
      
l.1693 $
        y=\sum_{x \in X}r_x x$
Not a real error.

./_9AD8_7B49_4EE3_65702_20note.md.tex:1693: Preview: Snippet 1671 ended.(491524+231327x4168375).
<-><->
      
l.1693 $y=\sum_{x \in X}r_x x$
                              
Not a real error.

[1671]
./_9AD8_7B49_4EE3_65702_20note.md.tex:1694: Preview: Snippet 1672 started.
<-><->
      
l.1694 $
        \phi:R^{\oplus X} \rightarrow M$
Not a real error.

./_9AD8_7B49_4EE3_65702_20note.md.tex:1694: Preview: Snippet 1672 ended.(551306+127431x4073778).
<-><->
      
l.1694 $\phi:R^{\oplus X} \rightarrow M$
                                        
Not a real error.

[1672]
./_9AD8_7B49_4EE3_65702_20note.md.tex:1695: Preview: Snippet 1673 started.
<-><->
      
l.1695 $
        X \hookrightarrow M$
Not a real error.

./_9AD8_7B49_4EE3_65702_20note.md.tex:1695: Preview: Snippet 1673 ended.(447828+0x2393878).
<-><->
      
l.1695 $X \hookrightarrow M$
                            
Not a real error.

[1673]
./_9AD8_7B49_4EE3_65702_20note.md.tex:1696: Preview: Snippet 1674 started.
<-><->
      
l.1696 $
        \phi$
Not a real error.

./_9AD8_7B49_4EE3_65702_20note.md.tex:1696: Preview: Snippet 1674 ended.(455111+127431x390486).
<-><->
      
l.1696 $\phi$
             
Not a real error.

[1674]
./_9AD8_7B49_4EE3_65702_20note.md.tex:1697: Preview: Snippet 1675 started.
<-><->
      
l.1697 $
        \Longleftrightarrow$
Not a real error.

./_9AD8_7B49_4EE3_65702_20note.md.tex:1697: Preview: Snippet 1675 ended.(240435+0x1201498).
<-><->
      
l.1697 $\Longleftrightarrow$
                            
Not a real error.

[1675]
./_9AD8_7B49_4EE3_65702_20note.md.tex:1698: Preview: Snippet 1676 started.
<-><->
      
l.1698 $
        \Longleftrightarrow$
Not a real error.

./_9AD8_7B49_4EE3_65702_20note.md.tex:1698: Preview: Snippet 1676 ended.(240435+0x1201498).
<-><->
      
l.1698 $\Longleftrightarrow$
                            
Not a real error.

[1676]
./_9AD8_7B49_4EE3_65702_20note.md.tex:1699: Preview: Snippet 1677 started.
<-><->
      
l.1699 $
        \phi$
Not a real error.

./_9AD8_7B49_4EE3_65702_20note.md.tex:1699: Preview: Snippet 1677 ended.(455111+127431x390486).
<-><->
      
l.1699 $\phi$
             
Not a real error.

[1677]
./_9AD8_7B49_4EE3_65702_20note.md.tex:1700: Preview: Snippet 1678 started.
<-><->
      
l.1700 $
        \phi$
Not a real error.

./_9AD8_7B49_4EE3_65702_20note.md.tex:1700: Preview: Snippet 1678 ended.(455111+127431x390486).
<-><->
      
l.1700 $\phi$
             
Not a real error.

[1678]
./_9AD8_7B49_4EE3_65702_20note.md.tex:1701: Preview: Snippet 1679 started.
<-><->
      
l.1701 $
        M$
Not a real error.

./_9AD8_7B49_4EE3_65702_20note.md.tex:1701: Preview: Snippet 1679 ended.(447828+0x707242).
<-><->
      
l.1701 $M$
          
Not a real error.

[1679]
./_9AD8_7B49_4EE3_65702_20note.md.tex:1702: Preview: Snippet 1680 started.
<-><->
      
l.1702 $
        X$
Not a real error.

./_9AD8_7B49_4EE3_65702_20note.md.tex:1702: Preview: Snippet 1680 ended.(447828+0x594374).
<-><->
      
l.1702 $X$
          
Not a real error.

[1680]
./_9AD8_7B49_4EE3_65702_20note.md.tex:1703: Preview: Snippet 1681 started.
<-><->
      
l.1703 $
        M$
Not a real error.

./_9AD8_7B49_4EE3_65702_20note.md.tex:1703: Preview: Snippet 1681 ended.(447828+0x707242).
<-><->
      
l.1703 $M$
          
Not a real error.

[1681]
./_9AD8_7B49_4EE3_65702_20note.md.tex:1704: Preview: Snippet 1682 started.
<-><->
      
l.1704 $
        X \in M$
Not a real error.

./_9AD8_7B49_4EE3_65702_20note.md.tex:1704: Preview: Snippet 1682 ended.(447828+25623x2102604).
<-><->
      
l.1704 $X \in M$
                
Not a real error.

[1682]
./_9AD8_7B49_4EE3_65702_20note.md.tex:1705: Preview: Snippet 1683 started.
<-><->
      
l.1705 $
        M$
Not a real error.

./_9AD8_7B49_4EE3_65702_20note.md.tex:1705: Preview: Snippet 1683 ended.(447828+0x707242).
<-><->
      
l.1705 $M$
          
Not a real error.

[1683]
./_9AD8_7B49_4EE3_65702_20note.md.tex:1706: Preview: Snippet 1684 started.
<-><->
      
l.1706 $
        X$
Not a real error.

./_9AD8_7B49_4EE3_65702_20note.md.tex:1706: Preview: Snippet 1684 ended.(447828+0x594374).
<-><->
      
l.1706 $X$
          
Not a real error.

[1684]
./_9AD8_7B49_4EE3_65702_20note.md.tex:1707: Preview: Snippet 1685 started.
<-><->
      
l.1707 $
        R$
Not a real error.

./_9AD8_7B49_4EE3_65702_20note.md.tex:1707: Preview: Snippet 1685 ended.(447828+0x502671).
<-><->
      
l.1707 $R$
          
Not a real error.

[1685]
./_9AD8_7B49_4EE3_65702_20note.md.tex:1708: Preview: Snippet 1686 started.
<-><->
      
l.1708 $
        R$
Not a real error.

./_9AD8_7B49_4EE3_65702_20note.md.tex:1708: Preview: Snippet 1686 ended.(447828+0x502671).
<-><->
      
l.1708 $R$
          
Not a real error.

[1686]
./_9AD8_7B49_4EE3_65702_20note.md.tex:1709: Preview: Snippet 1687 started.
<-><->
      
l.1709 $
        R$
Not a real error.

./_9AD8_7B49_4EE3_65702_20note.md.tex:1709: Preview: Snippet 1687 ended.(447828+0x502671).
<-><->
      
l.1709 $R$
          
Not a real error.

[1687]
./_9AD8_7B49_4EE3_65702_20note.md.tex:1710: Preview: Snippet 1688 started.
<-><->
      
l.1710 $
        R=\mathbb{Z}$
Not a real error.

./_9AD8_7B49_4EE3_65702_20note.md.tex:1710: Preview: Snippet 1688 ended.(451470+0x1813385).
<-><->
      
l.1710 $R=\mathbb{Z}$
                     
Not a real error.

[1688]
./_9AD8_7B49_4EE3_65702_20note.md.tex:1711: Preview: Snippet 1689 started.
<-><->
      
l.1711 $
        M=\mathbb{Z}/n\mathbb{Z}$
Not a real error.

./_9AD8_7B49_4EE3_65702_20note.md.tex:1711: Preview: Snippet 1689 ended.(491520+163840x3175915).
<-><->
      
l.1711 $M=\mathbb{Z}/n\mathbb{Z}$
                                 
Not a real error.

[1689]
./_9AD8_7B49_4EE3_65702_20note.md.tex:1712: Preview: Snippet 1690 started.
<-><->
      
l.1712 $
        |n|>1$
Not a real error.

./_9AD8_7B49_4EE3_65702_20note.md.tex:1712: Preview: Snippet 1690 ended.(491520+163840x1958947).
<-><->
      
l.1712 $|n|>1$
              
Not a real error.

[1690]
./_9AD8_7B49_4EE3_65702_20note.md.tex:1713: Preview: Snippet 1691 started.
<-><->
      
l.1713 $
        M \not\simeq \mathbb{Z}^{\oplus X}$
Not a real error.

./_9AD8_7B49_4EE3_65702_20note.md.tex:1713: Preview: Snippet 1691 ended.(551306+127430x2925769).
<-><->
      
l.1713 $M \not\simeq \mathbb{Z}^{\oplus X}$
                                           
Not a real error.

[1691]
./_9AD8_7B49_4EE3_65702_20note.md.tex:1714: Preview: Snippet 1692 started.
<-><->
      
l.1714 $
        X$
Not a real error.

./_9AD8_7B49_4EE3_65702_20note.md.tex:1714: Preview: Snippet 1692 ended.(447828+0x594374).
<-><->
      
l.1714 $X$
          
Not a real error.

[1692]
./_9AD8_7B49_4EE3_65702_20note.md.tex:1715: Preview: Snippet 1693 started.
<-><->
      
l.1715 $
        R$
Not a real error.

./_9AD8_7B49_4EE3_65702_20note.md.tex:1715: Preview: Snippet 1693 ended.(447828+0x502671).
<-><->
      
l.1715 $R$
          
Not a real error.

[1693]
./_9AD8_7B49_4EE3_65702_20note.md.tex:1716: Preview: Snippet 1694 started.
<-><->
      
l.1716 $
        M$
Not a real error.

./_9AD8_7B49_4EE3_65702_20note.md.tex:1716: Preview: Snippet 1694 ended.(447828+0x707242).
<-><->
      
l.1716 $M$
          
Not a real error.

[1694]
./_9AD8_7B49_4EE3_65702_20note.md.tex:1717: Preview: Snippet 1695 started.
<-><->
      
l.1717 $
        X,Y$
Not a real error.

./_9AD8_7B49_4EE3_65702_20note.md.tex:1717: Preview: Snippet 1695 ended.(447828+127431x1375343).
<-><->
      
l.1717 $X,Y$
            
Not a real error.

[1695]
./_9AD8_7B49_4EE3_65702_20note.md.tex:1718: Preview: Snippet 1696 started.
<-><->
      
l.1718 $
        |X|=|Y|$
Not a real error.

./_9AD8_7B49_4EE3_65702_20note.md.tex:1718: Preview: Snippet 1696 ended.(491520+163840x2722469).
<-><->
      
l.1718 $|X|=|Y|$
                
Not a real error.

[1696]
./_9AD8_7B49_4EE3_65702_20note.md.tex:1719: Preview: Snippet 1697 started.
<-><->
      
l.1719 $
        rk(M)$
Not a real error.

./_9AD8_7B49_4EE3_65702_20note.md.tex:1719: Preview: Snippet 1697 ended.(491520+163840x1892658).
<-><->
      
l.1719 $rk(M)$
              
Not a real error.

[1697]
./_9AD8_7B49_4EE3_65702_20note.md.tex:1720: Preview: Snippet 1698 started.
<-><->
      
l.1720 $
        R$
Not a real error.

./_9AD8_7B49_4EE3_65702_20note.md.tex:1720: Preview: Snippet 1698 ended.(447828+0x502671).
<-><->
      
l.1720 $R$
          
Not a real error.

[1698]
./_9AD8_7B49_4EE3_65702_20note.md.tex:1721: Preview: Snippet 1699 started.
<-><->
      
l.1721 $
        \forall X$
Not a real error.

./_9AD8_7B49_4EE3_65702_20note.md.tex:1721: Preview: Snippet 1699 ended.(455111+0x958464).
<-><->
      
l.1721 $\forall X$
                  
Not a real error.

[1699]
./_9AD8_7B49_4EE3_65702_20note.md.tex:1722: Preview: Snippet 1700 started.
<-><->
      
l.1722 $
        |X|< \infty$
Not a real error.

./_9AD8_7B49_4EE3_65702_20note.md.tex:1722: Preview: Snippet 1700 ended.(491520+163840x2487631).
<-><->
      
l.1722 $|X|< \infty$
                    
Not a real error.

[1700]
./_9AD8_7B49_4EE3_65702_20note.md.tex:1723: Preview: Snippet 1701 started.
<-><->
      
l.1723 $
        |Y| \leq |X|=:n$
Not a real error.

./_9AD8_7B49_4EE3_65702_20note.md.tex:1723: Preview: Snippet 1701 ended.(491520+163840x4171690).
<-><->
      
l.1723 $|Y| \leq |X|=:n$
                        
Not a real error.

[1701]
./_9AD8_7B49_4EE3_65702_20note.md.tex:1724: Preview: Snippet 1702 started.
<-><->
      
l.1724 $
        M$
Not a real error.

./_9AD8_7B49_4EE3_65702_20note.md.tex:1724: Preview: Snippet 1702 ended.(447828+0x707242).
<-><->
      
l.1724 $M$
          
Not a real error.

[1702]
./_9AD8_7B49_4EE3_65702_20note.md.tex:1725: Preview: Snippet 1703 started.
<-><->
      
l.1725 $
        R^{\oplus n} \hookrightarrow K^{\oplus n}=K^n$
Not a real error.

./_9AD8_7B49_4EE3_65702_20note.md.tex:1725: Preview: Snippet 1703 ended.(521815+0x5565097).
<-><->
      
l.1725 ...lus n} \hookrightarrow K^{\oplus n}=K^n$
                                                  
Not a real error.

[1703]
./_9AD8_7B49_4EE3_65702_20note.md.tex:1726: Preview: Snippet 1704 started.
<-><->
      
l.1726 $
        K:=Frac(R)$
Not a real error.

./_9AD8_7B49_4EE3_65702_20note.md.tex:1726: Preview: Snippet 1704 ended.(491520+163840x4128084).
<-><->
      
l.1726 $K:=Frac(R)$
                   
Not a real error.

[1704]
./_9AD8_7B49_4EE3_65702_20note.md.tex:1727: Preview: Snippet 1705 started.
<-><->
      
l.1727 $
        y_1,\cdots,y_{n+1}$
Not a real error.

./_9AD8_7B49_4EE3_65702_20note.md.tex:1727: Preview: Snippet 1705 ended.(291271+152917x3522483).
<-><->
      
l.1727 $y_1,\cdots,y_{n+1}$
                           
Not a real error.

[1705]
./_9AD8_7B49_4EE3_65702_20note.md.tex:1728: Preview: Snippet 1706 started.
<-><->
      
l.1728 $
        M=R^{\oplus n}$
Not a real error.

./_9AD8_7B49_4EE3_65702_20note.md.tex:1728: Preview: Snippet 1706 ended.(521815+0x2850054).
<-><->
      
l.1728 $M=R^{\oplus n}$
                       
Not a real error.

[1706]
./_9AD8_7B49_4EE3_65702_20note.md.tex:1729: Preview: Snippet 1707 started.
<-><->
      
l.1729 $
        a_1,\cdots,a_{n+1} \in K$
Not a real error.

./_9AD8_7B49_4EE3_65702_20note.md.tex:1729: Preview: Snippet 1707 ended.(447828+152917x4977158).
<-><->
      
l.1729 $a_1,\cdots,a_{n+1} \in K$
                                 
Not a real error.

[1707]
./_9AD8_7B49_4EE3_65702_20note.md.tex:1730: Preview: Snippet 1708 started.
<-><->
      
l.1730 $
        \sum_ia_iy_i=0$
Not a real error.

./_9AD8_7B49_4EE3_65702_20note.md.tex:1730: Preview: Snippet 1708 ended.(491524+196611x3324773).
<-><->
      
l.1730 $\sum_ia_iy_i=0$
                       
Not a real error.

[1708]
./_9AD8_7B49_4EE3_65702_20note.md.tex:1731: Preview: Snippet 1709 started.
<-><->
      
l.1731 $
        k^n$
Not a real error.

./_9AD8_7B49_4EE3_65702_20note.md.tex:1731: Preview: Snippet 1709 ended.(455111+0x718548).
<-><->
      
l.1731 $k^n$
            
Not a real error.

[1709]
./_9AD8_7B49_4EE3_65702_20note.md.tex:1732: Preview: Snippet 1710 started.
<-><->
      
l.1732 $
        a_i \in R$
Not a real error.

./_9AD8_7B49_4EE3_65702_20note.md.tex:1732: Preview: Snippet 1710 ended.(447828+98303x1868263).
<-><->
      
l.1732 $a_i \in R$
                  
Not a real error.

[1710]
./_9AD8_7B49_4EE3_65702_20note.md.tex:1733: Preview: Snippet 1711 started.
<-><->
      
l.1733 $
        i$
Not a real error.

./_9AD8_7B49_4EE3_65702_20note.md.tex:1733: Preview: Snippet 1711 ended.(432226+0x225780).
<-><->
      
l.1733 $i$
          
Not a real error.

[1711]
./_9AD8_7B49_4EE3_65702_20note.md.tex:1734: Preview: Snippet 1712 started.
<-><->
      
l.1734 $
        y_i$
Not a real error.

./_9AD8_7B49_4EE3_65702_20note.md.tex:1734: Preview: Snippet 1712 ended.(282168+127431x539499).
<-><->
      
l.1734 $y_i$
            
Not a real error.

[1712]
./_9AD8_7B49_4EE3_65702_20note.md.tex:1735: Preview: Snippet 1713 started.
<-><->
      
l.1735 $
        M$
Not a real error.

./_9AD8_7B49_4EE3_65702_20note.md.tex:1735: Preview: Snippet 1713 ended.(447828+0x707242).
<-><->
      
l.1735 $M$
          
Not a real error.

[1713]
./_9AD8_7B49_4EE3_65702_20note.md.tex:1736: Preview: Snippet 1714 started.
<-><->
      
l.1736 $
        |Y| \leq |X|$
Not a real error.

./_9AD8_7B49_4EE3_65702_20note.md.tex:1736: Preview: Snippet 1714 ended.(491520+163840x2722469).
<-><->
      
l.1736 $|Y| \leq |X|$
                     
Not a real error.

[1714]
./_9AD8_7B49_4EE3_65702_20note.md.tex:1737: Preview: Snippet 1715 started.
<-><->
      
l.1737 $
        \exists$
Not a real error.

./_9AD8_7B49_4EE3_65702_20note.md.tex:1737: Preview: Snippet 1715 ended.(455111+0x364090).
<-><->
      
l.1737 $\exists$
                
Not a real error.

[1715]
./_9AD8_7B49_4EE3_65702_20note.md.tex:1738: Preview: Snippet 1716 started.
<-><->
      
l.1738 $
        R$
Not a real error.

./_9AD8_7B49_4EE3_65702_20note.md.tex:1738: Preview: Snippet 1716 ended.(447828+0x502671).
<-><->
      
l.1738 $R$
          
Not a real error.

[1716]
./_9AD8_7B49_4EE3_65702_20note.md.tex:1739: Preview: Snippet 1717 started.
<-><->
      
l.1739 $
        Hom_R(R^{\oplus n},R^{\oplus m}) \leftrightarrow M_{m \times n}(R)$
Not a real error.

./_9AD8_7B49_4EE3_65702_20note.md.tex:1739: Preview: Snippet 1717 ended.(521815+163840x9300126).
<-><->
      
l.1739 ...s m}) \leftrightarrow M_{m \times n}(R)$
                                                  
Not a real error.

[1717]
./_9AD8_7B49_4EE3_65702_20note.md.tex:1740: Preview: Snippet 1718 started.
<-><->
      
l.1740 $
        F$
Not a real error.

./_9AD8_7B49_4EE3_65702_20note.md.tex:1740: Preview: Snippet 1718 ended.(447828+0x512456).
<-><->
      
l.1740 $F$
          
Not a real error.

[1718]
./_9AD8_7B49_4EE3_65702_20note.md.tex:1741: Preview: Snippet 1719 started.
<-><->
      
l.1741 $
        x$
Not a real error.

./_9AD8_7B49_4EE3_65702_20note.md.tex:1741: Preview: Snippet 1719 ended.(282168+0x374556).
<-><->
      
l.1741 $x$
          
Not a real error.

[1719]
./_9AD8_7B49_4EE3_65702_20note.md.tex:1742: Preview: Snippet 1720 started.
<-><->
      
l.1742 $
        M:F[X]-module \rightarrow F-vector\ space$
Not a real error.

./_9AD8_7B49_4EE3_65702_20note.md.tex:1742: Preview: Snippet 1720 ended.(491520+163840x11569769).
<-><->
      
l.1742 $M:F[X]-module \rightarrow F-vector\ space$
                                                  
Not a real error.

[1720]
./_9AD8_7B49_4EE3_65702_20note.md.tex:1743: Preview: Snippet 1721 started.
<-><->
      
l.1743 $
        F \hookrightarrow F[x]$
Not a real error.

./_9AD8_7B49_4EE3_65702_20note.md.tex:1743: Preview: Snippet 1721 ended.(491520+163840x2855820).
<-><->
      
l.1743 $F \hookrightarrow F[x]$
                               
Not a real error.

[1721]
./_9AD8_7B49_4EE3_65702_20note.md.tex:1744: Preview: Snippet 1722 started.
<-><->
      
l.1744 $
        T \in End(V)$
Not a real error.

./_9AD8_7B49_4EE3_65702_20note.md.tex:1744: Preview: Snippet 1722 ended.(491520+163840x3568674).
<-><->
      
l.1744 $T \in End(V)$
                     
Not a real error.

[1722]
./_9AD8_7B49_4EE3_65702_20note.md.tex:1745: Preview: Snippet 1723 started.
<-><->
      
l.1745 $
        V$
Not a real error.

./_9AD8_7B49_4EE3_65702_20note.md.tex:1745: Preview: Snippet 1723 ended.(447828+0x527929).
<-><->
      
l.1745 $V$
          
Not a real error.

[1723]
./_9AD8_7B49_4EE3_65702_20note.md.tex:1746: Preview: Snippet 1724 started.
<-><->
      
l.1746 $
        F[x]$
Not a real error.

./_9AD8_7B49_4EE3_65702_20note.md.tex:1746: Preview: Snippet 1724 ended.(491520+163840x1251102).
<-><->
      
l.1746 $F[x]$
             
Not a real error.

[1724]
./_9AD8_7B49_4EE3_65702_20note.md.tex:1747: Preview: Snippet 1725 started.
<-><->
      
l.1747 $
        f \cdot v=f(T)v$
Not a real error.

./_9AD8_7B49_4EE3_65702_20note.md.tex:1747: Preview: Snippet 1725 ended.(491520+163840x3795998).
<-><->
      
l.1747 $f \cdot v=f(T)v$
                        
Not a real error.

[1725]
./_9AD8_7B49_4EE3_65702_20note.md.tex:1748: Preview: Snippet 1726 started.
<-><->
      
l.1748 $
        \phi:F[x] \rightarrow End(V)$
Not a real error.

./_9AD8_7B49_4EE3_65702_20note.md.tex:1748: Preview: Snippet 1726 ended.(491520+163840x5500841).
<-><->
      
l.1748 $\phi:F[x] \rightarrow End(V)$
                                     
Not a real error.

[1726]
./_9AD8_7B49_4EE3_65702_20note.md.tex:1749: Preview: Snippet 1727 started.
<-><->
      
l.1749 $
        T=\phi(x)$
Not a real error.

./_9AD8_7B49_4EE3_65702_20note.md.tex:1749: Preview: Snippet 1727 ended.(491520+163840x2622573).
<-><->
      
l.1749 $T=\phi(x)$
                  
Not a real error.

[1727]
./_9AD8_7B49_4EE3_65702_20note.md.tex:1750: Preview: Snippet 1728 started.
<-><->
      
l.1750 $
        \phi(f)=f(T)$
Not a real error.

./_9AD8_7B49_4EE3_65702_20note.md.tex:1750: Preview: Snippet 1728 ended.(491520+163840x3540539).
<-><->
      
l.1750 $\phi(f)=f(T)$
                     
Not a real error.

[1728]
./_9AD8_7B49_4EE3_65702_20note.md.tex:1751: Preview: Snippet 1729 started.
<-><->
      
l.1751 $
        F[x]$
Not a real error.

./_9AD8_7B49_4EE3_65702_20note.md.tex:1751: Preview: Snippet 1729 ended.(491520+163840x1251102).
<-><->
      
l.1751 $F[x]$
             
Not a real error.

[1729]
./_9AD8_7B49_4EE3_65702_20note.md.tex:1752: Preview: Snippet 1730 started.
<-><->
      
l.1752 $
        V$
Not a real error.

./_9AD8_7B49_4EE3_65702_20note.md.tex:1752: Preview: Snippet 1730 ended.(447828+0x527929).
<-><->
      
l.1752 $V$
          
Not a real error.

[1730]
./_9AD8_7B49_4EE3_65702_20note.md.tex:1753: Preview: Snippet 1731 started.
<-><->
      
l.1753 $
        \sim$
Not a real error.

./_9AD8_7B49_4EE3_65702_20note.md.tex:1753: Preview: Snippet 1731 ended.(240435+0x509726).
<-><->
      
l.1753 $\sim$
             
Not a real error.

[1731]
./_9AD8_7B49_4EE3_65702_20note.md.tex:1754: Preview: Snippet 1732 started.
<-><->
      
l.1754 $
        (V,T)$
Not a real error.

./_9AD8_7B49_4EE3_65702_20note.md.tex:1754: Preview: Snippet 1732 ended.(491520+163840x1693696).
<-><->
      
l.1754 $(V,T)$
              
Not a real error.

[1732]
./_9AD8_7B49_4EE3_65702_20note.md.tex:1755: Preview: Snippet 1733 started.
<-><->
      
l.1755 $
        V \in Mod_{F[x]}$
Not a real error.

./_9AD8_7B49_4EE3_65702_20note.md.tex:1755: Preview: Snippet 1733 ended.(455111+233018x3724535).
<-><->
      
l.1755 $V \in Mod_{F[x]}$
                         
Not a real error.

[1733]
./_9AD8_7B49_4EE3_65702_20note.md.tex:1756: Preview: Snippet 1734 started.
<-><->
      
l.1756 $
        T \in End(V)$
Not a real error.

./_9AD8_7B49_4EE3_65702_20note.md.tex:1756: Preview: Snippet 1734 ended.(491520+163840x3568674).
<-><->
      
l.1756 $T \in End(V)$
                     
Not a real error.

[1734]
./_9AD8_7B49_4EE3_65702_20note.md.tex:1757: Preview: Snippet 1735 started.
<-><->
      
l.1757 $
        (V,T) \sim (V',T')$
Not a real error.

./_9AD8_7B49_4EE3_65702_20note.md.tex:1757: Preview: Snippet 1735 ended.(492688+163840x4738155).
<-><->
      
l.1757 $(V,T) \sim (V',T')$
                           
Not a real error.

[1735]
./_9AD8_7B49_4EE3_65702_20note.md.tex:1758: Preview: Snippet 1736 started.
<-><->
      
l.1758 $
        \phi:V \rightarrow V$
Not a real error.

./_9AD8_7B49_4EE3_65702_20note.md.tex:1758: Preview: Snippet 1736 ended.(455111+127431x3011910).
<-><->
      
l.1758 $\phi:V \rightarrow V$
                             
Not a real error.

[1736]
./_9AD8_7B49_4EE3_65702_20note.md.tex:1759: Preview: Snippet 1737 started.
<-><->
      
l.1759 $
        \phi T=T'\phi$
Not a real error.

./_9AD8_7B49_4EE3_65702_20note.md.tex:1759: Preview: Snippet 1737 ended.(492688+127431x2786641).
<-><->
      
l.1759 $\phi T=T'\phi$
                      
Not a real error.

[1737]
./_9AD8_7B49_4EE3_65702_20note.md.tex:1760: Preview: Snippet 1738 started.
<-><->
      
l.1760 $
        F[x]$
Not a real error.

./_9AD8_7B49_4EE3_65702_20note.md.tex:1760: Preview: Snippet 1738 ended.(491520+163840x1251102).
<-><->
      
l.1760 $F[x]$
             
Not a real error.

[1738]
./_9AD8_7B49_4EE3_65702_20note.md.tex:1761: Preview: Snippet 1739 started.
<-><->
      
l.1761 $
        V,dim_FV=n$
Not a real error.

./_9AD8_7B49_4EE3_65702_20note.md.tex:1761: Preview: Snippet 1739 ended.(455111+127431x4083057).
<-><->
      
l.1761 $V,dim_FV=n$
                   
Not a real error.

[1739]
./_9AD8_7B49_4EE3_65702_20note.md.tex:1762: Preview: Snippet 1740 started.
<-><->
      
l.1762 $
        \{(V,T):dim_FV=n,T \in End(V)\}/\sim$
Not a real error.

./_9AD8_7B49_4EE3_65702_20note.md.tex:1762: Preview: Snippet 1740 ended.(491520+163840x11147659).
<-><->
      
l.1762 $\{(V,T):dim_FV=n,T \in End(V)\}/\sim$
                                             
Not a real error.

[1740]
./_9AD8_7B49_4EE3_65702_20note.md.tex:1763: Preview: Snippet 1741 started.
<-><->
      
l.1763 $
        R:PID$
Not a real error.

./_9AD8_7B49_4EE3_65702_20note.md.tex:1763: Preview: Snippet 1741 ended.(447828+0x2460869).
<-><->
      
l.1763 $R:PID$
              
Not a real error.

[1741]
./_9AD8_7B49_4EE3_65702_20note.md.tex:1764: Preview: Snippet 1742 started.
<-><->
      
l.1764 $
        M$
Not a real error.

./_9AD8_7B49_4EE3_65702_20note.md.tex:1764: Preview: Snippet 1742 ended.(447828+0x707242).
<-><->
      
l.1764 $M$
          
Not a real error.

[1742]
./_9AD8_7B49_4EE3_65702_20note.md.tex:1765: Preview: Snippet 1743 started.
<-><->
      
l.1765 $
        R$
Not a real error.

./_9AD8_7B49_4EE3_65702_20note.md.tex:1765: Preview: Snippet 1743 ended.(447828+0x502671).
<-><->
      
l.1765 $R$
          
Not a real error.

[1743]
./_9AD8_7B49_4EE3_65702_20note.md.tex:1766: Preview: Snippet 1744 started.
<-><->
      
l.1766 $
        M \simeq R/I_1 \oplus \cdots \oplus R/I_k \oplus E$
Not a real error.

./_9AD8_7B49_4EE3_65702_20note.md.tex:1766: Preview: Snippet 1744 ended.(491520+163840x8123484).
<-><->
      
l.1766 ...I_1 \oplus \cdots \oplus R/I_k \oplus E$
                                                  
Not a real error.

[1744]
./_9AD8_7B49_4EE3_65702_20note.md.tex:1767: Preview: Snippet 1745 started.
<-><->
      
l.1767 $
        I_1 > \cdots > I_k$
Not a real error.

./_9AD8_7B49_4EE3_65702_20note.md.tex:1767: Preview: Snippet 1745 ended.(447828+98303x3704818).
<-><->
      
l.1767 $I_1 > \cdots > I_k$
                           
Not a real error.

[1745]
./_9AD8_7B49_4EE3_65702_20note.md.tex:1768: Preview: Snippet 1746 started.
<-><->
      
l.1768 $
        R$
Not a real error.

./_9AD8_7B49_4EE3_65702_20note.md.tex:1768: Preview: Snippet 1746 ended.(447828+0x502671).
<-><->
      
l.1768 $R$
          
Not a real error.

[1746]
./_9AD8_7B49_4EE3_65702_20note.md.tex:1769: Preview: Snippet 1747 started.
<-><->
      
l.1769 $
        E$
Not a real error.

./_9AD8_7B49_4EE3_65702_20note.md.tex:1769: Preview: Snippet 1747 ended.(447828+0x521556).
<-><->
      
l.1769 $E$
          
Not a real error.

[1747]
./_9AD8_7B49_4EE3_65702_20note.md.tex:1770: Preview: Snippet 1748 started.
<-><->
      
l.1770 $
        R$
Not a real error.

./_9AD8_7B49_4EE3_65702_20note.md.tex:1770: Preview: Snippet 1748 ended.(447828+0x502671).
<-><->
      
l.1770 $R$
          
Not a real error.

[1748]
./_9AD8_7B49_4EE3_65702_20note.md.tex:1771: Preview: Snippet 1749 started.
<-><->
      
l.1771 $
        (I_1,\cdots,I_k,E)$
Not a real error.

./_9AD8_7B49_4EE3_65702_20note.md.tex:1771: Preview: Snippet 1749 ended.(491520+163840x4080743).
<-><->
      
l.1771 $(I_1,\cdots,I_k,E)$
                           
Not a real error.

[1749]
./_9AD8_7B49_4EE3_65702_20note.md.tex:1772: Preview: Snippet 1750 started.
<-><->
      
l.1772 $
        n \in \mathbb{Z}_{\geq 1}$
Not a real error.

./_9AD8_7B49_4EE3_65702_20note.md.tex:1772: Preview: Snippet 1750 ended.(451470+183387x2334870).
<-><->
      
l.1772 $n \in \mathbb{Z}_{\geq 1}$
                                  
Not a real error.

[1750]
./_9AD8_7B49_4EE3_65702_20note.md.tex:1773: Preview: Snippet 1751 started.
<-><->
      
l.1773 $
        A \in M_{n \times n}(F)$
Not a real error.

./_9AD8_7B49_4EE3_65702_20note.md.tex:1773: Preview: Snippet 1751 ended.(491520+163840x4040783).
<-><->
      
l.1773 $A \in M_{n \times n}(F)$
                                
Not a real error.

[1751]
./_9AD8_7B49_4EE3_65702_20note.md.tex:1774: Preview: Snippet 1752 started.
<-><->
      
l.1774 $
        f_1|\cdots | f_k$
Not a real error.

./_9AD8_7B49_4EE3_65702_20note.md.tex:1774: Preview: Snippet 1752 ended.(491520+163840x2605282).
<-><->
      
l.1774 $f_1|\cdots | f_k$
                         
Not a real error.

[1752]
./_9AD8_7B49_4EE3_65702_20note.md.tex:1775: Preview: Snippet 1753 started.
<-><->
      
l.1775 $
        k \geq 1$
Not a real error.

./_9AD8_7B49_4EE3_65702_20note.md.tex:1775: Preview: Snippet 1753 ended.(455111+89110x1563301).
<-><->
      
l.1775 $k \geq 1$
                 
Not a real error.

[1753]
./_9AD8_7B49_4EE3_65702_20note.md.tex:1776: Preview: Snippet 1754 started.
<-><->
      
l.1776 $
        \sum_{i}dimf_i=n$
Not a real error.

./_9AD8_7B49_4EE3_65702_20note.md.tex:1776: Preview: Snippet 1754 ended.(491524+196611x3967703).
<-><->
      
l.1776 $\sum_{i}dimf_i=n$
                         
Not a real error.

[1754]
./_9AD8_7B49_4EE3_65702_20note.md.tex:1777: Preview: Snippet 1755 started.
<-><->
      
l.1777 $
        A \sim diag(C_{f_1},\cdots,C_{f_k})$
Not a real error.

./_9AD8_7B49_4EE3_65702_20note.md.tex:1777: Preview: Snippet 1755 ended.(491520+187504x6745726).
<-><->
      
l.1777 $A \sim diag(C_{f_1},\cdots,C_{f_k})$
                                            
Not a real error.

[1755]
./_9AD8_7B49_4EE3_65702_20note.md.tex:1778: Preview: Snippet 1756 started.
<-><->
      
l.1778 $
        f_1|\cdots|f_k$
Not a real error.

./_9AD8_7B49_4EE3_65702_20note.md.tex:1778: Preview: Snippet 1756 ended.(491520+163840x2605282).
<-><->
      
l.1778 $f_1|\cdots|f_k$
                       
Not a real error.

[1756]
./_9AD8_7B49_4EE3_65702_20note.md.tex:1779: Preview: Snippet 1757 started.
<-><->
      
l.1779 $
        M$
Not a real error.

./_9AD8_7B49_4EE3_65702_20note.md.tex:1779: Preview: Snippet 1757 ended.(447828+0x707242).
<-><->
      
l.1779 $M$
          
Not a real error.

[1757]
./_9AD8_7B49_4EE3_65702_20note.md.tex:1780: Preview: Snippet 1758 started.
<-><->
      
l.1780 $
        F[x]$
Not a real error.

./_9AD8_7B49_4EE3_65702_20note.md.tex:1780: Preview: Snippet 1758 ended.(491520+163840x1251102).
<-><->
      
l.1780 $F[x]$
             
Not a real error.

[1758]
./_9AD8_7B49_4EE3_65702_20note.md.tex:1781: Preview: Snippet 1759 started.
<-><->
      
l.1781 $
        /\simeq$
Not a real error.

./_9AD8_7B49_4EE3_65702_20note.md.tex:1781: Preview: Snippet 1759 ended.(491520+163840x1019447).
<-><->
      
l.1781 $/\simeq$
                
Not a real error.

[1759]
./_9AD8_7B49_4EE3_65702_20note.md.tex:1782: Preview: Snippet 1760 started.
<-><->
      
l.1782 $
        A$
Not a real error.

./_9AD8_7B49_4EE3_65702_20note.md.tex:1782: Preview: Snippet 1760 ended.(447828+0x491521).
<-><->
      
l.1782 $A$
          
Not a real error.

[1760]
./_9AD8_7B49_4EE3_65702_20note.md.tex:1783: Preview: Snippet 1761 started.
<-><->
      
l.1783 $
        M \simeq F[x]/(f_1) \oplus \cdots \oplus F[x]/(f_k) \oplus E$
Not a real error.

./_9AD8_7B49_4EE3_65702_20note.md.tex:1783: Preview: Snippet 1761 ended.(491520+163840x10705336).
<-><->
      
l.1783 ...oplus \cdots \oplus F[x]/(f_k) \oplus E$
                                                  
Not a real error.

[1761]
./_9AD8_7B49_4EE3_65702_20note.md.tex:1784: Preview: Snippet 1762 started.
<-><->
      
l.1784 $
        M$
Not a real error.

./_9AD8_7B49_4EE3_65702_20note.md.tex:1784: Preview: Snippet 1762 ended.(447828+0x707242).
<-><->
      
l.1784 $M$
          
Not a real error.

[1762]
./_9AD8_7B49_4EE3_65702_20note.md.tex:1785: Preview: Snippet 1763 started.
<-><->
      
l.1785 $
        E=\{0\}$
Not a real error.

./_9AD8_7B49_4EE3_65702_20note.md.tex:1785: Preview: Snippet 1763 ended.(491520+163840x2378405).
<-><->
      
l.1785 $E=\{0\}$
                
Not a real error.

[1763]
./_9AD8_7B49_4EE3_65702_20note.md.tex:1786: Preview: Snippet 1764 started.
<-><->
      
l.1786 $
        F[x]/(f_i) \leftrightarrow C_{f_i}$
Not a real error.

./_9AD8_7B49_4EE3_65702_20note.md.tex:1786: Preview: Snippet 1764 ended.(491520+187504x4611317).
<-><->
      
l.1786 $F[x]/(f_i) \leftrightarrow C_{f_i}$
                                           
Not a real error.

[1764]
./_9AD8_7B49_4EE3_65702_20note.md.tex:1787: Preview: Snippet 1765 started.
<-><->
      
l.1787 $
        M \leftrightarrow  diag(C_{f_1},\cdots,C_{f_k})$
Not a real error.

./_9AD8_7B49_4EE3_65702_20note.md.tex:1787: Preview: Snippet 1765 ended.(491520+187504x7107082).
<-><->
      
l.1787 ...ightarrow  diag(C_{f_1},\cdots,C_{f_k})$
                                                  
Not a real error.

[1765]
./_9AD8_7B49_4EE3_65702_20note.md.tex:1788: Preview: Snippet 1766 started.
<-><->
      
l.1788 $
        Min_A=f_k$
Not a real error.

./_9AD8_7B49_4EE3_65702_20note.md.tex:1788: Preview: Snippet 1766 ended.(455111+127431x3270397).
<-><->
      
l.1788 $Min_A=f_k$
                  
Not a real error.

[1766]
./_9AD8_7B49_4EE3_65702_20note.md.tex:1789: Preview: Snippet 1767 started.
<-><->
      
l.1789 $
        Char_A=\prod_if_i$
Not a real error.

./_9AD8_7B49_4EE3_65702_20note.md.tex:1789: Preview: Snippet 1767 ended.(491524+196611x4321064).
<-><->
      
l.1789 $Char_A=\prod_if_i$
                          
Not a real error.

[1767]
./_9AD8_7B49_4EE3_65702_20note.md.tex:1790: Preview: Snippet 1768 started.
<-><->
      
l.1790 $
        Min_A | Char_A$
Not a real error.

./_9AD8_7B49_4EE3_65702_20note.md.tex:1790: Preview: Snippet 1768 ended.(491520+163840x3897183).
<-><->
      
l.1790 $Min_A | Char_A$
                       
Not a real error.

[1768]
./_9AD8_7B49_4EE3_65702_20note.md.tex:1791: Preview: Snippet 1769 started.
<-><->
      
l.1791 $
        R=\mathbb{Z}$
Not a real error.

./_9AD8_7B49_4EE3_65702_20note.md.tex:1791: Preview: Snippet 1769 ended.(451470+0x1813385).
<-><->
      
l.1791 $R=\mathbb{Z}$
                     
Not a real error.

[1769]
./_9AD8_7B49_4EE3_65702_20note.md.tex:1792: Preview: Snippet 1770 started.
<-><->
      
l.1792 $
        A \simeq \mathbb{Z}/d_1\mathbb{Z}\oplus\cdots\oplus\mathbb{Z}/d_k\ma...
Not a real error.

./_9AD8_7B49_4EE3_65702_20note.md.tex:1792: Preview: Snippet 1770 ended.(491520+163840x8961655).
<-><->
      
l.1792 ...thbb{Z}/d_k\mathbb{Z}\oplus\mathbb{Z}^r$
                                                  
Not a real error.

[1770]
./_9AD8_7B49_4EE3_65702_20note.md.tex:1793: Preview: Snippet 1771 started.
<-><->
      
l.1793 $
        d_1|\cdots|d_k$
Not a real error.

./_9AD8_7B49_4EE3_65702_20note.md.tex:1793: Preview: Snippet 1771 ended.(491520+163840x2645784).
<-><->
      
l.1793 $d_1|\cdots|d_k$
                       
Not a real error.

[1771]
./_9AD8_7B49_4EE3_65702_20note.md.tex:1794: Preview: Snippet 1772 started.
<-><->
      
l.1794 $
        R$
Not a real error.

./_9AD8_7B49_4EE3_65702_20note.md.tex:1794: Preview: Snippet 1772 ended.(447828+0x502671).
<-><->
      
l.1794 $R$
          
Not a real error.

[1772]
./_9AD8_7B49_4EE3_65702_20note.md.tex:1795: Preview: Snippet 1773 started.
<-><->
      
l.1795 $
        I \subset R$
Not a real error.

./_9AD8_7B49_4EE3_65702_20note.md.tex:1795: Preview: Snippet 1773 ended.(447828+25623x1715989).
<-><->
      
l.1795 $I \subset R$
                    
Not a real error.

[1773]
./_9AD8_7B49_4EE3_65702_20note.md.tex:1796: Preview: Snippet 1774 started.
<-><->
      
l.1796 $
        M:R$
Not a real error.

./_9AD8_7B49_4EE3_65702_20note.md.tex:1796: Preview: Snippet 1774 ended.(447828+0x1756038).
<-><->
      
l.1796 $M:R$
            
Not a real error.

[1774]
./_9AD8_7B49_4EE3_65702_20note.md.tex:1797: Preview: Snippet 1775 started.
<-><->
      
l.1797 $
        M[I]:=\{x \in M| \forall a \in I,ax=0\}$
Not a real error.

./_9AD8_7B49_4EE3_65702_20note.md.tex:1797: Preview: Snippet 1775 ended.(491520+163840x9251622).
<-><->
      
l.1797 $M[I]:=\{x \in M| \forall a \in I,ax=0\}$
                                                
Not a real error.

[1775]
./_9AD8_7B49_4EE3_65702_20note.md.tex:1798: Preview: Snippet 1776 started.
<-><->
      
l.1798 $
        I=(h)$
Not a real error.

./_9AD8_7B49_4EE3_65702_20note.md.tex:1798: Preview: Snippet 1776 ended.(491520+163840x2100635).
<-><->
      
l.1798 $I=(h)$
              
Not a real error.

[1776]
./_9AD8_7B49_4EE3_65702_20note.md.tex:1799: Preview: Snippet 1777 started.
<-><->
      
l.1799 $
        M[I]=M[h]$
Not a real error.

./_9AD8_7B49_4EE3_65702_20note.md.tex:1799: Preview: Snippet 1777 ended.(491520+163840x3733573).
<-><->
      
l.1799 $M[I]=M[h]$
                  
Not a real error.

[1777]
./_9AD8_7B49_4EE3_65702_20note.md.tex:1800: Preview: Snippet 1778 started.
<-><->
      
l.1800 $
        R$
Not a real error.

./_9AD8_7B49_4EE3_65702_20note.md.tex:1800: Preview: Snippet 1778 ended.(447828+0x502671).
<-><->
      
l.1800 $R$
          
Not a real error.

[1778]
./_9AD8_7B49_4EE3_65702_20note.md.tex:1801: Preview: Snippet 1779 started.
<-><->
      
l.1801 $
        x \in M$
Not a real error.

./_9AD8_7B49_4EE3_65702_20note.md.tex:1801: Preview: Snippet 1779 ended.(447828+25623x1882786).
<-><->
      
l.1801 $x \in M$
                
Not a real error.

[1779]
./_9AD8_7B49_4EE3_65702_20note.md.tex:1802: Preview: Snippet 1780 started.
<-><->
      
l.1802 $
        x \in M[h]$
Not a real error.

./_9AD8_7B49_4EE3_65702_20note.md.tex:1802: Preview: Snippet 1780 ended.(491520+163840x2624467).
<-><->
      
l.1802 $x \in M[h]$
                   
Not a real error.

[1780]
./_9AD8_7B49_4EE3_65702_20note.md.tex:1803: Preview: Snippet 1781 started.
<-><->
      
l.1803 $
        h \in R-\{0\}$
Not a real error.

./_9AD8_7B49_4EE3_65702_20note.md.tex:1803: Preview: Snippet 1781 ended.(491520+163840x3465283).
<-><->
      
l.1803 $h \in R-\{0\}$
                      
Not a real error.

[1781]
./_9AD8_7B49_4EE3_65702_20note.md.tex:1804: Preview: Snippet 1782 started.
<-><->
      
l.1804 $
        x$
Not a real error.

./_9AD8_7B49_4EE3_65702_20note.md.tex:1804: Preview: Snippet 1782 ended.(282168+0x374556).
<-><->
      
l.1804 $x$
          
Not a real error.

[1782]
./_9AD8_7B49_4EE3_65702_20note.md.tex:1805: Preview: Snippet 1783 started.
<-><->
      
l.1805 $
        M$
Not a real error.

./_9AD8_7B49_4EE3_65702_20note.md.tex:1805: Preview: Snippet 1783 ended.(447828+0x707242).
<-><->
      
l.1805 $M$
          
Not a real error.

[1783]
./_9AD8_7B49_4EE3_65702_20note.md.tex:1806: Preview: Snippet 1784 started.
<-><->
      
l.1806 $
        x$
Not a real error.

./_9AD8_7B49_4EE3_65702_20note.md.tex:1806: Preview: Snippet 1784 ended.(282168+0x374556).
<-><->
      
l.1806 $x$
          
Not a real error.

[1784]
./_9AD8_7B49_4EE3_65702_20note.md.tex:1807: Preview: Snippet 1785 started.
<-><->
      
l.1807 $
        R$
Not a real error.

./_9AD8_7B49_4EE3_65702_20note.md.tex:1807: Preview: Snippet 1785 ended.(447828+0x502671).
<-><->
      
l.1807 $R$
          
Not a real error.

[1785]
./_9AD8_7B49_4EE3_65702_20note.md.tex:1808: Preview: Snippet 1786 started.
<-><->
      
l.1808 $
        \neq 0$
Not a real error.

./_9AD8_7B49_4EE3_65702_20note.md.tex:1808: Preview: Snippet 1786 ended.(455111+127430x1019447).
<-><->
      
l.1808 $\neq 0$
               
Not a real error.

[1786]
./_9AD8_7B49_4EE3_65702_20note.md.tex:1809: Preview: Snippet 1787 started.
<-><->
      
l.1809 $
        R$
Not a real error.

./_9AD8_7B49_4EE3_65702_20note.md.tex:1809: Preview: Snippet 1787 ended.(447828+0x502671).
<-><->
      
l.1809 $R$
          
Not a real error.

[1787]
./_9AD8_7B49_4EE3_65702_20note.md.tex:1810: Preview: Snippet 1788 started.
<-><->
      
l.1810 $
        R$
Not a real error.

./_9AD8_7B49_4EE3_65702_20note.md.tex:1810: Preview: Snippet 1788 ended.(447828+0x502671).
<-><->
      
l.1810 $R$
          
Not a real error.

[1788]
./_9AD8_7B49_4EE3_65702_20note.md.tex:1811: Preview: Snippet 1789 started.
<-><->
      
l.1811 $
        R$
Not a real error.

./_9AD8_7B49_4EE3_65702_20note.md.tex:1811: Preview: Snippet 1789 ended.(447828+0x502671).
<-><->
      
l.1811 $R$
          
Not a real error.

[1789]
./_9AD8_7B49_4EE3_65702_20note.md.tex:1812: Preview: Snippet 1790 started.
<-><->
      
l.1812 $
        M$
Not a real error.

./_9AD8_7B49_4EE3_65702_20note.md.tex:1812: Preview: Snippet 1790 ended.(447828+0x707242).
<-><->
      
l.1812 $M$
          
Not a real error.

[1790]
./_9AD8_7B49_4EE3_65702_20note.md.tex:1813: Preview: Snippet 1791 started.
<-><->
      
l.1813 $
        M_{tors}:=\{x \in M:\text{torsion element}\}$
Not a real error.

./_9AD8_7B49_4EE3_65702_20note.md.tex:1813: Preview: Snippet 1791 ended.(491520+163840x10161798).
<-><->
      
l.1813 ...rs}:=\{x \in M:\text{torsion element}\}$
                                                  
Not a real error.

[1791]
./_9AD8_7B49_4EE3_65702_20note.md.tex:1814: Preview: Snippet 1792 started.
<-><->
      
l.1814 $
        M$
Not a real error.

./_9AD8_7B49_4EE3_65702_20note.md.tex:1814: Preview: Snippet 1792 ended.(447828+0x707242).
<-><->
      
l.1814 $M$
          
Not a real error.

[1792]
./_9AD8_7B49_4EE3_65702_20note.md.tex:1815: Preview: Snippet 1793 started.
<-><->
      
l.1815 $
        M_{tf}:=M/M_{tors}$
Not a real error.

./_9AD8_7B49_4EE3_65702_20note.md.tex:1815: Preview: Snippet 1793 ended.(491520+187504x4821479).
<-><->
      
l.1815 $M_{tf}:=M/M_{tors}$
                           
Not a real error.

[1793]
./_9AD8_7B49_4EE3_65702_20note.md.tex:1816: Preview: Snippet 1794 started.
<-><->
      
l.1816 $
        M$
Not a real error.

./_9AD8_7B49_4EE3_65702_20note.md.tex:1816: Preview: Snippet 1794 ended.(447828+0x707242).
<-><->
      
l.1816 $M$
          
Not a real error.

[1794]
./_9AD8_7B49_4EE3_65702_20note.md.tex:1817: Preview: Snippet 1795 started.
<-><->
      
l.1817 $
        M_{tf}$
Not a real error.

./_9AD8_7B49_4EE3_65702_20note.md.tex:1817: Preview: Snippet 1795 ended.(447828+187504x1173509).
<-><->
      
l.1817 $M_{tf}$
               
Not a real error.

[1795]
./_9AD8_7B49_4EE3_65702_20note.md.tex:1818: Preview: Snippet 1796 started.
<-><->
      
l.1818 $
        \neq 0$
Not a real error.

./_9AD8_7B49_4EE3_65702_20note.md.tex:1818: Preview: Snippet 1796 ended.(455111+127430x1019447).
<-><->
      
l.1818 $\neq 0$
               
Not a real error.

[1796]
./_9AD8_7B49_4EE3_65702_20note.md.tex:1819: Preview: Snippet 1797 started.
<-><->
      
l.1819 $
        h|k$
Not a real error.

./_9AD8_7B49_4EE3_65702_20note.md.tex:1819: Preview: Snippet 1797 ended.(491520+163840x921450).
<-><->
      
l.1819 $h|k$
            
Not a real error.

[1797]
./_9AD8_7B49_4EE3_65702_20note.md.tex:1820: Preview: Snippet 1798 started.
<-><->
      
l.1820 $
        R$
Not a real error.

./_9AD8_7B49_4EE3_65702_20note.md.tex:1820: Preview: Snippet 1798 ended.(447828+0x502671).
<-><->
      
l.1820 $R$
          
Not a real error.

[1798]
./_9AD8_7B49_4EE3_65702_20note.md.tex:1821: Preview: Snippet 1799 started.
<-><->
      
l.1821 $
        \Longrightarrow$
Not a real error.

./_9AD8_7B49_4EE3_65702_20note.md.tex:1821: Preview: Snippet 1799 ended.(240435+0x1055863).
<-><->
      
l.1821 $\Longrightarrow$
                        
Not a real error.

[1799]
./_9AD8_7B49_4EE3_65702_20note.md.tex:1822: Preview: Snippet 1800 started.
<-><->
      
l.1822 $
        M[h] \subset M[k]$
Not a real error.

./_9AD8_7B49_4EE3_65702_20note.md.tex:1822: Preview: Snippet 1800 ended.(491520+163840x3755875).
<-><->
      
l.1822 $M[h] \subset M[k]$
                          
Not a real error.

[1800]
./_9AD8_7B49_4EE3_65702_20note.md.tex:1823: Preview: Snippet 1801 started.
<-><->
      
l.1823 $
        t \in R-\{0\}$
Not a real error.

./_9AD8_7B49_4EE3_65702_20note.md.tex:1823: Preview: Snippet 1801 ended.(491520+163840x3324350).
<-><->
      
l.1823 $t \in R-\{0\}$
                      
Not a real error.

[1801]
./_9AD8_7B49_4EE3_65702_20note.md.tex:1824: Preview: Snippet 1802 started.
<-><->
      
l.1824 $
        R:PID$
Not a real error.

./_9AD8_7B49_4EE3_65702_20note.md.tex:1824: Preview: Snippet 1802 ended.(447828+0x2460869).
<-><->
      
l.1824 $R:PID$
              
Not a real error.

[1802]
./_9AD8_7B49_4EE3_65702_20note.md.tex:1825: Preview: Snippet 1803 started.
<-><->
      
l.1825 $
        t \sim p_1^{a_1}\cdots p_m^{a_m}$
Not a real error.

./_9AD8_7B49_4EE3_65702_20note.md.tex:1825: Preview: Snippet 1803 ended.(488788+174758x4077975).
<-><->
      
l.1825 $t \sim p_1^{a_1}\cdots p_m^{a_m}$
                                         
Not a real error.

[1803]
./_9AD8_7B49_4EE3_65702_20note.md.tex:1826: Preview: Snippet 1804 started.
<-><->
      
l.1826 $
        M[t]=\bigoplus_iM[p_i^{a_i}]$
Not a real error.

./_9AD8_7B49_4EE3_65702_20note.md.tex:1826: Preview: Snippet 1804 ended.(491524+196611x5163096).
<-><->
      
l.1826 $M[t]=\bigoplus_iM[p_i^{a_i}]$
                                     
Not a real error.

[1804]
./_9AD8_7B49_4EE3_65702_20note.md.tex:1827: Preview: Snippet 1805 started.
<-><->
      
l.1827 $
        t=ab$
Not a real error.

./_9AD8_7B49_4EE3_65702_20note.md.tex:1827: Preview: Snippet 1805 ended.(455111+0x1738138).
<-><->
      
l.1827 $t=ab$
             
Not a real error.

[1805]
./_9AD8_7B49_4EE3_65702_20note.md.tex:1828: Preview: Snippet 1806 started.
<-><->
      
l.1828 $
        a,b \in R$
Not a real error.

./_9AD8_7B49_4EE3_65702_20note.md.tex:1828: Preview: Snippet 1806 ended.(455111+127431x2222602).
<-><->
      
l.1828 $a,b \in R$
                  
Not a real error.

[1806]
./_9AD8_7B49_4EE3_65702_20note.md.tex:1829: Preview: Snippet 1807 started.
<-><->
      
l.1829 $
        M[t]=M[a]\oplus M[b]$
Not a real error.

./_9AD8_7B49_4EE3_65702_20note.md.tex:1829: Preview: Snippet 1807 ended.(491520+163840x5753124).
<-><->
      
l.1829 $M[t]=M[a]\oplus M[b]$
                             
Not a real error.

[1807]
./_9AD8_7B49_4EE3_65702_20note.md.tex:1830: Preview: Snippet 1808 started.
<-><->
      
l.1830 $
        u,v \in R$
Not a real error.

./_9AD8_7B49_4EE3_65702_20note.md.tex:1830: Preview: Snippet 1808 ended.(447828+127431x2311275).
<-><->
      
l.1830 $u,v \in R$
                  
Not a real error.

[1808]
./_9AD8_7B49_4EE3_65702_20note.md.tex:1831: Preview: Snippet 1809 started.
<-><->
      
l.1831 $
        au+bv=1$
Not a real error.

./_9AD8_7B49_4EE3_65702_20note.md.tex:1831: Preview: Snippet 1809 ended.(455111+54613x3346498).
<-><->
      
l.1831 $au+bv=1$
                
Not a real error.

[1809]
./_9AD8_7B49_4EE3_65702_20note.md.tex:1832: Preview: Snippet 1810 started.
<-><->
      
l.1832 $
        x=aux+bvx$
Not a real error.

./_9AD8_7B49_4EE3_65702_20note.md.tex:1832: Preview: Snippet 1810 ended.(455111+54613x4142485).
<-><->
      
l.1832 $x=aux+bvx$
                  
Not a real error.

[1810]
./_9AD8_7B49_4EE3_65702_20note.md.tex:1833: Preview: Snippet 1811 started.
<-><->
      
l.1833 $
        M[t]=M[a]+M[b]$
Not a real error.

./_9AD8_7B49_4EE3_65702_20note.md.tex:1833: Preview: Snippet 1811 ended.(491520+163840x5753124).
<-><->
      
l.1833 $M[t]=M[a]+M[b]$
                       
Not a real error.

[1811]
./_9AD8_7B49_4EE3_65702_20note.md.tex:1834: Preview: Snippet 1812 started.
<-><->
      
l.1834 $
        x \in M[a]\cap M[b]$
Not a real error.

./_9AD8_7B49_4EE3_65702_20note.md.tex:1834: Preview: Snippet 1812 ended.(491520+163840x4674054).
<-><->
      
l.1834 $x \in M[a]\cap M[b]$
                            
Not a real error.

[1812]
./_9AD8_7B49_4EE3_65702_20note.md.tex:1835: Preview: Snippet 1813 started.
<-><->
      
l.1835 $
        x=uax+vbx=0$
Not a real error.

./_9AD8_7B49_4EE3_65702_20note.md.tex:1835: Preview: Snippet 1813 ended.(455111+54613x5343972).
<-><->
      
l.1835 $x=uax+vbx=0$
                    
Not a real error.

[1813]
./_9AD8_7B49_4EE3_65702_20note.md.tex:1836: Preview: Snippet 1814 started.
<-><->
      
l.1836 $
        p$
Not a real error.

./_9AD8_7B49_4EE3_65702_20note.md.tex:1836: Preview: Snippet 1814 ended.(282168+127431x329728).
<-><->
      
l.1836 $p$
          
Not a real error.

[1814]
./_9AD8_7B49_4EE3_65702_20note.md.tex:1837: Preview: Snippet 1815 started.
<-><->
      
l.1837 $
        R$
Not a real error.

./_9AD8_7B49_4EE3_65702_20note.md.tex:1837: Preview: Snippet 1815 ended.(447828+0x502671).
<-><->
      
l.1837 $R$
          
Not a real error.

[1815]
./_9AD8_7B49_4EE3_65702_20note.md.tex:1838: Preview: Snippet 1816 started.
<-><->
      
l.1838 $
        M:R$
Not a real error.

./_9AD8_7B49_4EE3_65702_20note.md.tex:1838: Preview: Snippet 1816 ended.(447828+0x1756038).
<-><->
      
l.1838 $M:R$
            
Not a real error.

[1816]
./_9AD8_7B49_4EE3_65702_20note.md.tex:1839: Preview: Snippet 1817 started.
<-><->
      
l.1839 $
        M[p] \subset M[p^2] \cdots$
Not a real error.

./_9AD8_7B49_4EE3_65702_20note.md.tex:1839: Preview: Snippet 1817 ended.(533465+163840x4952960).
<-><->
      
l.1839 $M[p] \subset M[p^2] \cdots$
                                   
Not a real error.

[1817]
./_9AD8_7B49_4EE3_65702_20note.md.tex:1840: Preview: Snippet 1818 started.
<-><->
      
l.1840 $
        M[p^\infty]=\bigcup M[p^i]$
Not a real error.

./_9AD8_7B49_4EE3_65702_20note.md.tex:1840: Preview: Snippet 1818 ended.(541383+163844x5104710).
<-><->
      
l.1840 $M[p^\infty]=\bigcup M[p^i]$
                                   
Not a real error.

[1818]
./_9AD8_7B49_4EE3_65702_20note.md.tex:1841: Preview: Snippet 1819 started.
<-><->
      
l.1841 $
        M[t]=M$
Not a real error.

./_9AD8_7B49_4EE3_65702_20note.md.tex:1841: Preview: Snippet 1819 ended.(491520+163840x2889038).
<-><->
      
l.1841 $M[t]=M$
               
Not a real error.

[1819]
./_9AD8_7B49_4EE3_65702_20note.md.tex:1842: Preview: Snippet 1820 started.
<-><->
      
l.1842 $
        M=\bigoplus_p M[p^\infty]$
Not a real error.

./_9AD8_7B49_4EE3_65702_20note.md.tex:1842: Preview: Snippet 1820 ended.(491524+285812x4677679).
<-><->
      
l.1842 $M=\bigoplus_p M[p^\infty]$
                                  
Not a real error.

[1820]
./_9AD8_7B49_4EE3_65702_20note.md.tex:1843: Preview: Snippet 1821 started.
<-><->
      
l.1843 $
        M:f.g$
Not a real error.

./_9AD8_7B49_4EE3_65702_20note.md.tex:1843: Preview: Snippet 1821 ended.(455111+127431x2126500).
<-><->
      
l.1843 $M:f.g$
              
Not a real error.

[1821]
./_9AD8_7B49_4EE3_65702_20note.md.tex:1844: Preview: Snippet 1822 started.
<-><->
      
l.1844 $
        R$
Not a real error.

./_9AD8_7B49_4EE3_65702_20note.md.tex:1844: Preview: Snippet 1822 ended.(447828+0x502671).
<-><->
      
l.1844 $R$
          
Not a real error.

[1822]
./_9AD8_7B49_4EE3_65702_20note.md.tex:1845: Preview: Snippet 1823 started.
<-><->
      
l.1845 $
        R:PID$
Not a real error.

./_9AD8_7B49_4EE3_65702_20note.md.tex:1845: Preview: Snippet 1823 ended.(447828+0x2460869).
<-><->
      
l.1845 $R:PID$
              
Not a real error.

[1823]
./_9AD8_7B49_4EE3_65702_20note.md.tex:1846: Preview: Snippet 1824 started.
<-><->
      
l.1846 $
        M \simeq R/(f_1) \oplus \cdots \oplus R/(f_k) \oplus (free)$
Not a real error.

./_9AD8_7B49_4EE3_65702_20note.md.tex:1846: Preview: Snippet 1824 ended.(491520+163840x10512224).
<-><->
      
l.1846 ...lus \cdots \oplus R/(f_k) \oplus (free)$
                                                  
Not a real error.

[1824]
./_9AD8_7B49_4EE3_65702_20note.md.tex:1847: Preview: Snippet 1825 started.
<-><->
      
l.1847 $
        f_1|\cdots|f_k$
Not a real error.

./_9AD8_7B49_4EE3_65702_20note.md.tex:1847: Preview: Snippet 1825 ended.(491520+163840x2605282).
<-><->
      
l.1847 $f_1|\cdots|f_k$
                       
Not a real error.

[1825]
./_9AD8_7B49_4EE3_65702_20note.md.tex:1848: Preview: Snippet 1826 started.
<-><->
      
l.1848 $
        p \in R$
Not a real error.

./_9AD8_7B49_4EE3_65702_20note.md.tex:1848: Preview: Snippet 1826 ended.(447828+127431x1633387).
<-><->
      
l.1848 $p \in R$
                
Not a real error.

[1826]
./_9AD8_7B49_4EE3_65702_20note.md.tex:1849: Preview: Snippet 1827 started.
<-><->
      
l.1849 $
        p|f_k$
Not a real error.

./_9AD8_7B49_4EE3_65702_20note.md.tex:1849: Preview: Snippet 1827 ended.(491520+163840x1155076).
<-><->
      
l.1849 $p|f_k$
              
Not a real error.

[1827]
./_9AD8_7B49_4EE3_65702_20note.md.tex:1850: Preview: Snippet 1828 started.
<-><->
      
l.1850 $
        b_i(p)=sup_j\{p^j|f_i\}$
Not a real error.

./_9AD8_7B49_4EE3_65702_20note.md.tex:1850: Preview: Snippet 1828 ended.(541383+187504x5483258).
<-><->
      
l.1850 $b_i(p)=sup_j\{p^j|f_i\}$
                                
Not a real error.

[1828]
./_9AD8_7B49_4EE3_65702_20note.md.tex:1851: Preview: Snippet 1829 started.
<-><->
      
l.1851 $
        R/(f_1) \simeq \bigoplus R/(p^{b_i(p)})$
Not a real error.

./_9AD8_7B49_4EE3_65702_20note.md.tex:1851: Preview: Snippet 1829 ended.(581889+163844x6486560).
<-><->
      
l.1851 $R/(f_1) \simeq \bigoplus R/(p^{b_i(p)})$
                                                
Not a real error.

[1829]
./_9AD8_7B49_4EE3_65702_20note.md.tex:1852: Preview: Snippet 1830 started.
<-><->
      
l.1852 $
        M_{tors} \simeq \bigoplus_{p|f_k}\bigoplus R/(p^{b_i(p)})$
Not a real error.

./_9AD8_7B49_4EE3_65702_20note.md.tex:1852: Preview: Snippet 1830 ended.(581889+311299x7999663).
<-><->
      
l.1852 ...igoplus_{p|f_k}\bigoplus R/(p^{b_i(p)})$
                                                  
Not a real error.

[1830]
./_9AD8_7B49_4EE3_65702_20note.md.tex:1853: Preview: Snippet 1831 started.
<-><->
      
l.1853 $
        R=F[x]$
Not a real error.

./_9AD8_7B49_4EE3_65702_20note.md.tex:1853: Preview: Snippet 1831 ended.(491520+163840x2627579).
<-><->
      
l.1853 $R=F[x]$
               
Not a real error.

[1831]
./_9AD8_7B49_4EE3_65702_20note.md.tex:1854: Preview: Snippet 1832 started.
<-><->
      
l.1854 $
        A \in M_{n \times n}(F),n \in \mathbb{Z}_{\geq 1}$
Not a real error.

./_9AD8_7B49_4EE3_65702_20note.md.tex:1854: Preview: Snippet 1832 ended.(491520+183387x6666922).
<-><->
      
l.1854 ... \times n}(F),n \in \mathbb{Z}_{\geq 1}$
                                                  
Not a real error.

[1832]
./_9AD8_7B49_4EE3_65702_20note.md.tex:1855: Preview: Snippet 1833 started.
<-><->
      
l.1855 $
        Min_A=p_1^{a_1} \cdots p_m^{a_m}$
Not a real error.

./_9AD8_7B49_4EE3_65702_20note.md.tex:1855: Preview: Snippet 1833 ended.(488788+174758x5594605).
<-><->
      
l.1855 $Min_A=p_1^{a_1} \cdots p_m^{a_m}$
                                         
Not a real error.

[1833]
./_9AD8_7B49_4EE3_65702_20note.md.tex:1856: Preview: Snippet 1834 started.
<-><->
      
l.1856 $
        p_i$
Not a real error.

./_9AD8_7B49_4EE3_65702_20note.md.tex:1856: Preview: Snippet 1834 ended.(282168+127431x547916).
<-><->
      
l.1856 $p_i$
            
Not a real error.

[1834]
./_9AD8_7B49_4EE3_65702_20note.md.tex:1857: Preview: Snippet 1835 started.
<-><->
      
l.1857 $
        F[x]$
Not a real error.

./_9AD8_7B49_4EE3_65702_20note.md.tex:1857: Preview: Snippet 1835 ended.(491520+163840x1251102).
<-><->
      
l.1857 $F[x]$
             
Not a real error.

[1835]
./_9AD8_7B49_4EE3_65702_20note.md.tex:1858: Preview: Snippet 1836 started.
<-><->
      
l.1858 $
        A \sim diag(A_1,\cdots,A_m)$
Not a real error.

./_9AD8_7B49_4EE3_65702_20note.md.tex:1858: Preview: Snippet 1836 ended.(491520+163840x6464887).
<-><->
      
l.1858 $A \sim diag(A_1,\cdots,A_m)$
                                    
Not a real error.

[1836]
./_9AD8_7B49_4EE3_65702_20note.md.tex:1859: Preview: Snippet 1837 started.
<-><->
      
l.1859 $
        A_j=diag(C_{P_j^{b_1j}},\cdots,C_{P_j^{b_{r_j}j}})$
Not a real error.

./_9AD8_7B49_4EE3_65702_20note.md.tex:1859: Preview: Snippet 1837 ended.(491520+607819x8434991).
<-><->
      
l.1859 ...{P_j^{b_1j}},\cdots,C_{P_j^{b_{r_j}j}})$
                                                  
Not a real error.

[1837]
./_9AD8_7B49_4EE3_65702_20note.md.tex:1860: Preview: Snippet 1838 started.
<-><->
      
l.1860 $
        A/conj$
Not a real error.

./_9AD8_7B49_4EE3_65702_20note.md.tex:1860: Preview: Snippet 1838 ended.(491520+163840x2121247).
<-><->
      
l.1860 $A/conj$
               
Not a real error.

[1838]
./_9AD8_7B49_4EE3_65702_20note.md.tex:1861: Preview: Snippet 1839 started.
<-><->
      
l.1861 $
        p_1,\cdots,p_m$
Not a real error.

./_9AD8_7B49_4EE3_65702_20note.md.tex:1861: Preview: Snippet 1839 ended.(291271+127431x3016847).
<-><->
      
l.1861 $p_1,\cdots,p_m$
                       
Not a real error.

[1839]
./_9AD8_7B49_4EE3_65702_20note.md.tex:1862: Preview: Snippet 1840 started.
<-><->
      
l.1862 $
        E$
Not a real error.

./_9AD8_7B49_4EE3_65702_20note.md.tex:1862: Preview: Snippet 1840 ended.(447828+0x521556).
<-><->
      
l.1862 $E$
          
Not a real error.

[1840]
./_9AD8_7B49_4EE3_65702_20note.md.tex:1863: Preview: Snippet 1841 started.
<-><->
      
l.1863 $
        R$
Not a real error.

./_9AD8_7B49_4EE3_65702_20note.md.tex:1863: Preview: Snippet 1841 ended.(447828+0x502671).
<-><->
      
l.1863 $R$
          
Not a real error.

[1841]
./_9AD8_7B49_4EE3_65702_20note.md.tex:1864: Preview: Snippet 1842 started.
<-><->
      
l.1864 $
        n \in \mathbb{Z}_{\geq 0}$
Not a real error.

./_9AD8_7B49_4EE3_65702_20note.md.tex:1864: Preview: Snippet 1842 ended.(451470+183387x2334870).
<-><->
      
l.1864 $n \in \mathbb{Z}_{\geq 0}$
                                  
Not a real error.

[1842]
./_9AD8_7B49_4EE3_65702_20note.md.tex:1865: Preview: Snippet 1843 started.
<-><->
      
l.1865 $
        N$
Not a real error.

./_9AD8_7B49_4EE3_65702_20note.md.tex:1865: Preview: Snippet 1843 ended.(447828+0x598014).
<-><->
      
l.1865 $N$
          
Not a real error.

[1843]
./_9AD8_7B49_4EE3_65702_20note.md.tex:1866: Preview: Snippet 1844 started.
<-><->
      
l.1866 $
        f_1,\cdots,f_n$
Not a real error.

./_9AD8_7B49_4EE3_65702_20note.md.tex:1866: Preview: Snippet 1844 ended.(455111+127431x2858016).
<-><->
      
l.1866 $f_1,\cdots,f_n$
                       
Not a real error.

[1844]
./_9AD8_7B49_4EE3_65702_20note.md.tex:1867: Preview: Snippet 1845 started.
<-><->
      
l.1867 $
        E$
Not a real error.

./_9AD8_7B49_4EE3_65702_20note.md.tex:1867: Preview: Snippet 1845 ended.(447828+0x521556).
<-><->
      
l.1867 $E$
          
Not a real error.

[1845]
./_9AD8_7B49_4EE3_65702_20note.md.tex:1868: Preview: Snippet 1846 started.
<-><->
      
l.1868 $
        d_1,\cdots,d_n \in R$
Not a real error.

./_9AD8_7B49_4EE3_65702_20note.md.tex:1868: Preview: Snippet 1846 ended.(455111+127431x4202177).
<-><->
      
l.1868 $d_1,\cdots,d_n \in R$
                             
Not a real error.

[1846]
./_9AD8_7B49_4EE3_65702_20note.md.tex:1869: Preview: Snippet 1847 started.
<-><->
      
l.1869 $
        d_1|\cdots|d_n$
Not a real error.

./_9AD8_7B49_4EE3_65702_20note.md.tex:1869: Preview: Snippet 1847 ended.(491520+163840x2680070).
<-><->
      
l.1869 $d_1|\cdots|d_n$
                       
Not a real error.

[1847]
./_9AD8_7B49_4EE3_65702_20note.md.tex:1870: Preview: Snippet 1848 started.
<-><->
      
l.1870 $
        d_1f_1, \cdots,d_rf_r$
Not a real error.

./_9AD8_7B49_4EE3_65702_20note.md.tex:1870: Preview: Snippet 1848 ended.(455111+127431x4057917).
<-><->
      
l.1870 $d_1f_1, \cdots,d_rf_r$
                              
Not a real error.

[1848]
./_9AD8_7B49_4EE3_65702_20note.md.tex:1871: Preview: Snippet 1849 started.
<-><->
      
l.1871 $
        N$
Not a real error.

./_9AD8_7B49_4EE3_65702_20note.md.tex:1871: Preview: Snippet 1849 ended.(447828+0x598014).
<-><->
      
l.1871 $N$
          
Not a real error.

[1849]
./_9AD8_7B49_4EE3_65702_20note.md.tex:1872: Preview: Snippet 1850 started.
<-><->
      
l.1872 $
        r:=max\{i|d_i \neq 0\}$
Not a real error.

./_9AD8_7B49_4EE3_65702_20note.md.tex:1872: Preview: Snippet 1850 ended.(491520+163840x5490082).
<-><->
      
l.1872 $r:=max\{i|d_i \neq 0\}$
                               
Not a real error.

[1850]
./_9AD8_7B49_4EE3_65702_20note.md.tex:1873: Preview: Snippet 1851 started.
<-><->
      
l.1873 $
        \exists$
Not a real error.

./_9AD8_7B49_4EE3_65702_20note.md.tex:1873: Preview: Snippet 1851 ended.(455111+0x364090).
<-><->
      
l.1873 $\exists$
                
Not a real error.

[1851]
./_9AD8_7B49_4EE3_65702_20note.md.tex:1874: Preview: Snippet 1852 started.
<-><->
      
l.1874 $
        M:f.g.R$
Not a real error.

./_9AD8_7B49_4EE3_65702_20note.md.tex:1874: Preview: Snippet 1852 ended.(455111+127431x2811216).
<-><->
      
l.1874 $M:f.g.R$
                
Not a real error.

[1852]
./_9AD8_7B49_4EE3_65702_20note.md.tex:1875: Preview: Snippet 1853 started.
<-><->
      
l.1875 $
        E:=R^{\oplus n} \twoheadrightarrow M$
Not a real error.

./_9AD8_7B49_4EE3_65702_20note.md.tex:1875: Undefined control sequence.
l.1875 $E:=R^{\oplus n} \twoheadrightarrow
                                           M$
The control sequence at the end of the top line
of your error message was never \def'ed. If you have
misspelled it (e.g., `\hobx'), type `I' and the correct
spelling (e.g., `I\hbox'). Otherwise just continue,
and I'll forget about whatever was undefined.

./_9AD8_7B49_4EE3_65702_20note.md.tex:1875: Preview: Snippet 1853 ended.(521815+0x3553655).
<-><->
      
l.1875 $E:=R^{\oplus n} \twoheadrightarrow M$
                                             
Not a real error.

[1853]
./_9AD8_7B49_4EE3_65702_20note.md.tex:1876: Preview: Snippet 1854 started.
<-><->
      
l.1876 $
        N$
Not a real error.

./_9AD8_7B49_4EE3_65702_20note.md.tex:1876: Preview: Snippet 1854 ended.(447828+0x598014).
<-><->
      
l.1876 $N$
          
Not a real error.

[1854]
./_9AD8_7B49_4EE3_65702_20note.md.tex:1877: Preview: Snippet 1855 started.
<-><->
      
l.1877 $
        (r_i)_i \mapsto \sum_{i}r_ix_i$
Not a real error.

./_9AD8_7B49_4EE3_65702_20note.md.tex:1877: Preview: Snippet 1855 ended.(491524+196611x4387000).
<-><->
      
l.1877 $(r_i)_i \mapsto \sum_{i}r_ix_i$
                                       
Not a real error.

[1855]
./_9AD8_7B49_4EE3_65702_20note.md.tex:1878: Preview: Snippet 1856 started.
<-><->
      
l.1878 $
        M \simeq E/N$
Not a real error.

./_9AD8_7B49_4EE3_65702_20note.md.tex:1878: Preview: Snippet 1856 ended.(491520+163840x2991890).
<-><->
      
l.1878 $M \simeq E/N$
                     
Not a real error.

[1856]
./_9AD8_7B49_4EE3_65702_20note.md.tex:1879: Preview: Snippet 1857 started.
<-><->
      
l.1879 $
        f_1,\cdots,f_n$
Not a real error.

./_9AD8_7B49_4EE3_65702_20note.md.tex:1879: Preview: Snippet 1857 ended.(455111+127431x2858016).
<-><->
      
l.1879 $f_1,\cdots,f_n$
                       
Not a real error.

[1857]
./_9AD8_7B49_4EE3_65702_20note.md.tex:1880: Preview: Snippet 1858 started.
<-><->
      
l.1880 $
        d_1,\cdots,d_n,r$
Not a real error.

./_9AD8_7B49_4EE3_65702_20note.md.tex:1880: Preview: Snippet 1858 ended.(455111+127431x3503663).
<-><->
      
l.1880 $d_1,\cdots,d_n,r$
                         
Not a real error.

[1858]
./_9AD8_7B49_4EE3_65702_20note.md.tex:1881: Preview: Snippet 1859 started.
<-><->
      
l.1881 $
        M \simeq Rf_1 \oplus \cdots Rf_n/(Rd_1f_1 \oplus \cdots\oplus Rd_rf_r)$
Not a real error.

./_9AD8_7B49_4EE3_65702_20note.md.tex:1881: Preview: Snippet 1859 ended.(491520+163840x12255294).
<-><->
      
l.1881 ...n/(Rd_1f_1 \oplus \cdots\oplus Rd_rf_r)$
                                                  
Not a real error.

[1859]
./_9AD8_7B49_4EE3_65702_20note.md.tex:1882: Preview: Snippet 1860 started.
<-><->
      
l.1882 $
        M_{tors} \subset M$
Not a real error.

./_9AD8_7B49_4EE3_65702_20note.md.tex:1882: Preview: Snippet 1860 ended.(447828+98303x3211062).
<-><->
      
l.1882 $M_{tors} \subset M$
                           
Not a real error.

[1860]
./_9AD8_7B49_4EE3_65702_20note.md.tex:1883: Preview: Snippet 1861 started.
<-><->
      
l.1883 $
        M_{tf}=M/M_{tors}$
Not a real error.

./_9AD8_7B49_4EE3_65702_20note.md.tex:1883: Preview: Snippet 1861 ended.(491520+187504x4639434).
<-><->
      
l.1883 $M_{tf}=M/M_{tors}$
                          
Not a real error.

[1861]
./_9AD8_7B49_4EE3_65702_20note.md.tex:1884: Preview: Snippet 1862 started.
<-><->
      
l.1884 $
        M \simeq M'$
Not a real error.

./_9AD8_7B49_4EE3_65702_20note.md.tex:1884: Preview: Snippet 1862 ended.(492688+0x2472155).
<-><->
      
l.1884 $M \simeq M'$
                    
Not a real error.

[1862]
./_9AD8_7B49_4EE3_65702_20note.md.tex:1885: Preview: Snippet 1863 started.
<-><->
      
l.1885 $
        M_{tors} \simeq M'_{tors}$
Not a real error.

./_9AD8_7B49_4EE3_65702_20note.md.tex:1885: Preview: Snippet 1863 ended.(492688+162016x4133834).
<-><->
      
l.1885 $M_{tors} \simeq M'_{tors}$
                                  
Not a real error.

[1863]
./_9AD8_7B49_4EE3_65702_20note.md.tex:1886: Preview: Snippet 1864 started.
<-><->
      
l.1886 $
        M_{tf} \simeq M'_{tf}$
Not a real error.

./_9AD8_7B49_4EE3_65702_20note.md.tex:1886: Preview: Snippet 1864 ended.(492688+274805x3220824).
<-><->
      
l.1886 $M_{tf} \simeq M'_{tf}$
                              
Not a real error.

[1864]
./_9AD8_7B49_4EE3_65702_20note.md.tex:1887: Preview: Snippet 1865 started.
<-><->
      
l.1887 $
        E=\{0\}$
Not a real error.

./_9AD8_7B49_4EE3_65702_20note.md.tex:1887: Preview: Snippet 1865 ended.(491520+163840x2378405).
<-><->
      
l.1887 $E=\{0\}$
                
Not a real error.

[1865]
./_9AD8_7B49_4EE3_65702_20note.md.tex:1888: Preview: Snippet 1866 started.
<-><->
      
l.1888 $
        p$
Not a real error.

./_9AD8_7B49_4EE3_65702_20note.md.tex:1888: Preview: Snippet 1866 ended.(282168+127431x329728).
<-><->
      
l.1888 $p$
          
Not a real error.

[1866]
./_9AD8_7B49_4EE3_65702_20note.md.tex:1889: Preview: Snippet 1867 started.
<-><->
      
l.1889 $
        R$
Not a real error.

./_9AD8_7B49_4EE3_65702_20note.md.tex:1889: Preview: Snippet 1867 ended.(447828+0x502671).
<-><->
      
l.1889 $R$
          
Not a real error.

[1867]
./_9AD8_7B49_4EE3_65702_20note.md.tex:1890: Preview: Snippet 1868 started.
<-><->
      
l.1890 $
        R/(p^{b_1}) \oplus \cdots \oplus R/(p^{b_k}) \simeq R/(p^{b_1'}) \op...
Not a real error.

./_9AD8_7B49_4EE3_65702_20note.md.tex:1890: Preview: Snippet 1868 ended.(620240+163840x14600909).
<-><->
      
l.1890 ...}) \oplus \cdots \oplus R/(p^{b_{k'}'})$
                                                  
Not a real error.

[1868]
./_9AD8_7B49_4EE3_65702_20note.md.tex:1891: Preview: Snippet 1869 started.
<-><->
      
l.1891 $
        1 \leq b_1 \leq \cdots$
Not a real error.

./_9AD8_7B49_4EE3_65702_20note.md.tex:1891: Preview: Snippet 1869 ended.(455111+98303x3524361).
<-><->
      
l.1891 $1 \leq b_1 \leq \cdots$
                               
Not a real error.

[1869]
./_9AD8_7B49_4EE3_65702_20note.md.tex:1892: Preview: Snippet 1870 started.
<-><->
      
l.1892 $
        1 \leq b_1' \leq \cdots$
Not a real error.

./_9AD8_7B49_4EE3_65702_20note.md.tex:1892: Preview: Snippet 1870 ended.(492688+162667x3524361).
<-><->
      
l.1892 $1 \leq b_1' \leq \cdots$
                                
Not a real error.

[1870]
./_9AD8_7B49_4EE3_65702_20note.md.tex:1893: Preview: Snippet 1871 started.
<-><->
      
l.1893 $
        k=k'$
Not a real error.

./_9AD8_7B49_4EE3_65702_20note.md.tex:1893: Preview: Snippet 1871 ended.(492688+0x1781299).
<-><->
      
l.1893 $k=k'$
             
Not a real error.

[1871]
./_9AD8_7B49_4EE3_65702_20note.md.tex:1894: Preview: Snippet 1872 started.
<-><->
      
l.1894 $
        b_i=b_i'$
Not a real error.

./_9AD8_7B49_4EE3_65702_20note.md.tex:1894: Preview: Snippet 1872 ended.(492688+170585x1872698).
<-><->
      
l.1894 $b_i=b_i'$
                 
Not a real error.

[1872]
./_9AD8_7B49_4EE3_65702_20note.md.tex:1895: Preview: Snippet 1873 started.
<-><->
      
l.1895 $
        M[p]=\bigoplus_i(R/p^{b_i})[p]=\bigoplus_i p^{b_i-1}R/p^{b_i}R \sime...
Not a real error.

./_9AD8_7B49_4EE3_65702_20note.md.tex:1895: Preview: Snippet 1873 ended.(556402+196611x15189307).
<-><->
      
l.1895 ..._i-1}R/p^{b_i}R \simeq \bigoplus_iR/(p)$
                                                  
Not a real error.

[1873]
./_9AD8_7B49_4EE3_65702_20note.md.tex:1896: Preview: Snippet 1874 started.
<-><->
      
l.1896 $
        R/(p)$
Not a real error.

./_9AD8_7B49_4EE3_65702_20note.md.tex:1896: Preview: Snippet 1874 ended.(491520+163840x1669806).
<-><->
      
l.1896 $R/(p)$
              
Not a real error.

[1874]
./_9AD8_7B49_4EE3_65702_20note.md.tex:1897: Preview: Snippet 1875 started.
<-><->
      
l.1897 $
        R/(p)$
Not a real error.

./_9AD8_7B49_4EE3_65702_20note.md.tex:1897: Preview: Snippet 1875 ended.(491520+163840x1669806).
<-><->
      
l.1897 $R/(p)$
              
Not a real error.

[1875]
./_9AD8_7B49_4EE3_65702_20note.md.tex:1898: Preview: Snippet 1876 started.
<-><->
      
l.1898 $
        k=k'=dim_{R/(p)}M[p]$
Not a real error.

./_9AD8_7B49_4EE3_65702_20note.md.tex:1898: Preview: Snippet 1876 ended.(492688+233018x6576668).
<-><->
      
l.1898 $k=k'=dim_{R/(p)}M[p]$
                             
Not a real error.

[1876]
./_9AD8_7B49_4EE3_65702_20note.md.tex:1899: Preview: Snippet 1877 started.
<-><->
      
l.1899 $
        j>0$
Not a real error.

./_9AD8_7B49_4EE3_65702_20note.md.tex:1899: Preview: Snippet 1877 ended.(432226+127431x1508883).
<-><->
      
l.1899 $j>0$
            
Not a real error.

[1877]
./_9AD8_7B49_4EE3_65702_20note.md.tex:1900: Preview: Snippet 1878 started.
<-><->
      
l.1900 $
        p^jM \simeq \bigoplus_ip^jR/p^{b_i}R \simeq_{i:j<b_i}R/p^{b_i-j}R$
Not a real error.

./_9AD8_7B49_4EE3_65702_20note.md.tex:1900: Preview: Snippet 1878 ended.(556402+196611x11099949).
<-><->
      
l.1900 ...R/p^{b_i}R \simeq_{i:j<b_i}R/p^{b_i-j}R$
                                                  
Not a real error.

[1878]
./_9AD8_7B49_4EE3_65702_20note.md.tex:1901: Preview: Snippet 1879 started.
<-><->
      
l.1901 $
        (p^jM)[p]$
Not a real error.

./_9AD8_7B49_4EE3_65702_20note.md.tex:1901: Preview: Snippet 1879 ended.(541383+163840x2516654).
<-><->
      
l.1901 $(p^jM)[p]$
                  
Not a real error.

[1879]
./_9AD8_7B49_4EE3_65702_20note.md.tex:1902: Preview: Snippet 1880 started.
<-><->
      
l.1902 $
        j<b_i$
Not a real error.

./_9AD8_7B49_4EE3_65702_20note.md.tex:1902: Preview: Snippet 1880 ended.(455111+127431x1680648).
<-><->
      
l.1902 $j<b_i$
              
Not a real error.

[1880]
./_9AD8_7B49_4EE3_65702_20note.md.tex:1903: Preview: Snippet 1881 started.
<-><->
      
l.1903 $
        v_i$
Not a real error.

./_9AD8_7B49_4EE3_65702_20note.md.tex:1903: Preview: Snippet 1881 ended.(282168+98303x535856).
<-><->
      
l.1903 $v_i$
            
Not a real error.

[1881]
./_9AD8_7B49_4EE3_65702_20note.md.tex:1904: Preview: Snippet 1882 started.
<-><->
      
l.1904 $
        v_i'$
Not a real error.

./_9AD8_7B49_4EE3_65702_20note.md.tex:1904: Preview: Snippet 1882 ended.(492688+170585x535856).
<-><->
      
l.1904 $v_i'$
             
Not a real error.

[1882]
./_9AD8_7B49_4EE3_65702_20note.md.tex:1905: Preview: Snippet 1883 started.
<-><->
      
l.1905 $
        M \simeq M'$
Not a real error.

./_9AD8_7B49_4EE3_65702_20note.md.tex:1905: Preview: Snippet 1883 ended.(492688+0x2472155).
<-><->
      
l.1905 $M \simeq M'$
                    
Not a real error.

[1883]
./_9AD8_7B49_4EE3_65702_20note.md.tex:1906: Preview: Snippet 1884 started.
<-><->
      
l.1906 $
        p^jM[p] \simeq p^{j}M'[p]$
Not a real error.

./_9AD8_7B49_4EE3_65702_20note.md.tex:1906: Preview: Snippet 1884 ended.(541383+163840x5071527).
<-><->
      
l.1906 $p^jM[p] \simeq p^{j}M'[p]$
                                  
Not a real error.

[1884]
./_9AD8_7B49_4EE3_65702_20note.md.tex:1907: Preview: Snippet 1885 started.
<-><->
      
l.1907 $
        v_i=v_i'$
Not a real error.

./_9AD8_7B49_4EE3_65702_20note.md.tex:1907: Preview: Snippet 1885 ended.(492688+170585x1945518).
<-><->
      
l.1907 $v_i=v_i'$
                 
Not a real error.

[1885]
./_9AD8_7B49_4EE3_65702_20note.md.tex:1908: Preview: Snippet 1886 started.
<-><->
      
l.1908 $
        j$
Not a real error.

./_9AD8_7B49_4EE3_65702_20note.md.tex:1908: Preview: Snippet 1886 ended.(432226+127431x307396).
<-><->
      
l.1908 $j$
          
Not a real error.

[1886]
./_9AD8_7B49_4EE3_65702_20note.md.tex:1909: Preview: Snippet 1887 started.
<-><->
      
l.1909 $
        b_i=b_i'$
Not a real error.

./_9AD8_7B49_4EE3_65702_20note.md.tex:1909: Preview: Snippet 1887 ended.(492688+170585x1872698).
<-><->
      
l.1909 $b_i=b_i'$
                 
Not a real error.

[1887]
./_9AD8_7B49_4EE3_65702_20note.md.tex:1910: Preview: Snippet 1888 started.
<-><->
      
l.1910 $
        E$
Not a real error.

./_9AD8_7B49_4EE3_65702_20note.md.tex:1910: Preview: Snippet 1888 ended.(447828+0x521556).
<-><->
      
l.1910 $E$
          
Not a real error.

[1888]
./_9AD8_7B49_4EE3_65702_20note.md.tex:1911: Preview: Snippet 1889 started.
<-><->
      
l.1911 $
        R$
Not a real error.

./_9AD8_7B49_4EE3_65702_20note.md.tex:1911: Preview: Snippet 1889 ended.(447828+0x502671).
<-><->
      
l.1911 $R$
          
Not a real error.

[1889]
./_9AD8_7B49_4EE3_65702_20note.md.tex:1912: Preview: Snippet 1890 started.
<-><->
      
l.1912 $
        n \in \mathbb{Z}_{\geq 0}$
Not a real error.

./_9AD8_7B49_4EE3_65702_20note.md.tex:1912: Preview: Snippet 1890 ended.(451470+183387x2334870).
<-><->
      
l.1912 $n \in \mathbb{Z}_{\geq 0}$
                                  
Not a real error.

[1890]
./_9AD8_7B49_4EE3_65702_20note.md.tex:1913: Preview: Snippet 1891 started.
<-><->
      
l.1913 $
        N$
Not a real error.

./_9AD8_7B49_4EE3_65702_20note.md.tex:1913: Preview: Snippet 1891 ended.(447828+0x598014).
<-><->
      
l.1913 $N$
          
Not a real error.

[1891]
./_9AD8_7B49_4EE3_65702_20note.md.tex:1914: Preview: Snippet 1892 started.
<-><->
      
l.1914 $
        f_1,\cdots,f_n$
Not a real error.

./_9AD8_7B49_4EE3_65702_20note.md.tex:1914: Preview: Snippet 1892 ended.(455111+127431x2858016).
<-><->
      
l.1914 $f_1,\cdots,f_n$
                       
Not a real error.

[1892]
./_9AD8_7B49_4EE3_65702_20note.md.tex:1915: Preview: Snippet 1893 started.
<-><->
      
l.1915 $
        E$
Not a real error.

./_9AD8_7B49_4EE3_65702_20note.md.tex:1915: Preview: Snippet 1893 ended.(447828+0x521556).
<-><->
      
l.1915 $E$
          
Not a real error.

[1893]
./_9AD8_7B49_4EE3_65702_20note.md.tex:1916: Preview: Snippet 1894 started.
<-><->
      
l.1916 $
        d_1,\cdots,d_n \in R$
Not a real error.

./_9AD8_7B49_4EE3_65702_20note.md.tex:1916: Preview: Snippet 1894 ended.(455111+127431x4202177).
<-><->
      
l.1916 $d_1,\cdots,d_n \in R$
                             
Not a real error.

[1894]
./_9AD8_7B49_4EE3_65702_20note.md.tex:1917: Preview: Snippet 1895 started.
<-><->
      
l.1917 $
        d_1|\cdots|d_n$
Not a real error.

./_9AD8_7B49_4EE3_65702_20note.md.tex:1917: Preview: Snippet 1895 ended.(491520+163840x2680070).
<-><->
      
l.1917 $d_1|\cdots|d_n$
                       
Not a real error.

[1895]
./_9AD8_7B49_4EE3_65702_20note.md.tex:1918: Preview: Snippet 1896 started.
<-><->
      
l.1918 $
        d_1f_1, \cdots,d_rf_r$
Not a real error.

./_9AD8_7B49_4EE3_65702_20note.md.tex:1918: Preview: Snippet 1896 ended.(455111+127431x4057917).
<-><->
      
l.1918 $d_1f_1, \cdots,d_rf_r$
                              
Not a real error.

[1896]
./_9AD8_7B49_4EE3_65702_20note.md.tex:1919: Preview: Snippet 1897 started.
<-><->
      
l.1919 $
        N$
Not a real error.

./_9AD8_7B49_4EE3_65702_20note.md.tex:1919: Preview: Snippet 1897 ended.(447828+0x598014).
<-><->
      
l.1919 $N$
          
Not a real error.

[1897]
./_9AD8_7B49_4EE3_65702_20note.md.tex:1920: Preview: Snippet 1898 started.
<-><->
      
l.1920 $
        r:=max\{i|d_i \neq 0\}$
Not a real error.

./_9AD8_7B49_4EE3_65702_20note.md.tex:1920: Preview: Snippet 1898 ended.(491520+163840x5490082).
<-><->
      
l.1920 $r:=max\{i|d_i \neq 0\}$
                               
Not a real error.

[1898]
./_9AD8_7B49_4EE3_65702_20note.md.tex:1921: Preview: Snippet 1899 started.
<-><->
      
l.1921 $
        R$
Not a real error.

./_9AD8_7B49_4EE3_65702_20note.md.tex:1921: Preview: Snippet 1899 ended.(447828+0x502671).
<-><->
      
l.1921 $R$
          
Not a real error.

[1899]
./_9AD8_7B49_4EE3_65702_20note.md.tex:1922: Preview: Snippet 1900 started.
<-><->
      
l.1922 $
        n,m \in \mathbb{Z}_{\geq 1}$
Not a real error.

./_9AD8_7B49_4EE3_65702_20note.md.tex:1922: Preview: Snippet 1900 ended.(451470+183387x3201554).
<-><->
      
l.1922 $n,m \in \mathbb{Z}_{\geq 1}$
                                    
Not a real error.

[1900]
./_9AD8_7B49_4EE3_65702_20note.md.tex:1923: Preview: Snippet 1901 started.
<-><->
      
l.1923 $
        M$
Not a real error.

./_9AD8_7B49_4EE3_65702_20note.md.tex:1923: Preview: Snippet 1901 ended.(447828+0x707242).
<-><->
      
l.1923 $M$
          
Not a real error.

[1901]
./_9AD8_7B49_4EE3_65702_20note.md.tex:1924: Preview: Snippet 1902 started.
<-><->
      
l.1924 $
        R$
Not a real error.

./_9AD8_7B49_4EE3_65702_20note.md.tex:1924: Preview: Snippet 1902 ended.(447828+0x502671).
<-><->
      
l.1924 $R$
          
Not a real error.

[1902]
./_9AD8_7B49_4EE3_65702_20note.md.tex:1925: Preview: Snippet 1903 started.
<-><->
      
l.1925 $
        e_1,\cdots,e_n,x_1,\cdots,x_m \in M$
Not a real error.

./_9AD8_7B49_4EE3_65702_20note.md.tex:1925: Preview: Snippet 1903 ended.(447828+127431x7732614).
<-><->
      
l.1925 $e_1,\cdots,e_n,x_1,\cdots,x_m \in M$
                                            
Not a real error.

[1903]
./_9AD8_7B49_4EE3_65702_20note.md.tex:1926: Preview: Snippet 1904 started.
<-><->
      
l.1926 $
        A=(a_{ij}) \in M_{n \times m}(R)$
Not a real error.

./_9AD8_7B49_4EE3_65702_20note.md.tex:1926: Preview: Snippet 1904 ended.(491520+187504x6363591).
<-><->
      
l.1926 $A=(a_{ij}) \in M_{n \times m}(R)$
                                         
Not a real error.

[1904]
./_9AD8_7B49_4EE3_65702_20note.md.tex:1927: Preview: Snippet 1905 started.
<-><->
      
l.1927 $
        (x_1,\cdots,x_m)=(e_1,\cdots,e_n)A$
Not a real error.

./_9AD8_7B49_4EE3_65702_20note.md.tex:1927: Preview: Snippet 1905 ended.(491520+163840x8317894).
<-><->
      
l.1927 $(x_1,\cdots,x_m)=(e_1,\cdots,e_n)A$
                                           
Not a real error.

[1905]
./_9AD8_7B49_4EE3_65702_20note.md.tex:1928: Preview: Snippet 1906 started.
<-><->
      
l.1928 $
        (e_1,\cdots,e_n)(AB)=((e_1,\cdots,e_n)A)B$
Not a real error.

./_9AD8_7B49_4EE3_65702_20note.md.tex:1928: Preview: Snippet 1906 ended.(491520+163840x10608930).
<-><->
      
l.1928 $(e_1,\cdots,e_n)(AB)=((e_1,\cdots,e_n)A)B$
                                                  
Not a real error.

[1906]
./_9AD8_7B49_4EE3_65702_20note.md.tex:1929: Preview: Snippet 1907 started.
<-><->
      
l.1929 $
        (e_1,\cdots,e_n)I_n=(e_1,\cdots,e_n)$
Not a real error.

./_9AD8_7B49_4EE3_65702_20note.md.tex:1929: Preview: Snippet 1907 ended.(491520+163840x8191302).
<-><->
      
l.1929 $(e_1,\cdots,e_n)I_n=(e_1,\cdots,e_n)$
                                             
Not a real error.

[1907]
./_9AD8_7B49_4EE3_65702_20note.md.tex:1930: Preview: Snippet 1908 started.
<-><->
      
l.1930 $
        (e_i)$
Not a real error.

./_9AD8_7B49_4EE3_65702_20note.md.tex:1930: Preview: Snippet 1908 ended.(491520+163840x1033067).
<-><->
      
l.1930 $(e_i)$
              
Not a real error.

[1908]
./_9AD8_7B49_4EE3_65702_20note.md.tex:1931: Preview: Snippet 1909 started.
<-><->
      
l.1931 $
        (e_i),(x_i)$
Not a real error.

./_9AD8_7B49_4EE3_65702_20note.md.tex:1931: Preview: Snippet 1909 ended.(491520+163840x2426806).
<-><->
      
l.1931 $(e_i),(x_i)$
                    
Not a real error.

[1909]
./_9AD8_7B49_4EE3_65702_20note.md.tex:1932: Preview: Snippet 1910 started.
<-><->
      
l.1932 $
        A$
Not a real error.

./_9AD8_7B49_4EE3_65702_20note.md.tex:1932: Preview: Snippet 1910 ended.(447828+0x491521).
<-><->
      
l.1932 $A$
          
Not a real error.

[1910]
./_9AD8_7B49_4EE3_65702_20note.md.tex:1933: Preview: Snippet 1911 started.
<-><->
      
l.1933 $
        $GL(n,R):= \{A \in M_{n \times n}(R): \exists B \in M_{n \times n}(R...
Not a real error.

./_9AD8_7B49_4EE3_65702_20note.md.tex:1933: Preview: Snippet 1911 ended.(1605632+0x22609920).
<-><->
      
l.1933 ..._{n \times n}(R):det(A) \in R^\times\}$$
                                                  
Not a real error.

[1911]
./_9AD8_7B49_4EE3_65702_20note.md.tex:1934: Preview: Snippet 1912 started.
<-><->
      
l.1934 $
        (y_1',\cdots,y_n')=(y_1,\cdots,y_n)P$
Not a real error.

./_9AD8_7B49_4EE3_65702_20note.md.tex:1934: Preview: Snippet 1912 ended.(492688+163840x8122887).
<-><->
      
l.1934 $(y_1',\cdots,y_n')=(y_1,\cdots,y_n)P$
                                             
Not a real error.

[1912]
./_9AD8_7B49_4EE3_65702_20note.md.tex:1935: Preview: Snippet 1913 started.
<-><->
      
l.1935 $
        P \in GL(n,R)$
Not a real error.

./_9AD8_7B49_4EE3_65702_20note.md.tex:1935: Preview: Snippet 1913 ended.(491520+163840x3971083).
<-><->
      
l.1935 $P \in GL(n,R)$
                      
Not a real error.

[1913]
./_9AD8_7B49_4EE3_65702_20note.md.tex:1936: Preview: Snippet 1914 started.
<-><->
      
l.1936 $
        \sum_{i}Ry_i=\sum_iRy_i'$
Not a real error.

./_9AD8_7B49_4EE3_65702_20note.md.tex:1936: Preview: Snippet 1914 ended.(492688+196611x4996512).
<-><->
      
l.1936 $\sum_{i}Ry_i=\sum_iRy_i'$
                                 
Not a real error.

[1914]
./_9AD8_7B49_4EE3_65702_20note.md.tex:1937: Preview: Snippet 1915 started.
<-><->
      
l.1937 $
        M$
Not a real error.

./_9AD8_7B49_4EE3_65702_20note.md.tex:1937: Preview: Snippet 1915 ended.(447828+0x707242).
<-><->
      
l.1937 $M$
          
Not a real error.

[1915]
./_9AD8_7B49_4EE3_65702_20note.md.tex:1938: Preview: Snippet 1916 started.
<-><->
      
l.1938 $
        e_1,\cdots,e_n$
Not a real error.

./_9AD8_7B49_4EE3_65702_20note.md.tex:1938: Preview: Snippet 1916 ended.(291271+127431x2826612).
<-><->
      
l.1938 $e_1,\cdots,e_n$
                       
Not a real error.

[1916]
./_9AD8_7B49_4EE3_65702_20note.md.tex:1939: Preview: Snippet 1917 started.
<-><->
      
l.1939 $
        (e_1',\cdots,e_n')=(e_1,\cdots,e_n)A$
Not a real error.

./_9AD8_7B49_4EE3_65702_20note.md.tex:1939: Preview: Snippet 1917 ended.(492688+163840x8038003).
<-><->
      
l.1939 $(e_1',\cdots,e_n')=(e_1,\cdots,e_n)A$
                                             
Not a real error.

[1917]
./_9AD8_7B49_4EE3_65702_20note.md.tex:1940: Preview: Snippet 1918 started.
<-><->
      
l.1940 $
        e_1' ,\cdots,e_n'$
Not a real error.

./_9AD8_7B49_4EE3_65702_20note.md.tex:1940: Preview: Snippet 1918 ended.(492688+162667x2826612).
<-><->
      
l.1940 $e_1' ,\cdots,e_n'$
                          
Not a real error.

[1918]
./_9AD8_7B49_4EE3_65702_20note.md.tex:1941: Preview: Snippet 1919 started.
<-><->
      
l.1941 $
        M$
Not a real error.

./_9AD8_7B49_4EE3_65702_20note.md.tex:1941: Preview: Snippet 1919 ended.(447828+0x707242).
<-><->
      
l.1941 $M$
          
Not a real error.

[1919]
./_9AD8_7B49_4EE3_65702_20note.md.tex:1942: Preview: Snippet 1920 started.
<-><->
      
l.1942 $
        A \in GL(n,R)$
Not a real error.

./_9AD8_7B49_4EE3_65702_20note.md.tex:1942: Preview: Snippet 1920 ended.(491520+163840x3950831).
<-><->
      
l.1942 $A \in GL(n,R)$
                      
Not a real error.

[1920]
./_9AD8_7B49_4EE3_65702_20note.md.tex:1943: Preview: Snippet 1921 started.
<-><->
      
l.1943 $
        E$
Not a real error.

./_9AD8_7B49_4EE3_65702_20note.md.tex:1943: Preview: Snippet 1921 ended.(447828+0x521556).
<-><->
      
l.1943 $E$
          
Not a real error.

[1921]
./_9AD8_7B49_4EE3_65702_20note.md.tex:1944: Preview: Snippet 1922 started.
<-><->
      
l.1944 $
        e_1,\cdots,e_n$
Not a real error.

./_9AD8_7B49_4EE3_65702_20note.md.tex:1944: Preview: Snippet 1922 ended.(291271+127431x2826612).
<-><->
      
l.1944 $e_1,\cdots,e_n$
                       
Not a real error.

[1922]
./_9AD8_7B49_4EE3_65702_20note.md.tex:1945: Preview: Snippet 1923 started.
<-><->
      
l.1945 $
        N$
Not a real error.

./_9AD8_7B49_4EE3_65702_20note.md.tex:1945: Preview: Snippet 1923 ended.(447828+0x598014).
<-><->
      
l.1945 $N$
          
Not a real error.

[1923]
./_9AD8_7B49_4EE3_65702_20note.md.tex:1946: Preview: Snippet 1924 started.
<-><->
      
l.1946 $
        x_1,\cdots,x_m$
Not a real error.

./_9AD8_7B49_4EE3_65702_20note.md.tex:1946: Preview: Snippet 1924 ended.(291271+127431x3106503).
<-><->
      
l.1946 $x_1,\cdots,x_m$
                       
Not a real error.

[1924]
./_9AD8_7B49_4EE3_65702_20note.md.tex:1947: Preview: Snippet 1925 started.
<-><->
      
l.1947 $
        A$
Not a real error.

./_9AD8_7B49_4EE3_65702_20note.md.tex:1947: Preview: Snippet 1925 ended.(447828+0x491521).
<-><->
      
l.1947 $A$
          
Not a real error.

[1925]
./_9AD8_7B49_4EE3_65702_20note.md.tex:1948: Preview: Snippet 1926 started.
<-><->
      
l.1948 $
        (x_1,\cdots,x_m)=(e_1,\cdots,e_n)A$
Not a real error.

./_9AD8_7B49_4EE3_65702_20note.md.tex:1948: Preview: Snippet 1926 ended.(491520+163840x8317894).
<-><->
      
l.1948 $(x_1,\cdots,x_m)=(e_1,\cdots,e_n)A$
                                           
Not a real error.

[1926]
./_9AD8_7B49_4EE3_65702_20note.md.tex:1949: Preview: Snippet 1927 started.
<-><->
      
l.1949 $
        A \rightarrow AP$
Not a real error.

./_9AD8_7B49_4EE3_65702_20note.md.tex:1949: Preview: Snippet 1927 ended.(447828+0x2514256).
<-><->
      
l.1949 $A \rightarrow AP$
                         
Not a real error.

[1927]
./_9AD8_7B49_4EE3_65702_20note.md.tex:1950: Preview: Snippet 1928 started.
<-><->
      
l.1950 $
        P \in GL(m,R)$
Not a real error.

./_9AD8_7B49_4EE3_65702_20note.md.tex:1950: Preview: Snippet 1928 ended.(491520+163840x4153128).
<-><->
      
l.1950 $P \in GL(m,R)$
                      
Not a real error.

[1928]
./_9AD8_7B49_4EE3_65702_20note.md.tex:1951: Preview: Snippet 1929 started.
<-><->
      
l.1951 $
        (x_1,\cdots,x_n)$
Not a real error.

./_9AD8_7B49_4EE3_65702_20note.md.tex:1951: Preview: Snippet 1929 ended.(491520+163840x3475144).
<-><->
      
l.1951 $(x_1,\cdots,x_n)$
                         
Not a real error.

[1929]
./_9AD8_7B49_4EE3_65702_20note.md.tex:1952: Preview: Snippet 1930 started.
<-><->
      
l.1952 $
        (x_1',\cdots,x_n')$
Not a real error.

./_9AD8_7B49_4EE3_65702_20note.md.tex:1952: Preview: Snippet 1930 ended.(492688+163840x3475144).
<-><->
      
l.1952 $(x_1',\cdots,x_n')$
                           
Not a real error.

[1930]
./_9AD8_7B49_4EE3_65702_20note.md.tex:1953: Preview: Snippet 1931 started.
<-><->
      
l.1953 $
        R$
Not a real error.

./_9AD8_7B49_4EE3_65702_20note.md.tex:1953: Preview: Snippet 1931 ended.(447828+0x502671).
<-><->
      
l.1953 $R$
          
Not a real error.

[1931]
./_9AD8_7B49_4EE3_65702_20note.md.tex:1954: Preview: Snippet 1932 started.
<-><->
      
l.1954 $
        PID$
Not a real error.

./_9AD8_7B49_4EE3_65702_20note.md.tex:1954: Preview: Snippet 1932 ended.(447828+0x1412073).
<-><->
      
l.1954 $PID$
            
Not a real error.

[1932]
./_9AD8_7B49_4EE3_65702_20note.md.tex:1955: Preview: Snippet 1933 started.
<-><->
      
l.1955 $
        A \in M_{n \times m}(R)$
Not a real error.

./_9AD8_7B49_4EE3_65702_20note.md.tex:1955: Preview: Snippet 1933 ended.(491520+163840x4172083).
<-><->
      
l.1955 $A \in M_{n \times m}(R)$
                                
Not a real error.

[1933]
./_9AD8_7B49_4EE3_65702_20note.md.tex:1956: Preview: Snippet 1934 started.
<-><->
      
l.1956 $
        P \in GL(m,R)$
Not a real error.

./_9AD8_7B49_4EE3_65702_20note.md.tex:1956: Preview: Snippet 1934 ended.(491520+163840x4153128).
<-><->
      
l.1956 $P \in GL(m,R)$
                      
Not a real error.

[1934]
./_9AD8_7B49_4EE3_65702_20note.md.tex:1957: Preview: Snippet 1935 started.
<-><->
      
l.1957 $
        Q \in GL(n,R)$
Not a real error.

./_9AD8_7B49_4EE3_65702_20note.md.tex:1957: Preview: Snippet 1935 ended.(491520+163840x3977408).
<-><->
      
l.1957 $Q \in GL(n,R)$
                      
Not a real error.

[1935]
./_9AD8_7B49_4EE3_65702_20note.md.tex:1958: Preview: Snippet 1936 started.
<-><->
      
l.1958 $
        d_1|d_2|\cdots$
Not a real error.

./_9AD8_7B49_4EE3_65702_20note.md.tex:1958: Preview: Snippet 1936 ended.(491520+163840x2617339).
<-><->
      
l.1958 $d_1|d_2|\cdots$
                       
Not a real error.

[1936]
./_9AD8_7B49_4EE3_65702_20note.md.tex:1959: Preview: Snippet 1937 started.
<-><->
      
l.1959 $
        A=Q \begin{pmatrix}d_1\\&d_2\\&&\ddots\end{pmatrix} P$
Not a real error.

./_9AD8_7B49_4EE3_65702_20note.md.tex:1959: Preview: Snippet 1937 ended.(1561570+1233890x7105914).
<-><->
      
l.1959 ...trix}d_1\\&d_2\\&&\ddots\end{pmatrix} P$
                                                  
Not a real error.

[1937]
./_9AD8_7B49_4EE3_65702_20note.md.tex:1960: Preview: Snippet 1938 started.
<-><->
      
l.1960 $
        E$
Not a real error.

./_9AD8_7B49_4EE3_65702_20note.md.tex:1960: Preview: Snippet 1938 ended.(447828+0x521556).
<-><->
      
l.1960 $E$
          
Not a real error.

[1938]
./_9AD8_7B49_4EE3_65702_20note.md.tex:1961: Preview: Snippet 1939 started.
<-><->
      
l.1961 $
        N \subset E$
Not a real error.

./_9AD8_7B49_4EE3_65702_20note.md.tex:1961: Preview: Snippet 1939 ended.(447828+25623x1993376).
<-><->
      
l.1961 $N \subset E$
                    
Not a real error.

[1939]
./_9AD8_7B49_4EE3_65702_20note.md.tex:1962: Preview: Snippet 1940 started.
<-><->
      
l.1962 $
        N$
Not a real error.

./_9AD8_7B49_4EE3_65702_20note.md.tex:1962: Preview: Snippet 1940 ended.(447828+0x598014).
<-><->
      
l.1962 $N$
          
Not a real error.

[1940]
./_9AD8_7B49_4EE3_65702_20note.md.tex:1963: Preview: Snippet 1941 started.
<-><->
      
l.1963 $
        x_1,\cdots,x_m$
Not a real error.

./_9AD8_7B49_4EE3_65702_20note.md.tex:1963: Preview: Snippet 1941 ended.(291271+127431x3106503).
<-><->
      
l.1963 $x_1,\cdots,x_m$
                       
Not a real error.

[1941]
./_9AD8_7B49_4EE3_65702_20note.md.tex:1964: Preview: Snippet 1942 started.
<-><->
      
l.1964 $
        N$
Not a real error.

./_9AD8_7B49_4EE3_65702_20note.md.tex:1964: Preview: Snippet 1942 ended.(447828+0x598014).
<-><->
      
l.1964 $N$
          
Not a real error.

[1942]
./_9AD8_7B49_4EE3_65702_20note.md.tex:1965: Preview: Snippet 1943 started.
<-><->
      
l.1965 $
        A$
Not a real error.

./_9AD8_7B49_4EE3_65702_20note.md.tex:1965: Preview: Snippet 1943 ended.(447828+0x491521).
<-><->
      
l.1965 $A$
          
Not a real error.

[1943]
./_9AD8_7B49_4EE3_65702_20note.md.tex:1966: Preview: Snippet 1944 started.
<-><->
      
l.1966 $
        (x_1,\cdots,x_m)=(e_1,\cdots,e_n)A$
Not a real error.

./_9AD8_7B49_4EE3_65702_20note.md.tex:1966: Preview: Snippet 1944 ended.(491520+163840x8317894).
<-><->
      
l.1966 $(x_1,\cdots,x_m)=(e_1,\cdots,e_n)A$
                                           
Not a real error.

[1944]
./_9AD8_7B49_4EE3_65702_20note.md.tex:1967: Preview: Snippet 1945 started.
<-><->
      
l.1967 $
        P,Q$
Not a real error.

./_9AD8_7B49_4EE3_65702_20note.md.tex:1967: Preview: Snippet 1945 ended.(447828+127431x1248321).
<-><->
      
l.1967 $P,Q$
            
Not a real error.

[1945]
./_9AD8_7B49_4EE3_65702_20note.md.tex:1968: Preview: Snippet 1946 started.
<-><->
      
l.1968 $
        (x_1,\cdots,x_m)P^{-1}=(e_1,\cdots,e_n)Q \begin{pmatrix}d_1\\&d_2\\&...
Not a real error.

./_9AD8_7B49_4EE3_65702_20note.md.tex:1968: Preview: Snippet 1946 ended.(1561570+1233890x14161340).
<-><->
      
l.1968 ...matrix}d_1\\&d_2\\&&\ddots\end{pmatrix}$
                                                  
Not a real error.

[1946]
./_9AD8_7B49_4EE3_65702_20note.md.tex:1969: Preview: Snippet 1947 started.
<-><->
      
l.1969 $
        (f_i)=(e_i)Q$
Not a real error.

./_9AD8_7B49_4EE3_65702_20note.md.tex:1969: Preview: Snippet 1947 ended.(491520+163840x3473740).
<-><->
      
l.1969 $(f_i)=(e_i)Q$
                     
Not a real error.

[1947]
./_9AD8_7B49_4EE3_65702_20note.md.tex:1970: Preview: Snippet 1948 started.
<-><->
      
l.1970 $
        E$
Not a real error.

./_9AD8_7B49_4EE3_65702_20note.md.tex:1970: Preview: Snippet 1948 ended.(447828+0x521556).
<-><->
      
l.1970 $E$
          
Not a real error.

[1948]
./_9AD8_7B49_4EE3_65702_20note.md.tex:1971: Preview: Snippet 1949 started.
<-><->
      
l.1971 $
        (x_i')=(x_i)P^{-1}$
Not a real error.

./_9AD8_7B49_4EE3_65702_20note.md.tex:1971: Preview: Snippet 1949 ended.(533465+170585x4294123).
<-><->
      
l.1971 $(x_i')=(x_i)P^{-1}$
                           
Not a real error.

[1949]
./_9AD8_7B49_4EE3_65702_20note.md.tex:1972: Preview: Snippet 1950 started.
<-><->
      
l.1972 $
        N$
Not a real error.

./_9AD8_7B49_4EE3_65702_20note.md.tex:1972: Preview: Snippet 1950 ended.(447828+0x598014).
<-><->
      
l.1972 $N$
          
Not a real error.

[1950]
./_9AD8_7B49_4EE3_65702_20note.md.tex:1973: Preview: Snippet 1951 started.
<-><->
      
l.1973 $
        x_i'$
Not a real error.

./_9AD8_7B49_4EE3_65702_20note.md.tex:1973: Preview: Snippet 1951 ended.(492688+170585x592744).
<-><->
      
l.1973 $x_i'$
             
Not a real error.

[1951]
./_9AD8_7B49_4EE3_65702_20note.md.tex:1974: Preview: Snippet 1952 started.
<-><->
      
l.1974 $
        d_if_i$
Not a real error.

./_9AD8_7B49_4EE3_65702_20note.md.tex:1974: Preview: Snippet 1952 ended.(455111+127431x1098337).
<-><->
      
l.1974 $d_if_i$
               
Not a real error.

[1952]
./_9AD8_7B49_4EE3_65702_20note.md.tex:1975: Preview: Snippet 1953 started.
<-><->
      
l.1975 $
        R=\mathbb{Z}$
Not a real error.

./_9AD8_7B49_4EE3_65702_20note.md.tex:1975: Preview: Snippet 1953 ended.(451470+0x1813385).
<-><->
      
l.1975 $R=\mathbb{Z}$
                     
Not a real error.

[1953]
./_9AD8_7B49_4EE3_65702_20note.md.tex:1976: Preview: Snippet 1954 started.
<-><->
      
l.1976 $
        F[x]$
Not a real error.

./_9AD8_7B49_4EE3_65702_20note.md.tex:1976: Preview: Snippet 1954 ended.(491520+163840x1251102).
<-><->
      
l.1976 $F[x]$
             
Not a real error.

[1954]
./_9AD8_7B49_4EE3_65702_20note.md.tex:1977: Preview: Snippet 1955 started.
<-><->
      
l.1977 $
        F$
Not a real error.

./_9AD8_7B49_4EE3_65702_20note.md.tex:1977: Preview: Snippet 1955 ended.(447828+0x512456).
<-><->
      
l.1977 $F$
          
Not a real error.

[1955]
./_9AD8_7B49_4EE3_65702_20note.md.tex:1978: Preview: Snippet 1956 started.
<-><->
      
l.1978 $
        R=\mathbb{Z}$
Not a real error.

./_9AD8_7B49_4EE3_65702_20note.md.tex:1978: Preview: Snippet 1956 ended.(451470+0x1813385).
<-><->
      
l.1978 $R=\mathbb{Z}$
                     
Not a real error.

[1956]
./_9AD8_7B49_4EE3_65702_20note.md.tex:1979: Preview: Snippet 1957 started.
<-><->
      
l.1979 $
        QAP$
Not a real error.

./_9AD8_7B49_4EE3_65702_20note.md.tex:1979: Preview: Snippet 1957 ended.(447828+127431x1521392).
<-><->
      
l.1979 $QAP$
            
Not a real error.

[1957]
./_9AD8_7B49_4EE3_65702_20note.md.tex:1980: Preview: Snippet 1958 started.
<-><->
      
l.1980 $
        |\cdot|$
Not a real error.

./_9AD8_7B49_4EE3_65702_20note.md.tex:1980: Preview: Snippet 1958 ended.(491520+163840x837399).
<-><->
      
l.1980 $|\cdot|$
                
Not a real error.

[1958]
./_9AD8_7B49_4EE3_65702_20note.md.tex:1981: Preview: Snippet 1959 started.
<-><->
      
l.1981 $
        (1,1)$
Not a real error.

./_9AD8_7B49_4EE3_65702_20note.md.tex:1981: Preview: Snippet 1959 ended.(491520+163840x1456357).
<-><->
      
l.1981 $(1,1)$
              
Not a real error.

[1959]
./_9AD8_7B49_4EE3_65702_20note.md.tex:1982: Preview: Snippet 1960 started.
<-><->
      
l.1982 $
        a_{11}$
Not a real error.

./_9AD8_7B49_4EE3_65702_20note.md.tex:1982: Preview: Snippet 1960 ended.(282168+98303x901654).
<-><->
      
l.1982 $a_{11}$
               
Not a real error.

[1960]
./_9AD8_7B49_4EE3_65702_20note.md.tex:1983: Preview: Snippet 1961 started.
<-><->
      
l.1983 $
        a_{11}|a_{1j}$
Not a real error.

./_9AD8_7B49_4EE3_65702_20note.md.tex:1983: Preview: Snippet 1961 ended.(491520+187504x1967490).
<-><->
      
l.1983 $a_{11}|a_{1j}$
                      
Not a real error.

[1961]
./_9AD8_7B49_4EE3_65702_20note.md.tex:1984: Preview: Snippet 1962 started.
<-><->
      
l.1984 $
        a_{11}|a_{ij}$
Not a real error.

./_9AD8_7B49_4EE3_65702_20note.md.tex:1984: Preview: Snippet 1962 ended.(491520+187504x1891675).
<-><->
      
l.1984 $a_{11}|a_{ij}$
                      
Not a real error.

[1962]
./_9AD8_7B49_4EE3_65702_20note.md.tex:1985: Preview: Snippet 1963 started.
<-><->
      
l.1985 $
        a_{1j}=a_{11}d+r$
Not a real error.

./_9AD8_7B49_4EE3_65702_20note.md.tex:1985: Preview: Snippet 1963 ended.(455111+187504x4115223).
<-><->
      
l.1985 $a_{1j}=a_{11}d+r$
                         
Not a real error.

[1963]
./_9AD8_7B49_4EE3_65702_20note.md.tex:1986: Preview: Snippet 1964 started.
<-><->
      
l.1986 $
        0<r<|a_{11}|$
Not a real error.

./_9AD8_7B49_4EE3_65702_20note.md.tex:1986: Preview: Snippet 1964 ended.(491520+163840x3654913).
<-><->
      
l.1986 $0<r<|a_{11}|$
                     
Not a real error.

[1964]
./_9AD8_7B49_4EE3_65702_20note.md.tex:1987: Preview: Snippet 1965 started.
<-><->
      
l.1987 $
        r$
Not a real error.

./_9AD8_7B49_4EE3_65702_20note.md.tex:1987: Preview: Snippet 1965 ended.(282168+0x313876).
<-><->
      
l.1987 $r$
          
Not a real error.

[1965]
./_9AD8_7B49_4EE3_65702_20note.md.tex:1988: Preview: Snippet 1966 started.
<-><->
      
l.1988 $
        (1,j)$
Not a real error.

./_9AD8_7B49_4EE3_65702_20note.md.tex:1988: Preview: Snippet 1966 ended.(491520+163840x1436072).
<-><->
      
l.1988 $(1,j)$
              
Not a real error.

[1966]
./_9AD8_7B49_4EE3_65702_20note.md.tex:1989: Preview: Snippet 1967 started.
<-><->
      
l.1989 $
        A=\begin{pmatrix}d_1\\&*\end{pmatrix}$
Not a real error.

./_9AD8_7B49_4EE3_65702_20note.md.tex:1989: Preview: Snippet 1967 ended.(950279+622600x3948317).
<-><->
      
l.1989 $A=\begin{pmatrix}d_1\\&*\end{pmatrix}$
                                              
Not a real error.

[1967]
./_9AD8_7B49_4EE3_65702_20note.md.tex:1990: Preview: Snippet 1968 started.
<-><->
      
l.1990 $
        \begin{pmatrix}1&\\&GL\end{pmatrix}$
Not a real error.

./_9AD8_7B49_4EE3_65702_20note.md.tex:1990: Preview: Snippet 1968 ended.(950279+622600x2909167).
<-><->
      
l.1990 $\begin{pmatrix}1&\\&GL\end{pmatrix}$
                                            
Not a real error.

[1968]
./_9AD8_7B49_4EE3_65702_20note.md.tex:1991: Preview: Snippet 1969 started.
<-><->
      
l.1991 $
        d_2|d_3|\cdots$
Not a real error.

./_9AD8_7B49_4EE3_65702_20note.md.tex:1991: Preview: Snippet 1969 ended.(491520+163840x2617339).
<-><->
      
l.1991 $d_2|d_3|\cdots$
                       
Not a real error.

[1969]
./_9AD8_7B49_4EE3_65702_20note.md.tex:1992: Preview: Snippet 1970 started.
<-><->
      
l.1992 $
        d_1|d_2$
Not a real error.

./_9AD8_7B49_4EE3_65702_20note.md.tex:1992: Preview: Snippet 1970 ended.(491520+163840x1452263).
<-><->
      
l.1992 $d_1|d_2$
                
Not a real error.

[1970]
./_9AD8_7B49_4EE3_65702_20note.md.tex:1993: Preview: Snippet 1971 started.
<-><->
      
l.1993 $
        d_1$
Not a real error.

./_9AD8_7B49_4EE3_65702_20note.md.tex:1993: Preview: Snippet 1971 ended.(455111+98303x635109).
<-><->
      
l.1993 $d_1$
            
Not a real error.

[1971]
./_9AD8_7B49_4EE3_65702_20note.md.tex:1994: Preview: Snippet 1972 started.
<-><->
      
l.1994 $
        R$
Not a real error.

./_9AD8_7B49_4EE3_65702_20note.md.tex:1994: Preview: Snippet 1972 ended.(447828+0x502671).
<-><->
      
l.1994 $R$
          
Not a real error.

[1972]
./_9AD8_7B49_4EE3_65702_20note.md.tex:1995: Preview: Snippet 1973 started.
<-><->
      
l.1995 $
        R$
Not a real error.

./_9AD8_7B49_4EE3_65702_20note.md.tex:1995: Preview: Snippet 1973 ended.(447828+0x502671).
<-><->
      
l.1995 $R$
          
Not a real error.

[1973]
./_9AD8_7B49_4EE3_65702_20note.md.tex:1996: Preview: Snippet 1974 started.
<-><->
      
l.1996 $
        I_1 \subset I_2 \subset \cdots$
Not a real error.

./_9AD8_7B49_4EE3_65702_20note.md.tex:1996: Preview: Snippet 1974 ended.(447828+98303x3785597).
<-><->
      
l.1996 $I_1 \subset I_2 \subset \cdots$
                                       
Not a real error.

[1974]
./_9AD8_7B49_4EE3_65702_20note.md.tex:1997: Preview: Snippet 1975 started.
<-><->
      
l.1997 $
        M$
Not a real error.

./_9AD8_7B49_4EE3_65702_20note.md.tex:1997: Preview: Snippet 1975 ended.(447828+0x707242).
<-><->
      
l.1997 $M$
          
Not a real error.

[1975]
./_9AD8_7B49_4EE3_65702_20note.md.tex:1998: Preview: Snippet 1976 started.
<-><->
      
l.1998 $
        M_1 \subset M_2 \subset \cdots$
Not a real error.

./_9AD8_7B49_4EE3_65702_20note.md.tex:1998: Preview: Snippet 1976 ended.(447828+98303x4481007).
<-><->
      
l.1998 $M_1 \subset M_2 \subset \cdots$
                                       
Not a real error.

[1976]
./_9AD8_7B49_4EE3_65702_20note.md.tex:1999: Preview: Snippet 1977 started.
<-><->
      
l.1999 $
        PID$
Not a real error.

./_9AD8_7B49_4EE3_65702_20note.md.tex:1999: Preview: Snippet 1977 ended.(447828+0x1412073).
<-><->
      
l.1999 $PID$
            
Not a real error.

[1977]
./_9AD8_7B49_4EE3_65702_20note.md.tex:2000: Preview: Snippet 1978 started.
<-><->
      
l.2000 $
        R$
Not a real error.

./_9AD8_7B49_4EE3_65702_20note.md.tex:2000: Preview: Snippet 1978 ended.(447828+0x502671).
<-><->
      
l.2000 $R$
          
Not a real error.

[1978]
./_9AD8_7B49_4EE3_65702_20note.md.tex:2001: Preview: Snippet 1979 started.
<-><->
      
l.2001 $
        M:$
Not a real error.

./_9AD8_7B49_4EE3_65702_20note.md.tex:2001: Preview: Snippet 1979 ended.(447828+0x1071327).
<-><->
      
l.2001 $M:$
           
Not a real error.

[1979]
./_9AD8_7B49_4EE3_65702_20note.md.tex:2002: Preview: Snippet 1980 started.
<-><->
      
l.2002 $
        R$
Not a real error.

./_9AD8_7B49_4EE3_65702_20note.md.tex:2002: Preview: Snippet 1980 ended.(447828+0x502671).
<-><->
      
l.2002 $R$
          
Not a real error.

[1980]
./_9AD8_7B49_4EE3_65702_20note.md.tex:2003: Preview: Snippet 1981 started.
<-><->
      
l.2003 $
        M' \subset M$
Not a real error.

./_9AD8_7B49_4EE3_65702_20note.md.tex:2003: Preview: Snippet 1981 ended.(492688+25623x2472155).
<-><->
      
l.2003 $M' \subset M$
                     
Not a real error.

[1981]
./_9AD8_7B49_4EE3_65702_20note.md.tex:2004: Preview: Snippet 1982 started.
<-><->
      
l.2004 $
        M'':=M/M'$
Not a real error.

./_9AD8_7B49_4EE3_65702_20note.md.tex:2004: Preview: Snippet 1982 ended.(492688+163840x3951267).
<-><->
      
l.2004 $M'':=M/M'$
                  
Not a real error.

[1982]
./_9AD8_7B49_4EE3_65702_20note.md.tex:2005: Preview: Snippet 1983 started.
<-><->
      
l.2005 $
        M$
Not a real error.

./_9AD8_7B49_4EE3_65702_20note.md.tex:2005: Preview: Snippet 1983 ended.(447828+0x707242).
<-><->
      
l.2005 $M$
          
Not a real error.

[1983]
./_9AD8_7B49_4EE3_65702_20note.md.tex:2006: Preview: Snippet 1984 started.
<-><->
      
l.2006 $
        M''$
Not a real error.

./_9AD8_7B49_4EE3_65702_20note.md.tex:2006: Preview: Snippet 1984 ended.(492688+0x1042204).
<-><->
      
l.2006 $M''$
            
Not a real error.

[1984]
./_9AD8_7B49_4EE3_65702_20note.md.tex:2007: Preview: Snippet 1985 started.
<-><->
      
l.2007 $
        M'$
Not a real error.

./_9AD8_7B49_4EE3_65702_20note.md.tex:2007: Preview: Snippet 1985 ended.(492688+0x891107).
<-><->
      
l.2007 $M'$
           
Not a real error.

[1985]
./_9AD8_7B49_4EE3_65702_20note.md.tex:2008: Preview: Snippet 1986 started.
<-><->
      
l.2008 $
        V$
Not a real error.

./_9AD8_7B49_4EE3_65702_20note.md.tex:2008: Preview: Snippet 1986 ended.(447828+0x527929).
<-><->
      
l.2008 $V$
          
Not a real error.

[1986]
./_9AD8_7B49_4EE3_65702_20note.md.tex:2009: Preview: Snippet 1987 started.
<-><->
      
l.2009 $
        dim_FV=n \in \mathbb{Z}_{\geq 1}$
Not a real error.

./_9AD8_7B49_4EE3_65702_20note.md.tex:2009: Preview: Snippet 1987 ended.(455111+183387x5314586).
<-><->
      
l.2009 $dim_FV=n \in \mathbb{Z}_{\geq 1}$
                                         
Not a real error.

[1987]
./_9AD8_7B49_4EE3_65702_20note.md.tex:2010: Preview: Snippet 1988 started.
<-><->
      
l.2010 $
        T \in End(V) \rightarrow$
Not a real error.

./_9AD8_7B49_4EE3_65702_20note.md.tex:2010: Preview: Snippet 1988 ended.(491520+163840x4406075).
<-><->
      
l.2010 $T \in End(V) \rightarrow$
                                 
Not a real error.

[1988]
./_9AD8_7B49_4EE3_65702_20note.md.tex:2011: Preview: Snippet 1989 started.
<-><->
      
l.2011 $
        V$
Not a real error.

./_9AD8_7B49_4EE3_65702_20note.md.tex:2011: Preview: Snippet 1989 ended.(447828+0x527929).
<-><->
      
l.2011 $V$
          
Not a real error.

[1989]
./_9AD8_7B49_4EE3_65702_20note.md.tex:2012: Preview: Snippet 1990 started.
<-><->
      
l.2012 $
        F[X]$
Not a real error.

./_9AD8_7B49_4EE3_65702_20note.md.tex:2012: Preview: Snippet 1990 ended.(491520+163840x1470920).
<-><->
      
l.2012 $F[X]$
             
Not a real error.

[1990]
./_9AD8_7B49_4EE3_65702_20note.md.tex:2013: Preview: Snippet 1991 started.
<-><->
      
l.2013 $
        \phi:F[X]^{\oplus n} \rightarrow V$
Not a real error.

./_9AD8_7B49_4EE3_65702_20note.md.tex:2013: Preview: Snippet 1991 ended.(521815+163840x4721236).
<-><->
      
l.2013 $\phi:F[X]^{\oplus n} \rightarrow V$
                                           
Not a real error.

[1991]
./_9AD8_7B49_4EE3_65702_20note.md.tex:2014: Preview: Snippet 1992 started.
<-><->
      
l.2014 $
        F[X]$
Not a real error.

./_9AD8_7B49_4EE3_65702_20note.md.tex:2014: Preview: Snippet 1992 ended.(491520+163840x1470920).
<-><->
      
l.2014 $F[X]$
             
Not a real error.

[1992]
./_9AD8_7B49_4EE3_65702_20note.md.tex:2015: Preview: Snippet 1993 started.
<-><->
      
l.2015 $
        f_1,\cdots,f_n$
Not a real error.

./_9AD8_7B49_4EE3_65702_20note.md.tex:2015: Preview: Snippet 1993 ended.(455111+127431x2858016).
<-><->
      
l.2015 $f_1,\cdots,f_n$
                       
Not a real error.

[1993]
./_9AD8_7B49_4EE3_65702_20note.md.tex:2016: Preview: Snippet 1994 started.
<-><->
      
l.2016 $
        F[X]^{\oplus n}$
Not a real error.

./_9AD8_7B49_4EE3_65702_20note.md.tex:2016: Preview: Snippet 1994 ended.(521815+163840x2237255).
<-><->
      
l.2016 $F[X]^{\oplus n}$
                        
Not a real error.

[1994]
./_9AD8_7B49_4EE3_65702_20note.md.tex:2017: Preview: Snippet 1995 started.
<-><->
      
l.2017 $
        d_1|\cdots|d_n$
Not a real error.

./_9AD8_7B49_4EE3_65702_20note.md.tex:2017: Preview: Snippet 1995 ended.(491520+163840x2680070).
<-><->
      
l.2017 $d_1|\cdots|d_n$
                       
Not a real error.

[1995]
./_9AD8_7B49_4EE3_65702_20note.md.tex:2018: Preview: Snippet 1996 started.
<-><->
      
l.2018 $
        F[X]-\{0\}$
Not a real error.

./_9AD8_7B49_4EE3_65702_20note.md.tex:2018: Preview: Snippet 1996 ended.(491520+163840x3254953).
<-><->
      
l.2018 $F[X]-\{0\}$
                   
Not a real error.

[1996]
./_9AD8_7B49_4EE3_65702_20note.md.tex:2019: Preview: Snippet 1997 started.
<-><->
      
l.2019 $
        Ker \phi=\bigoplus_iF[X]d_if_i$
Not a real error.

./_9AD8_7B49_4EE3_65702_20note.md.tex:2019: Preview: Snippet 1997 ended.(491524+196611x6111647).
<-><->
      
l.2019 $Ker \phi=\bigoplus_iF[X]d_if_i$
                                       
Not a real error.

[1997]
./_9AD8_7B49_4EE3_65702_20note.md.tex:2020: Preview: Snippet 1998 started.
<-><->
      
l.2020 $
        F$
Not a real error.

./_9AD8_7B49_4EE3_65702_20note.md.tex:2020: Preview: Snippet 1998 ended.(447828+0x512456).
<-><->
      
l.2020 $F$
          
Not a real error.

[1998]
./_9AD8_7B49_4EE3_65702_20note.md.tex:2021: Preview: Snippet 1999 started.
<-><->
      
l.2021 $
        v_1,\cdots,v_n$
Not a real error.

./_9AD8_7B49_4EE3_65702_20note.md.tex:2021: Preview: Snippet 1999 ended.(291271+127431x2851642).
<-><->
      
l.2021 $v_1,\cdots,v_n$
                       
Not a real error.

[1999]
./_9AD8_7B49_4EE3_65702_20note.md.tex:2022: Preview: Snippet 2000 started.
<-><->
      
l.2022 $
        V$
Not a real error.

./_9AD8_7B49_4EE3_65702_20note.md.tex:2022: Preview: Snippet 2000 ended.(447828+0x527929).
<-><->
      
l.2022 $V$
          
Not a real error.

[2000]
./_9AD8_7B49_4EE3_65702_20note.md.tex:2023: Preview: Snippet 2001 started.
<-><->
      
l.2023 $
        e_1,\cdots,e_n$
Not a real error.

./_9AD8_7B49_4EE3_65702_20note.md.tex:2023: Preview: Snippet 2001 ended.(291271+127431x2826612).
<-><->
      
l.2023 $e_1,\cdots,e_n$
                       
Not a real error.

[2001]
./_9AD8_7B49_4EE3_65702_20note.md.tex:2024: Preview: Snippet 2002 started.
<-><->
      
l.2024 $
        F[X]$
Not a real error.

./_9AD8_7B49_4EE3_65702_20note.md.tex:2024: Preview: Snippet 2002 ended.(491520+163840x1470920).
<-><->
      
l.2024 $F[X]$
             
Not a real error.

[2002]
./_9AD8_7B49_4EE3_65702_20note.md.tex:2025: Preview: Snippet 2003 started.
<-><->
      
l.2025 $
        F[X]^{\oplus n}$
Not a real error.

./_9AD8_7B49_4EE3_65702_20note.md.tex:2025: Preview: Snippet 2003 ended.(521815+163840x2237255).
<-><->
      
l.2025 $F[X]^{\oplus n}$
                        
Not a real error.

[2003]
./_9AD8_7B49_4EE3_65702_20note.md.tex:2026: Preview: Snippet 2004 started.
<-><->
      
l.2026 $
        \phi$
Not a real error.

./_9AD8_7B49_4EE3_65702_20note.md.tex:2026: Preview: Snippet 2004 ended.(455111+127431x390486).
<-><->
      
l.2026 $\phi$
             
Not a real error.

[2004]
./_9AD8_7B49_4EE3_65702_20note.md.tex:2027: Preview: Snippet 2005 started.
<-><->
      
l.2027 $
        \phi(e_i)=v_i$
Not a real error.

./_9AD8_7B49_4EE3_65702_20note.md.tex:2027: Preview: Snippet 2005 ended.(491520+163840x2833215).
<-><->
      
l.2027 $\phi(e_i)=v_i$
                      
Not a real error.

[2005]
./_9AD8_7B49_4EE3_65702_20note.md.tex:2028: Preview: Snippet 2006 started.
<-><->
      
l.2028 $
        \phi(\sum_ir_ie_i)=\sum_ir_i(T)v_i$
Not a real error.

./_9AD8_7B49_4EE3_65702_20note.md.tex:2028: Preview: Snippet 2006 ended.(491524+196611x6883024).
<-><->
      
l.2028 $\phi(\sum_ir_ie_i)=\sum_ir_i(T)v_i$
                                           
Not a real error.

[2006]
./_9AD8_7B49_4EE3_65702_20note.md.tex:2029: Preview: Snippet 2007 started.
<-><->
      
l.2029 $
        \phi$
Not a real error.

./_9AD8_7B49_4EE3_65702_20note.md.tex:2029: Preview: Snippet 2007 ended.(455111+127431x390486).
<-><->
      
l.2029 $\phi$
             
Not a real error.

[2007]
./_9AD8_7B49_4EE3_65702_20note.md.tex:2030: Preview: Snippet 2008 started.
<-><->
      
l.2030 $
        F[X]^{\oplus n}$
Not a real error.

./_9AD8_7B49_4EE3_65702_20note.md.tex:2030: Preview: Snippet 2008 ended.(521815+163840x2237255).
<-><->
      
l.2030 $F[X]^{\oplus n}$
                        
Not a real error.

[2008]
./_9AD8_7B49_4EE3_65702_20note.md.tex:2031: Preview: Snippet 2009 started.
<-><->
      
l.2031 $
        _j=Xe_i-\sum_ia_{ij}e_i$
Not a real error.

./_9AD8_7B49_4EE3_65702_20note.md.tex:2031: Preview: Snippet 2009 ended.(491524+196611x5419151).
<-><->
      
l.2031 $_j=Xe_i-\sum_ia_{ij}e_i$
                                
Not a real error.

[2009]
./_9AD8_7B49_4EE3_65702_20note.md.tex:2032: Preview: Snippet 2010 started.
<-><->
      
l.2032 $
        A \in M_{n \times n}(F) \leftrightarrow T \in End(V)$
Not a real error.

./_9AD8_7B49_4EE3_65702_20note.md.tex:2032: Preview: Snippet 2010 ended.(491520+163840x8628898).
<-><->
      
l.2032 ...imes n}(F) \leftrightarrow T \in End(V)$
                                                  
Not a real error.

[2010]
./_9AD8_7B49_4EE3_65702_20note.md.tex:2033: Preview: Snippet 2011 started.
<-><->
      
l.2033 $
        N:=\sum_jF[X]x_j \subset F[X]^{\oplus n}$
Not a real error.

./_9AD8_7B49_4EE3_65702_20note.md.tex:2033: Preview: Snippet 2011 ended.(521815+285812x7963677).
<-><->
      
l.2033 $N:=\sum_jF[X]x_j \subset F[X]^{\oplus n}$
                                                 
Not a real error.

[2011]
./_9AD8_7B49_4EE3_65702_20note.md.tex:2034: Preview: Snippet 2012 started.
<-><->
      
l.2034 $
        ker(\phi)=n$
Not a real error.

./_9AD8_7B49_4EE3_65702_20note.md.tex:2034: Preview: Snippet 2012 ended.(491520+163840x3148231).
<-><->
      
l.2034 $ker(\phi)=n$
                    
Not a real error.

[2012]
./_9AD8_7B49_4EE3_65702_20note.md.tex:2035: Preview: Snippet 2013 started.
<-><->
      
l.2035 $
        \supset$
Not a real error.

./_9AD8_7B49_4EE3_65702_20note.md.tex:2035: Preview: Snippet 2013 ended.(353303+25623x509726).
<-><->
      
l.2035 $\supset$
                
Not a real error.

[2013]
./_9AD8_7B49_4EE3_65702_20note.md.tex:2036: Preview: Snippet 2014 started.
<-><->
      
l.2036 $
        \phi(x_j)=Tv_j-\sum_ia_{ij}v_i=0$
Not a real error.

./_9AD8_7B49_4EE3_65702_20note.md.tex:2036: Preview: Snippet 2014 ended.(491524+196611x7858013).
<-><->
      
l.2036 $\phi(x_j)=Tv_j-\sum_ia_{ij}v_i=0$
                                         
Not a real error.

[2014]
./_9AD8_7B49_4EE3_65702_20note.md.tex:2037: Preview: Snippet 2015 started.
<-><->
      
l.2037 $
        \subset$
Not a real error.

./_9AD8_7B49_4EE3_65702_20note.md.tex:2037: Preview: Snippet 2015 ended.(353303+25623x509726).
<-><->
      
l.2037 $\subset$
                
Not a real error.

[2015]
./_9AD8_7B49_4EE3_65702_20note.md.tex:2038: Preview: Snippet 2016 started.
<-><->
      
l.2038 $
        Xe_j=\sum_ia_{ij}e_i+x_j \in$
Not a real error.

./_9AD8_7B49_4EE3_65702_20note.md.tex:2038: Preview: Snippet 2016 ended.(491524+196611x6470607).
<-><->
      
l.2038 $Xe_j=\sum_ia_{ij}e_i+x_j \in$
                                     
Not a real error.

[2016]
./_9AD8_7B49_4EE3_65702_20note.md.tex:2039: Preview: Snippet 2017 started.
<-><->
      
l.2039 $
        \sum_ia_{ij}e_i+N$
Not a real error.

./_9AD8_7B49_4EE3_65702_20note.md.tex:2039: Preview: Snippet 2017 ended.(491524+196611x3749504).
<-><->
      
l.2039 $\sum_ia_{ij}e_i+N$
                          
Not a real error.

[2017]
./_9AD8_7B49_4EE3_65702_20note.md.tex:2040: Preview: Snippet 2018 started.
<-><->
      
l.2040 $
        \forall x \in F[X]^{\oplus n}$
Not a real error.

./_9AD8_7B49_4EE3_65702_20note.md.tex:2040: Preview: Snippet 2018 ended.(521815+163840x3776889).
<-><->
      
l.2040 $\forall x \in F[X]^{\oplus n}$
                                      
Not a real error.

[2018]
./_9AD8_7B49_4EE3_65702_20note.md.tex:2041: Preview: Snippet 2019 started.
<-><->
      
l.2041 $
        x+N=\sum_ic_ie_i+N$
Not a real error.

./_9AD8_7B49_4EE3_65702_20note.md.tex:2041: Preview: Snippet 2019 ended.(491524+196611x6090693).
<-><->
      
l.2041 $x+N=\sum_ic_ie_i+N$
                           
Not a real error.

[2019]
./_9AD8_7B49_4EE3_65702_20note.md.tex:2042: Preview: Snippet 2020 started.
<-><->
      
l.2042 $
        x=\sum_jg_je_j$
Not a real error.

./_9AD8_7B49_4EE3_65702_20note.md.tex:2042: Preview: Snippet 2020 ended.(491524+285812x3495516).
<-><->
      
l.2042 $x=\sum_jg_je_j$
                       
Not a real error.

[2020]
./_9AD8_7B49_4EE3_65702_20note.md.tex:2043: Preview: Snippet 2021 started.
<-><->
      
l.2043 $
        g_j \in F[X]$
Not a real error.

./_9AD8_7B49_4EE3_65702_20note.md.tex:2043: Preview: Snippet 2021 ended.(491520+187504x2860634).
<-><->
      
l.2043 $g_j \in F[X]$
                     
Not a real error.

[2021]
./_9AD8_7B49_4EE3_65702_20note.md.tex:2044: Preview: Snippet 2022 started.
<-><->
      
l.2044 $
        x=X^ke_j$
Not a real error.

./_9AD8_7B49_4EE3_65702_20note.md.tex:2044: Preview: Snippet 2022 ended.(556402+187504x2746477).
<-><->
      
l.2044 $x=X^ke_j$
                 
Not a real error.

[2022]
./_9AD8_7B49_4EE3_65702_20note.md.tex:2045: Preview: Snippet 2023 started.
<-><->
      
l.2045 $
        \phi(x)=0 \Rightarrow \sum_ic_i \phi(e_i)=0 \Leftrightarrow c_1=\cdo...
Not a real error.

./_9AD8_7B49_4EE3_65702_20note.md.tex:2045: Preview: Snippet 2023 ended.(491524+196611x13592800).
<-><->
      
l.2045 ...e_i)=0 \Leftrightarrow c_1=\cdots=c_n=0$
                                                  
Not a real error.

[2023]
./_9AD8_7B49_4EE3_65702_20note.md.tex:2046: Preview: Snippet 2024 started.
<-><->
      
l.2046 $
        \phi$
Not a real error.

./_9AD8_7B49_4EE3_65702_20note.md.tex:2046: Preview: Snippet 2024 ended.(455111+127431x390486).
<-><->
      
l.2046 $\phi$
             
Not a real error.

[2024]
./_9AD8_7B49_4EE3_65702_20note.md.tex:2047: Preview: Snippet 2025 started.
<-><->
      
l.2047 $
        \overline{\phi}:F[X]^{\oplus n}/N \stackrel{\sim}{\longrightarrow} V$
Not a real error.

./_9AD8_7B49_4EE3_65702_20note.md.tex:2047: Preview: Snippet 2025 ended.(613239+163840x6011024).
<-><->
      
l.2047 ...n}/N \stackrel{\sim}{\longrightarrow} V$
                                                  
Not a real error.

[2025]
./_9AD8_7B49_4EE3_65702_20note.md.tex:2048: Preview: Snippet 2026 started.
<-><->
      
l.2048 $
        F[X]$
Not a real error.

./_9AD8_7B49_4EE3_65702_20note.md.tex:2048: Preview: Snippet 2026 ended.(491520+163840x1470920).
<-><->
      
l.2048 $F[X]$
             
Not a real error.

[2026]
./_9AD8_7B49_4EE3_65702_20note.md.tex:2049: Preview: Snippet 2027 started.
<-><->
      
l.2049 $
        (x_1|\cdots|x_n)=(e_1|\cdots|e_n)(XI_n-A)=(e_1|\cdots|e_n)Q \begin{p...
Not a real error.

./_9AD8_7B49_4EE3_65702_20note.md.tex:2049: Preview: Snippet 2027 ended.(1561570+1233890x20084837).
<-><->
      
l.2049 ...atrix}d_1\\&\ddots\\&&d_n\end{pmatrix}P$
                                                  
Not a real error.

[2027]
./_9AD8_7B49_4EE3_65702_20note.md.tex:2050: Preview: Snippet 2028 started.
<-><->
      
l.2050 $
        d_i=1$
Not a real error.

./_9AD8_7B49_4EE3_65702_20note.md.tex:2050: Preview: Snippet 2028 ended.(455111+98303x1760781).
<-><->
      
l.2050 $d_i=1$
              
Not a real error.

[2028]
./_9AD8_7B49_4EE3_65702_20note.md.tex:2051: Preview: Snippet 2029 started.
<-><->
      
l.2051 $
        RCF$
Not a real error.

./_9AD8_7B49_4EE3_65702_20note.md.tex:2051: Preview: Snippet 2029 ended.(447828+0x1530403).
<-><->
      
l.2051 $RCF$
            
Not a real error.

[2029]
./_9AD8_7B49_4EE3_65702_20note.md.tex:2052: Preview: Snippet 2030 started.
<-><->
      
l.2052 $
        F$
Not a real error.

./_9AD8_7B49_4EE3_65702_20note.md.tex:2052: Preview: Snippet 2030 ended.(447828+0x512456).
<-><->
      
l.2052 $F$
          
Not a real error.

[2030]
./_9AD8_7B49_4EE3_65702_20note.md.tex:2053: Preview: Snippet 2031 started.
<-><->
      
l.2053 $
        n \in \mathbb{Z}_{\geq 1}$
Not a real error.

./_9AD8_7B49_4EE3_65702_20note.md.tex:2053: Preview: Snippet 2031 ended.(451470+183387x2334870).
<-><->
      
l.2053 $n \in \mathbb{Z}_{\geq 1}$
                                  
Not a real error.

[2031]
./_9AD8_7B49_4EE3_65702_20note.md.tex:2054: Preview: Snippet 2032 started.
<-><->
      
l.2054 $
        R$
Not a real error.

./_9AD8_7B49_4EE3_65702_20note.md.tex:2054: Preview: Snippet 2032 ended.(447828+0x502671).
<-><->
      
l.2054 $R$
          
Not a real error.

[2032]
./_9AD8_7B49_4EE3_65702_20note.md.tex:2055: Preview: Snippet 2033 started.
<-><->
      
l.2055 $
        r \in R$
Not a real error.

./_9AD8_7B49_4EE3_65702_20note.md.tex:2055: Preview: Snippet 2033 ended.(447828+25623x1617535).
<-><->
      
l.2055 $r \in R$
                
Not a real error.

[2033]
./_9AD8_7B49_4EE3_65702_20note.md.tex:2056: Preview: Snippet 2034 started.
<-><->
      
l.2056 $
        \exists d \geq 1$
Not a real error.

./_9AD8_7B49_4EE3_65702_20note.md.tex:2056: Preview: Snippet 2034 ended.(455111+89110x1906683).
<-><->
      
l.2056 $\exists d \geq 1$
                         
Not a real error.

[2034]
./_9AD8_7B49_4EE3_65702_20note.md.tex:2057: Preview: Snippet 2035 started.
<-><->
      
l.2057 $
        r^d=0$
Not a real error.

./_9AD8_7B49_4EE3_65702_20note.md.tex:2057: Preview: Snippet 2035 ended.(556402+0x1820949).
<-><->
      
l.2057 $r^d=0$
              
Not a real error.

[2035]
./_9AD8_7B49_4EE3_65702_20note.md.tex:2058: Preview: Snippet 2036 started.
<-><->
      
l.2058 $
        r$
Not a real error.

./_9AD8_7B49_4EE3_65702_20note.md.tex:2058: Preview: Snippet 2036 ended.(282168+0x313876).
<-><->
      
l.2058 $r$
          
Not a real error.

[2036]
./_9AD8_7B49_4EE3_65702_20note.md.tex:2059: Preview: Snippet 2037 started.
<-><->
      
l.2059 $
        R$
Not a real error.

./_9AD8_7B49_4EE3_65702_20note.md.tex:2059: Preview: Snippet 2037 ended.(447828+0x502671).
<-><->
      
l.2059 $R$
          
Not a real error.

[2037]
./_9AD8_7B49_4EE3_65702_20note.md.tex:2060: Preview: Snippet 2038 started.
<-><->
      
l.2060 $
        b$
Not a real error.

./_9AD8_7B49_4EE3_65702_20note.md.tex:2060: Preview: Snippet 2038 ended.(455111+0x281258).
<-><->
      
l.2060 $b$
          
Not a real error.

[2038]
./_9AD8_7B49_4EE3_65702_20note.md.tex:2061: Preview: Snippet 2039 started.
<-><->
      
l.2061 $
        r$
Not a real error.

./_9AD8_7B49_4EE3_65702_20note.md.tex:2061: Preview: Snippet 2039 ended.(282168+0x313876).
<-><->
      
l.2061 $r$
          
Not a real error.

[2039]
./_9AD8_7B49_4EE3_65702_20note.md.tex:2062: Preview: Snippet 2040 started.
<-><->
      
l.2062 $
        R=M_{n \times n}(F)$
Not a real error.

./_9AD8_7B49_4EE3_65702_20note.md.tex:2062: Preview: Snippet 2040 ended.(491520+163840x4124751).
<-><->
      
l.2062 $R=M_{n \times n}(F)$
                            
Not a real error.

[2040]
./_9AD8_7B49_4EE3_65702_20note.md.tex:2063: Preview: Snippet 2041 started.
<-><->
      
l.2063 $
        End(V)$
Not a real error.

./_9AD8_7B49_4EE3_65702_20note.md.tex:2063: Preview: Snippet 2041 ended.(491520+163840x2293687).
<-><->
      
l.2063 $End(V)$
               
Not a real error.

[2041]
./_9AD8_7B49_4EE3_65702_20note.md.tex:2064: Preview: Snippet 2042 started.
<-><->
      
l.2064 $
        \lambda \in F$
Not a real error.

./_9AD8_7B49_4EE3_65702_20note.md.tex:2064: Preview: Snippet 2042 ended.(455111+25623x1695739).
<-><->
      
l.2064 $\lambda \in F$
                      
Not a real error.

[2042]
./_9AD8_7B49_4EE3_65702_20note.md.tex:2065: Preview: Snippet 2043 started.
<-><->
      
l.2065 $
        \lambda \cdot 1_{n \times n}$
Not a real error.

./_9AD8_7B49_4EE3_65702_20note.md.tex:2065: Preview: Snippet 2043 ended.(455111+152917x2273586).
<-><->
      
l.2065 $\lambda \cdot 1_{n \times n}$
                                     
Not a real error.

[2043]
./_9AD8_7B49_4EE3_65702_20note.md.tex:2066: Preview: Snippet 2044 started.
<-><->
      
l.2066 $
        \lambda \cdot id_V$
Not a real error.

./_9AD8_7B49_4EE3_65702_20note.md.tex:2066: Preview: Snippet 2044 ended.(455111+98303x1877603).
<-><->
      
l.2066 $\lambda \cdot id_V$
                           
Not a real error.

[2044]
./_9AD8_7B49_4EE3_65702_20note.md.tex:2067: Preview: Snippet 2045 started.
<-><->
      
l.2067 $
        V_{[\lambda]}:=Ker(T-\lambda)^n=V[(X-\lambda)^\infty]$
Not a real error.

./_9AD8_7B49_4EE3_65702_20note.md.tex:2067: Preview: Snippet 2045 ended.(491520+233018x10433185).
<-><->
      
l.2067 ...=Ker(T-\lambda)^n=V[(X-\lambda)^\infty]$
                                                  
Not a real error.

[2045]
./_9AD8_7B49_4EE3_65702_20note.md.tex:2068: Preview: Snippet 2046 started.
<-><->
      
l.2068 $
        T \in End(V)$
Not a real error.

./_9AD8_7B49_4EE3_65702_20note.md.tex:2068: Preview: Snippet 2046 ended.(491520+163840x3568674).
<-><->
      
l.2068 $T \in End(V)$
                     
Not a real error.

[2046]
./_9AD8_7B49_4EE3_65702_20note.md.tex:2069: Preview: Snippet 2047 started.
<-><->
      
l.2069 $
        T$
Not a real error.

./_9AD8_7B49_4EE3_65702_20note.md.tex:2069: Preview: Snippet 2047 ended.(447828+0x473999).
<-><->
      
l.2069 $T$
          
Not a real error.

[2047]
./_9AD8_7B49_4EE3_65702_20note.md.tex:2070: Preview: Snippet 2048 started.
<-><->
      
l.2070 $
        \exists k >1$
Not a real error.

./_9AD8_7B49_4EE3_65702_20note.md.tex:2070: Preview: Snippet 2048 ended.(455111+25623x1927391).
<-><->
      
l.2070 $\exists k >1$
                     
Not a real error.

[2048]
./_9AD8_7B49_4EE3_65702_20note.md.tex:2071: Preview: Snippet 2049 started.
<-><->
      
l.2071 $
        Min_T=X^k$
Not a real error.

./_9AD8_7B49_4EE3_65702_20note.md.tex:2071: Preview: Snippet 2049 ended.(556402+98303x3529874).
<-><->
      
l.2071 $Min_T=X^k$
                  
Not a real error.

[2049]
./_9AD8_7B49_4EE3_65702_20note.md.tex:2072: Preview: Snippet 2050 started.
<-><->
      
l.2072 $
        Char_T=X^n$
Not a real error.

./_9AD8_7B49_4EE3_65702_20note.md.tex:2072: Preview: Snippet 2050 ended.(455111+98303x3772722).
<-><->
      
l.2072 $Char_T=X^n$
                   
Not a real error.

[2050]
./_9AD8_7B49_4EE3_65702_20note.md.tex:2073: Preview: Snippet 2051 started.
<-><->
      
l.2073 $
        V=V_{[0]}$
Not a real error.

./_9AD8_7B49_4EE3_65702_20note.md.tex:2073: Preview: Snippet 2051 ended.(447828+233018x2374765).
<-><->
      
l.2073 $V=V_{[0]}$
                  
Not a real error.

[2051]
./_9AD8_7B49_4EE3_65702_20note.md.tex:2074: Preview: Snippet 2052 started.
<-><->
      
l.2074 $
        \forall \lambda \in F, d \in \mathbb{Z}_{\geq 1}$
Not a real error.

./_9AD8_7B49_4EE3_65702_20note.md.tex:2074: Preview: Snippet 2052 ended.(455111+183387x4560885).
<-><->
      
l.2074 ...lambda \in F, d \in \mathbb{Z}_{\geq 1}$
                                                  
Not a real error.

[2052]
./_9AD8_7B49_4EE3_65702_20note.md.tex:2075: Preview: Snippet 2053 started.
<-><->
      
l.2075 $
        J_d(\lambda):=\begin{pmatrix}\lambda &1\\&\ddots&\ddots\\&&\ddots &1...
Not a real error.

./_9AD8_7B49_4EE3_65702_20note.md.tex:2075: Preview: Snippet 2053 ended.(2172868+1845188x15096801).
<-><->
      
l.2075 ...x} \in M_{d \times d}(F)=\lambda+J(_d0)$
                                                  
Not a real error.

[2053]
./_9AD8_7B49_4EE3_65702_20note.md.tex:2076: Preview: Snippet 2054 started.
<-><->
      
l.2076 $
        J_1(\lambda)=\lambda$
Not a real error.

./_9AD8_7B49_4EE3_65702_20note.md.tex:2076: Preview: Snippet 2054 ended.(491520+163840x2805531).
<-><->
      
l.2076 $J_1(\lambda)=\lambda$
                             
Not a real error.

[2054]
./_9AD8_7B49_4EE3_65702_20note.md.tex:2077: Preview: Snippet 2055 started.
<-><->
      
l.2077 $
        J_d^{下}(\lambda)=\,^tJ_d(\lambda)$
Not a real error.


./_9AD8_7B49_4EE3_65702_20note.md.tex:2077: LaTeX Error: Unicode character 下 (U+4E0B)
               not set up for use with LaTeX.

See the LaTeX manual or LaTeX Companion for explanation.
Type  H <return>  for immediate help.
 ...                                              
                                                  
l.2077 $J_d^{下
                }(\lambda)=\,^tJ_d(\lambda)$
You may provide a definition with
\DeclareUnicodeCharacter 

./_9AD8_7B49_4EE3_65702_20note.md.tex:2077: Preview: Snippet 2055 ended.(519994+185604x4335798).
<-><->
      
l.2077 $J_d^{下}(\lambda)=\,^tJ_d(\lambda)$
                                            
Not a real error.

[2055]
./_9AD8_7B49_4EE3_65702_20note.md.tex:2078: Preview: Snippet 2056 started.
<-><->
      
l.2078 $
        J_d^{下}(0)=C_{X^d}$
Not a real error.


./_9AD8_7B49_4EE3_65702_20note.md.tex:2078: LaTeX Error: Unicode character 下 (U+4E0B)
               not set up for use with LaTeX.

See the LaTeX manual or LaTeX Companion for explanation.
Type  H <return>  for immediate help.
 ...                                              
                                                  
l.2078 $J_d^{下
                }(0)=C_{X^d}$
You may provide a definition with
\DeclareUnicodeCharacter 

./_9AD8_7B49_4EE3_65702_20note.md.tex:2078: Preview: Snippet 2056 ended.(491520+185604x3621971).
<-><->
      
l.2078 $J_d^{下}(0)=C_{X^d}$
                             
Not a real error.

[2056]
./_9AD8_7B49_4EE3_65702_20note.md.tex:2079: Preview: Snippet 2057 started.
<-><->
      
l.2079 $
        Min_{J_d(0)}=X^d=char_{J_d(0)}$
Not a real error.

./_9AD8_7B49_4EE3_65702_20note.md.tex:2079: Preview: Snippet 2057 ended.(556402+233018x7814673).
<-><->
      
l.2079 $Min_{J_d(0)}=X^d=char_{J_d(0)}$
                                       
Not a real error.

[2057]
./_9AD8_7B49_4EE3_65702_20note.md.tex:2080: Preview: Snippet 2058 started.
<-><->
      
l.2080 $
        Min_{J_d(\lambda)}=(X-\lambda)^d=Char_{J_b(\lambda)}$
Not a real error.

./_9AD8_7B49_4EE3_65702_20note.md.tex:2080: Preview: Snippet 2058 ended.(556402+233018x9803708).
<-><->
      
l.2080 ...bda)}=(X-\lambda)^d=Char_{J_b(\lambda)}$
                                                  
Not a real error.

[2058]
./_9AD8_7B49_4EE3_65702_20note.md.tex:2081: Preview: Snippet 2059 started.
<-><->
      
l.2081 $
        A \in M_{n \times n}(F)$
Not a real error.

./_9AD8_7B49_4EE3_65702_20note.md.tex:2081: Preview: Snippet 2059 ended.(491520+163840x4040783).
<-><->
      
l.2081 $A \in M_{n \times n}(F)$
                                
Not a real error.

[2059]
./_9AD8_7B49_4EE3_65702_20note.md.tex:2082: Preview: Snippet 2060 started.
<-><->
      
l.2082 $
        b_1 \leq \cdots \leq b_r \in \mathbb{Z}_{\geq 1}$
Not a real error.

./_9AD8_7B49_4EE3_65702_20note.md.tex:2082: Preview: Snippet 2060 ended.(455111+183387x5600424).
<-><->
      
l.2082 ...\cdots \leq b_r \in \mathbb{Z}_{\geq 1}$
                                                  
Not a real error.

[2060]
./_9AD8_7B49_4EE3_65702_20note.md.tex:2083: Preview: Snippet 2061 started.
<-><->
      
l.2083 $
        A \sim \begin{pmatrix}J_{b_1}(0)\\&\ddots\\&&J_{b_r}(0) \end{pmatrix}$
Not a real error.

./_9AD8_7B49_4EE3_65702_20note.md.tex:2083: Preview: Snippet 2061 ended.(1561570+1233890x8035370).
<-><->
      
l.2083 ...0)\\&\ddots\\&&J_{b_r}(0) \end{pmatrix}$
                                                  
Not a real error.

[2061]
./_9AD8_7B49_4EE3_65702_20note.md.tex:2084: Preview: Snippet 2062 started.
<-><->
      
l.2084 $
        b_r$
Not a real error.

./_9AD8_7B49_4EE3_65702_20note.md.tex:2084: Preview: Snippet 2062 ended.(455111+98303x571468).
<-><->
      
l.2084 $b_r$
            
Not a real error.

[2062]
./_9AD8_7B49_4EE3_65702_20note.md.tex:2085: Preview: Snippet 2063 started.
<-><->
      
l.2085 $
        A$
Not a real error.

./_9AD8_7B49_4EE3_65702_20note.md.tex:2085: Preview: Snippet 2063 ended.(447828+0x491521).
<-><->
      
l.2085 $A$
          
Not a real error.

[2063]
./_9AD8_7B49_4EE3_65702_20note.md.tex:2086: Preview: Snippet 2064 started.
<-><->
      
l.2086 $
        J_{d_i}^{下}(0)$
Not a real error.


./_9AD8_7B49_4EE3_65702_20note.md.tex:2086: LaTeX Error: Unicode character 下 (U+4E0B)
               not set up for use with LaTeX.

See the LaTeX manual or LaTeX Companion for explanation.
Type  H <return>  for immediate help.
 ...                                              
                                                  
l.2086 $J_{d_i}^{下
                    }(0)$
You may provide a definition with
\DeclareUnicodeCharacter 

./_9AD8_7B49_4EE3_65702_20note.md.tex:2086: Preview: Snippet 2064 ended.(491520+251140x1714007).
<-><->
      
l.2086 $J_{d_i}^{下}(0)$
                         
Not a real error.

[2064]
./_9AD8_7B49_4EE3_65702_20note.md.tex:2087: Preview: Snippet 2065 started.
<-><->
      
l.2087 $
        d:=$
Not a real error.

./_9AD8_7B49_4EE3_65702_20note.md.tex:2087: Preview: Snippet 2065 ended.(455111+0x1214917).
<-><->
      
l.2087 $d:=$
            
Not a real error.

[2065]
./_9AD8_7B49_4EE3_65702_20note.md.tex:2088: Preview: Snippet 2066 started.
<-><->
      
l.2088 $
        A$
Not a real error.

./_9AD8_7B49_4EE3_65702_20note.md.tex:2088: Preview: Snippet 2066 ended.(447828+0x491521).
<-><->
      
l.2088 $A$
          
Not a real error.

[2066]
./_9AD8_7B49_4EE3_65702_20note.md.tex:2089: Preview: Snippet 2067 started.
<-><->
      
l.2089 $
        X^d=Min_A$
Not a real error.

./_9AD8_7B49_4EE3_65702_20note.md.tex:2089: Preview: Snippet 2067 ended.(556402+98303x3527054).
<-><->
      
l.2089 $X^d=Min_A$
                  
Not a real error.

[2067]
./_9AD8_7B49_4EE3_65702_20note.md.tex:2090: Preview: Snippet 2068 started.
<-><->
      
l.2090 $
        f_1|\cdots|f_r$
Not a real error.

./_9AD8_7B49_4EE3_65702_20note.md.tex:2090: Preview: Snippet 2068 ended.(491520+163840x2573044).
<-><->
      
l.2090 $f_1|\cdots|f_r$
                       
Not a real error.

[2068]
./_9AD8_7B49_4EE3_65702_20note.md.tex:2091: Preview: Snippet 2069 started.
<-><->
      
l.2091 $
        f_i=X^{b_i}$
Not a real error.

./_9AD8_7B49_4EE3_65702_20note.md.tex:2091: Preview: Snippet 2069 ended.(556402+127431x2478067).
<-><->
      
l.2091 $f_i=X^{b_i}$
                    
Not a real error.

[2069]
./_9AD8_7B49_4EE3_65702_20note.md.tex:2092: Preview: Snippet 2070 started.
<-><->
      
l.2092 $
        RCF$
Not a real error.

./_9AD8_7B49_4EE3_65702_20note.md.tex:2092: Preview: Snippet 2070 ended.(447828+0x1530403).
<-><->
      
l.2092 $RCF$
            
Not a real error.

[2070]
./_9AD8_7B49_4EE3_65702_20note.md.tex:2093: Preview: Snippet 2071 started.
<-><->
      
l.2093 $
        A \in M_{n \times n}(F)$
Not a real error.

./_9AD8_7B49_4EE3_65702_20note.md.tex:2093: Preview: Snippet 2071 ended.(491520+163840x4040783).
<-><->
      
l.2093 $A \in M_{n \times n}(F)$
                                
Not a real error.

[2071]
./_9AD8_7B49_4EE3_65702_20note.md.tex:2094: Preview: Snippet 2072 started.
<-><->
      
l.2094 $
        Char_A$
Not a real error.

./_9AD8_7B49_4EE3_65702_20note.md.tex:2094: Preview: Snippet 2072 ended.(455111+98303x1961850).
<-><->
      
l.2094 $Char_A$
               
Not a real error.

[2072]
./_9AD8_7B49_4EE3_65702_20note.md.tex:2095: Preview: Snippet 2073 started.
<-><->
      
l.2095 $
        F[X]$
Not a real error.

./_9AD8_7B49_4EE3_65702_20note.md.tex:2095: Preview: Snippet 2073 ended.(491520+163840x1470920).
<-><->
      
l.2095 $F[X]$
             
Not a real error.

[2073]
./_9AD8_7B49_4EE3_65702_20note.md.tex:2096: Preview: Snippet 2074 started.
<-><->
      
l.2096 $
        \lambda_1,\cdots,\lambda_m$
Not a real error.

./_9AD8_7B49_4EE3_65702_20note.md.tex:2096: Preview: Snippet 2074 ended.(455111+127431x3121981).
<-><->
      
l.2096 $\lambda_1,\cdots,\lambda_m$
                                   
Not a real error.

[2074]
./_9AD8_7B49_4EE3_65702_20note.md.tex:2097: Preview: Snippet 2075 started.
<-><->
      
l.2097 $
        A \sim \begin{pmatrix}A_1\\&\ddots\\&&A_m\end{pmatrix}$
Not a real error.

./_9AD8_7B49_4EE3_65702_20note.md.tex:2097: Preview: Snippet 2075 ended.(1561570+1233890x6362241).
<-><->
      
l.2097 ...matrix}A_1\\&\ddots\\&&A_m\end{pmatrix}$
                                                  
Not a real error.

[2075]
./_9AD8_7B49_4EE3_65702_20note.md.tex:2098: Preview: Snippet 2076 started.
<-><->
      
l.2098 $
        A_j=\begin{pmatrix}J_{b_{1,j}}(\lambda_j)\\&\ddots\\&&J_{b_{r_jj}}(\...
Not a real error.

./_9AD8_7B49_4EE3_65702_20note.md.tex:2098: Preview: Snippet 2076 ended.(1610142+1282461x9780791).
<-><->
      
l.2098 ...\&&J_{b_{r_jj}}(\lambda_j)\end{pmatrix}$
                                                  
Not a real error.

[2076]
./_9AD8_7B49_4EE3_65702_20note.md.tex:2099: Preview: Snippet 2077 started.
<-><->
      
l.2099 $
        j$
Not a real error.

./_9AD8_7B49_4EE3_65702_20note.md.tex:2099: Preview: Snippet 2077 ended.(432226+127431x307396).
<-><->
      
l.2099 $j$
          
Not a real error.

[2077]
./_9AD8_7B49_4EE3_65702_20note.md.tex:2100: Preview: Snippet 2078 started.
<-><->
      
l.2100 $
        T \in End(V)$
Not a real error.

./_9AD8_7B49_4EE3_65702_20note.md.tex:2100: Preview: Snippet 2078 ended.(491520+163840x3568674).
<-><->
      
l.2100 $T \in End(V)$
                     
Not a real error.

[2078]
./_9AD8_7B49_4EE3_65702_20note.md.tex:2101: Preview: Snippet 2079 started.
<-><->
      
l.2101 $
        dim_FV=n$
Not a real error.

./_9AD8_7B49_4EE3_65702_20note.md.tex:2101: Preview: Snippet 2079 ended.(455111+98303x3373086).
<-><->
      
l.2101 $dim_FV=n$
                 
Not a real error.

[2079]
./_9AD8_7B49_4EE3_65702_20note.md.tex:2102: Preview: Snippet 2080 started.
<-><->
      
l.2102 $
        V=\bigoplus_{i=1}^mV_{[\lambda_i]}$
Not a real error.

./_9AD8_7B49_4EE3_65702_20note.md.tex:2102: Preview: Snippet 2080 ended.(527024+233018x4351127).
<-><->
      
l.2102 $V=\bigoplus_{i=1}^mV_{[\lambda_i]}$
                                           
Not a real error.

[2080]
./_9AD8_7B49_4EE3_65702_20note.md.tex:2103: Preview: Snippet 2081 started.
<-><->
      
l.2103 $
        j$
Not a real error.

./_9AD8_7B49_4EE3_65702_20note.md.tex:2103: Preview: Snippet 2081 ended.(432226+127431x307396).
<-><->
      
l.2103 $j$
          
Not a real error.

[2081]
./_9AD8_7B49_4EE3_65702_20note.md.tex:2104: Preview: Snippet 2082 started.
<-><->
      
l.2104 $
        T_j-\lambda_j$
Not a real error.

./_9AD8_7B49_4EE3_65702_20note.md.tex:2104: Preview: Snippet 2082 ended.(455111+187504x2118541).
<-><->
      
l.2104 $T_j-\lambda_j$
                      
Not a real error.

[2082]
./_9AD8_7B49_4EE3_65702_20note.md.tex:2105: Preview: Snippet 2083 started.
<-><->
      
l.2105 $
        T_j \leftrightarrow A_j$
Not a real error.

./_9AD8_7B49_4EE3_65702_20note.md.tex:2105: Preview: Snippet 2083 ended.(447828+187504x2446218).
<-><->
      
l.2105 $T_j \leftrightarrow A_j$
                                
Not a real error.

[2083]
./_9AD8_7B49_4EE3_65702_20note.md.tex:2106: Preview: Snippet 2084 started.
<-><->
      
l.2106 $
        V=\bigoplus_jV_j:$
Not a real error.

./_9AD8_7B49_4EE3_65702_20note.md.tex:2106: Preview: Snippet 2084 ended.(491524+285812x3537797).
<-><->
      
l.2106 $V=\bigoplus_jV_j:$
                          
Not a real error.

[2084]
./_9AD8_7B49_4EE3_65702_20note.md.tex:2107: Preview: Snippet 2085 started.
<-><->
      
l.2107 $
        T|_{V_j}$
Not a real error.

./_9AD8_7B49_4EE3_65702_20note.md.tex:2107: Preview: Snippet 2085 ended.(491520+227554x1243122).
<-><->
      
l.2107 $T|_{V_j}$
                 
Not a real error.

[2085]
./_9AD8_7B49_4EE3_65702_20note.md.tex:2108: Preview: Snippet 2086 started.
<-><->
      
l.2108 $
        j$
Not a real error.

./_9AD8_7B49_4EE3_65702_20note.md.tex:2108: Preview: Snippet 2086 ended.(432226+127431x307396).
<-><->
      
l.2108 $j$
          
Not a real error.

[2086]
./_9AD8_7B49_4EE3_65702_20note.md.tex:2109: Preview: Snippet 2087 started.
<-><->
      
l.2109 $
        V_j \subset V[(X-\lambda_j)^\infty]=V_{[\lambda_j]}$
Not a real error.

./_9AD8_7B49_4EE3_65702_20note.md.tex:2109: Preview: Snippet 2087 ended.(491520+247581x7684296).
<-><->
      
l.2109 ...V[(X-\lambda_j)^\infty]=V_{[\lambda_j]}$
                                                  
Not a real error.

[2087]
./_9AD8_7B49_4EE3_65702_20note.md.tex:2110: Preview: Snippet 2088 started.
<-><->
      
l.2110 $
        V_j=V[\lambda_j]$
Not a real error.

./_9AD8_7B49_4EE3_65702_20note.md.tex:2110: Preview: Snippet 2088 ended.(491520+187504x3082693).
<-><->
      
l.2110 $V_j=V[\lambda_j]$
                         
Not a real error.

[2088]
./_9AD8_7B49_4EE3_65702_20note.md.tex:2111: Preview: Snippet 2089 started.
<-><->
      
l.2111 $
        RCF$
Not a real error.

./_9AD8_7B49_4EE3_65702_20note.md.tex:2111: Preview: Snippet 2089 ended.(447828+0x1530403).
<-><->
      
l.2111 $RCF$
            
Not a real error.

[2089]
./_9AD8_7B49_4EE3_65702_20note.md.tex:2112: Preview: Snippet 2090 started.
<-><->
      
l.2112 $
        J_1(\lambda)=\lambda$
Not a real error.

./_9AD8_7B49_4EE3_65702_20note.md.tex:2112: Preview: Snippet 2090 ended.(491520+163840x2805531).
<-><->
      
l.2112 $J_1(\lambda)=\lambda$
                             
Not a real error.

[2090]
./_9AD8_7B49_4EE3_65702_20note.md.tex:2113: Preview: Snippet 2091 started.
<-><->
      
l.2113 $
        A$
Not a real error.

./_9AD8_7B49_4EE3_65702_20note.md.tex:2113: Preview: Snippet 2091 ended.(447828+0x491521).
<-><->
      
l.2113 $A$
          
Not a real error.

[2091]
./_9AD8_7B49_4EE3_65702_20note.md.tex:2114: Preview: Snippet 2092 started.
<-><->
      
l.2114 $
        Char_A$
Not a real error.

./_9AD8_7B49_4EE3_65702_20note.md.tex:2114: Preview: Snippet 2092 ended.(455111+98303x1961850).
<-><->
      
l.2114 $Char_A$
               
Not a real error.

[2092]
./_9AD8_7B49_4EE3_65702_20note.md.tex:2115: Preview: Snippet 2093 started.
<-><->
      
l.2115 $
        F[X]$
Not a real error.

./_9AD8_7B49_4EE3_65702_20note.md.tex:2115: Preview: Snippet 2093 ended.(491520+163840x1470920).
<-><->
      
l.2115 $F[X]$
             
Not a real error.

[2093]
./_9AD8_7B49_4EE3_65702_20note.md.tex:2116: Preview: Snippet 2094 started.
<-><->
      
l.2116 $
        1 \times 1$
Not a real error.

./_9AD8_7B49_4EE3_65702_20note.md.tex:2116: Preview: Snippet 2094 ended.(422343+54613x1456352).
<-><->
      
l.2116 $1 \times 1$
                   
Not a real error.

[2094]
./_9AD8_7B49_4EE3_65702_20note.md.tex:2117: Preview: Snippet 2095 started.
<-><->
      
l.2117 $
        dimV=n \in \mathbb{Z}_{\geq 1}$
Not a real error.

./_9AD8_7B49_4EE3_65702_20note.md.tex:2117: Preview: Snippet 2095 ended.(455111+183387x4878906).
<-><->
      
l.2117 $dimV=n \in \mathbb{Z}_{\geq 1}$
                                       
Not a real error.

[2095]
./_9AD8_7B49_4EE3_65702_20note.md.tex:2118: Preview: Snippet 2096 started.
<-><->
      
l.2118 $
        T \in End(V)$
Not a real error.

./_9AD8_7B49_4EE3_65702_20note.md.tex:2118: Preview: Snippet 2096 ended.(491520+163840x3568674).
<-><->
      
l.2118 $T \in End(V)$
                     
Not a real error.

[2096]
./_9AD8_7B49_4EE3_65702_20note.md.tex:2119: Preview: Snippet 2097 started.
<-><->
      
l.2119 $
        Char_T$
Not a real error.

./_9AD8_7B49_4EE3_65702_20note.md.tex:2119: Preview: Snippet 2097 ended.(455111+98303x1947808).
<-><->
      
l.2119 $Char_T$
               
Not a real error.

[2097]
./_9AD8_7B49_4EE3_65702_20note.md.tex:2120: Preview: Snippet 2098 started.
<-><->
      
l.2120 $
        F[x]$
Not a real error.

./_9AD8_7B49_4EE3_65702_20note.md.tex:2120: Preview: Snippet 2098 ended.(491520+163840x1251102).
<-><->
      
l.2120 $F[x]$
             
Not a real error.

[2098]
./_9AD8_7B49_4EE3_65702_20note.md.tex:2121: Preview: Snippet 2099 started.
<-><->
      
l.2121 $
        S,N \in End(V)$
Not a real error.

./_9AD8_7B49_4EE3_65702_20note.md.tex:2121: Preview: Snippet 2099 ended.(491520+163840x4387185).
<-><->
      
l.2121 $S,N \in End(V)$
                       
Not a real error.

[2099]
./_9AD8_7B49_4EE3_65702_20note.md.tex:2122: Preview: Snippet 2100 started.
<-><->
      
l.2122 $
        S$
Not a real error.

./_9AD8_7B49_4EE3_65702_20note.md.tex:2122: Preview: Snippet 2100 ended.(447828+0x439636).
<-><->
      
l.2122 $S$
          
Not a real error.

[2100]
./_9AD8_7B49_4EE3_65702_20note.md.tex:2123: Preview: Snippet 2101 started.
<-><->
      
l.2123 $
        F$
Not a real error.

./_9AD8_7B49_4EE3_65702_20note.md.tex:2123: Preview: Snippet 2101 ended.(447828+0x512456).
<-><->
      
l.2123 $F$
          
Not a real error.

[2101]
./_9AD8_7B49_4EE3_65702_20note.md.tex:2124: Preview: Snippet 2102 started.
<-><->
      
l.2124 $
        N$
Not a real error.

./_9AD8_7B49_4EE3_65702_20note.md.tex:2124: Preview: Snippet 2102 ended.(447828+0x598014).
<-><->
      
l.2124 $N$
          
Not a real error.

[2102]
./_9AD8_7B49_4EE3_65702_20note.md.tex:2125: Preview: Snippet 2103 started.
<-><->
      
l.2125 $
        T=S+N$
Not a real error.

./_9AD8_7B49_4EE3_65702_20note.md.tex:2125: Preview: Snippet 2103 ended.(447828+54613x3186445).
<-><->
      
l.2125 $T=S+N$
              
Not a real error.

[2103]
./_9AD8_7B49_4EE3_65702_20note.md.tex:2126: Preview: Snippet 2104 started.
<-><->
      
l.2126 $
        SN=NS$
Not a real error.

./_9AD8_7B49_4EE3_65702_20note.md.tex:2126: Preview: Snippet 2104 ended.(447828+0x2949106).
<-><->
      
l.2126 $SN=NS$
              
Not a real error.

[2104]
./_9AD8_7B49_4EE3_65702_20note.md.tex:2127: Preview: Snippet 2105 started.
<-><->
      
l.2127 $
        JCF$
Not a real error.

./_9AD8_7B49_4EE3_65702_20note.md.tex:2127: Preview: Snippet 2105 ended.(447828+0x1454171).
<-><->
      
l.2127 $JCF$
            
Not a real error.

[2105]
./_9AD8_7B49_4EE3_65702_20note.md.tex:2128: Preview: Snippet 2106 started.
<-><->
      
l.2128 $
        V=F^n$
Not a real error.

./_9AD8_7B49_4EE3_65702_20note.md.tex:2128: Preview: Snippet 2106 ended.(447828+0x2270925).
<-><->
      
l.2128 $V=F^n$
              
Not a real error.

[2106]
./_9AD8_7B49_4EE3_65702_20note.md.tex:2129: Preview: Snippet 2107 started.
<-><->
      
l.2129 $
        J_n(\lambda) \in M_{n \times n}(F)$
Not a real error.

./_9AD8_7B49_4EE3_65702_20note.md.tex:2129: Preview: Snippet 2107 ended.(491520+163840x5161423).
<-><->
      
l.2129 $J_n(\lambda) \in M_{n \times n}(F)$
                                           
Not a real error.

[2107]
./_9AD8_7B49_4EE3_65702_20note.md.tex:2130: Preview: Snippet 2108 started.
<-><->
      
l.2130 $
        J_n(\lambda)=\lambda+J_n(0)$
Not a real error.

./_9AD8_7B49_4EE3_65702_20note.md.tex:2130: Preview: Snippet 2108 ended.(491520+163840x5226799).
<-><->
      
l.2130 $J_n(\lambda)=\lambda+J_n(0)$
                                    
Not a real error.

[2108]
./_9AD8_7B49_4EE3_65702_20note.md.tex:2131: Preview: Snippet 2109 started.
<-><->
      
l.2131 $
        T=S+N$
Not a real error.

./_9AD8_7B49_4EE3_65702_20note.md.tex:2131: Preview: Snippet 2109 ended.(447828+54613x3186445).
<-><->
      
l.2131 $T=S+N$
              
Not a real error.

[2109]
./_9AD8_7B49_4EE3_65702_20note.md.tex:2132: Preview: Snippet 2110 started.
<-><->
      
l.2132 $
        SN=NS$
Not a real error.

./_9AD8_7B49_4EE3_65702_20note.md.tex:2132: Preview: Snippet 2110 ended.(447828+0x2949106).
<-><->
      
l.2132 $SN=NS$
              
Not a real error.

[2110]
./_9AD8_7B49_4EE3_65702_20note.md.tex:2133: Preview: Snippet 2111 started.
<-><->
      
l.2133 $
        \mu_1,\cdots,\mu_l$
Not a real error.

./_9AD8_7B49_4EE3_65702_20note.md.tex:2133: Preview: Snippet 2111 ended.(291271+127431x2850504).
<-><->
      
l.2133 $\mu_1,\cdots,\mu_l$
                           
Not a real error.

[2111]
./_9AD8_7B49_4EE3_65702_20note.md.tex:2134: Preview: Snippet 2112 started.
<-><->
      
l.2134 $
        S$
Not a real error.

./_9AD8_7B49_4EE3_65702_20note.md.tex:2134: Preview: Snippet 2112 ended.(447828+0x439636).
<-><->
      
l.2134 $S$
          
Not a real error.

[2112]
./_9AD8_7B49_4EE3_65702_20note.md.tex:2135: Preview: Snippet 2113 started.
<-><->
      
l.2135 $
        V=V_1 \oplus \cdots \oplus V_l$
Not a real error.

./_9AD8_7B49_4EE3_65702_20note.md.tex:2135: Preview: Snippet 2113 ended.(447828+98303x5028047).
<-><->
      
l.2135 $V=V_1 \oplus \cdots \oplus V_l$
                                       
Not a real error.

[2113]
./_9AD8_7B49_4EE3_65702_20note.md.tex:2136: Preview: Snippet 2114 started.
<-><->
      
l.2136 $
        S$
Not a real error.

./_9AD8_7B49_4EE3_65702_20note.md.tex:2136: Preview: Snippet 2114 ended.(447828+0x439636).
<-><->
      
l.2136 $S$
          
Not a real error.

[2114]
./_9AD8_7B49_4EE3_65702_20note.md.tex:2137: Preview: Snippet 2115 started.
<-><->
      
l.2137 $
        \forall 1 \leq j \leq l$
Not a real error.

./_9AD8_7B49_4EE3_65702_20note.md.tex:2137: Preview: Snippet 2115 ended.(455111+127431x2955221).
<-><->
      
l.2137 $\forall 1 \leq j \leq l$
                                
Not a real error.

[2115]
./_9AD8_7B49_4EE3_65702_20note.md.tex:2138: Preview: Snippet 2116 started.
<-><->
      
l.2138 $
        T_j:=T|_{V_i}=\mu_j+(N|_{V_j})$
Not a real error.

./_9AD8_7B49_4EE3_65702_20note.md.tex:2138: Preview: Snippet 2116 ended.(491520+227554x7143549).
<-><->
      
l.2138 $T_j:=T|_{V_i}=\mu_j+(N|_{V_j})$
                                       
Not a real error.

[2116]
./_9AD8_7B49_4EE3_65702_20note.md.tex:2139: Preview: Snippet 2117 started.
<-><->
      
l.2139 $
        T_j-\mu_j$
Not a real error.

./_9AD8_7B49_4EE3_65702_20note.md.tex:2139: Preview: Snippet 2117 ended.(447828+187504x2131132).
<-><->
      
l.2139 $T_j-\mu_j$
                  
Not a real error.

[2117]
./_9AD8_7B49_4EE3_65702_20note.md.tex:2140: Preview: Snippet 2118 started.
<-><->
      
l.2140 $
        V_j \subset$
Not a real error.

./_9AD8_7B49_4EE3_65702_20note.md.tex:2140: Preview: Snippet 2118 ended.(447828+187504x1350199).
<-><->
      
l.2140 $V_j \subset$
                    
Not a real error.

[2118]
./_9AD8_7B49_4EE3_65702_20note.md.tex:2141: Preview: Snippet 2119 started.
<-><->
      
l.2141 $
        \mu_j-eigenspce$
Not a real error.

./_9AD8_7B49_4EE3_65702_20note.md.tex:2141: Preview: Snippet 2119 ended.(432226+187504x4263263).
<-><->
      
l.2141 $\mu_j-eigenspce$
                        
Not a real error.

[2119]
./_9AD8_7B49_4EE3_65702_20note.md.tex:2142: Preview: Snippet 2120 started.
<-><->
      
l.2142 $
        T$
Not a real error.

./_9AD8_7B49_4EE3_65702_20note.md.tex:2142: Preview: Snippet 2120 ended.(447828+0x473999).
<-><->
      
l.2142 $T$
          
Not a real error.

[2120]
./_9AD8_7B49_4EE3_65702_20note.md.tex:2143: Preview: Snippet 2121 started.
<-><->
      
l.2143 $
        V=\bigoplus_{\mu \in F}V_{[\mu]}$
Not a real error.

./_9AD8_7B49_4EE3_65702_20note.md.tex:2143: Preview: Snippet 2121 ended.(491524+285812x4377095).
<-><->
      
l.2143 $V=\bigoplus_{\mu \in F}V_{[\mu]}$
                                         
Not a real error.

[2121]
./_9AD8_7B49_4EE3_65702_20note.md.tex:2144: Preview: Snippet 2122 started.
<-><->
      
l.2144 $
        V_j=V_{[\mu_j]}$
Not a real error.

./_9AD8_7B49_4EE3_65702_20note.md.tex:2144: Preview: Snippet 2122 ended.(447828+247581x2807524).
<-><->
      
l.2144 $V_j=V_{[\mu_j]}$
                        
Not a real error.

[2122]
./_9AD8_7B49_4EE3_65702_20note.md.tex:2145: Preview: Snippet 2123 started.
<-><->
      
l.2145 $
        \mu_1,\cdots,\mu_l$
Not a real error.

./_9AD8_7B49_4EE3_65702_20note.md.tex:2145: Preview: Snippet 2123 ended.(291271+127431x2850504).
<-><->
      
l.2145 $\mu_1,\cdots,\mu_l$
                           
Not a real error.

[2123]
./_9AD8_7B49_4EE3_65702_20note.md.tex:2146: Preview: Snippet 2124 started.
<-><->
      
l.2146 $
        T$
Not a real error.

./_9AD8_7B49_4EE3_65702_20note.md.tex:2146: Preview: Snippet 2124 ended.(447828+0x473999).
<-><->
      
l.2146 $T$
          
Not a real error.

[2124]
./_9AD8_7B49_4EE3_65702_20note.md.tex:2147: Preview: Snippet 2125 started.
<-><->
      
l.2147 $
        S$
Not a real error.

./_9AD8_7B49_4EE3_65702_20note.md.tex:2147: Preview: Snippet 2125 ended.(447828+0x439636).
<-><->
      
l.2147 $S$
          
Not a real error.

[2125]
./_9AD8_7B49_4EE3_65702_20note.md.tex:2148: Preview: Snippet 2126 started.
<-><->
      
l.2148 $
        T$
Not a real error.

./_9AD8_7B49_4EE3_65702_20note.md.tex:2148: Preview: Snippet 2126 ended.(447828+0x473999).
<-><->
      
l.2148 $T$
          
Not a real error.

[2126]
./_9AD8_7B49_4EE3_65702_20note.md.tex:2149: Preview: Snippet 2127 started.
<-><->
      
l.2149 $
        S|_{V_{[\lambda]}}=\lambda$
Not a real error.

./_9AD8_7B49_4EE3_65702_20note.md.tex:2149: Preview: Snippet 2127 ended.(491520+267969x2792108).
<-><->
      
l.2149 $S|_{V_{[\lambda]}}=\lambda$
                                   
Not a real error.

[2127]
./_9AD8_7B49_4EE3_65702_20note.md.tex:2150: Preview: Snippet 2128 started.
<-><->
      
l.2150 $
        N=FS$
Not a real error.

./_9AD8_7B49_4EE3_65702_20note.md.tex:2150: Preview: Snippet 2128 ended.(447828+0x2423912).
<-><->
      
l.2150 $N=FS$
             
Not a real error.

[2128]
./_9AD8_7B49_4EE3_65702_20note.md.tex:2151: Preview: Snippet 2129 started.
<-><->
      
l.2151 $
        f,g \in F[x]$
Not a real error.

./_9AD8_7B49_4EE3_65702_20note.md.tex:2151: Preview: Snippet 2129 ended.(491520+163840x3034447).
<-><->
      
l.2151 $f,g \in F[x]$
                     
Not a real error.

[2129]
./_9AD8_7B49_4EE3_65702_20note.md.tex:2152: Preview: Snippet 2130 started.
<-><->
      
l.2152 $
        F(T)=S$
Not a real error.

./_9AD8_7B49_4EE3_65702_20note.md.tex:2152: Preview: Snippet 2130 ended.(491520+163840x2809623).
<-><->
      
l.2152 $F(T)=S$
               
Not a real error.

[2130]
./_9AD8_7B49_4EE3_65702_20note.md.tex:2153: Preview: Snippet 2131 started.
<-><->
      
l.2153 $
        g(T)=N$
Not a real error.

./_9AD8_7B49_4EE3_65702_20note.md.tex:2153: Preview: Snippet 2131 ended.(491520+163840x2791644).
<-><->
      
l.2153 $g(T)=N$
               
Not a real error.

[2131]
./_9AD8_7B49_4EE3_65702_20note.md.tex:2154: Preview: Snippet 2132 started.
<-><->
      
l.2154 $
        V=V_1 \oplus \cdots \oplus V_l$
Not a real error.

./_9AD8_7B49_4EE3_65702_20note.md.tex:2154: Preview: Snippet 2132 ended.(447828+98303x5028047).
<-><->
      
l.2154 $V=V_1 \oplus \cdots \oplus V_l$
                                       
Not a real error.

[2132]
./_9AD8_7B49_4EE3_65702_20note.md.tex:2155: Preview: Snippet 2133 started.
<-><->
      
l.2155 $
        f \equiv \mu_i \pmod{(X-\mu_i)^n}$
Not a real error.

./_9AD8_7B49_4EE3_65702_20note.md.tex:2155: Preview: Snippet 2133 ended.(491520+163840x7028725).
<-><->
      
l.2155 $f \equiv \mu_i \pmod{(X-\mu_i)^n}$
                                          
Not a real error.

[2133]
./_9AD8_7B49_4EE3_65702_20note.md.tex:2156: Preview: Snippet 2134 started.
<-><->
      
l.2156 $
        F[X]$
Not a real error.

./_9AD8_7B49_4EE3_65702_20note.md.tex:2156: Preview: Snippet 2134 ended.(491520+163840x1470920).
<-><->
      
l.2156 $F[X]$
             
Not a real error.

[2134]
./_9AD8_7B49_4EE3_65702_20note.md.tex:2157: Preview: Snippet 2135 started.
<-><->
      
l.2157 $
        f(T)|_{V_{j}}=\mu_i$
Not a real error.

./_9AD8_7B49_4EE3_65702_20note.md.tex:2157: Preview: Snippet 2135 ended.(491520+227554x3631126).
<-><->
      
l.2157 $f(T)|_{V_{j}}=\mu_i$
                            
Not a real error.

[2135]
./_9AD8_7B49_4EE3_65702_20note.md.tex:2158: Preview: Snippet 2136 started.
<-><->
      
l.2158 $
        (T-\mu_j)^n|_{V_j}=0$
Not a real error.

./_9AD8_7B49_4EE3_65702_20note.md.tex:2158: Preview: Snippet 2136 ended.(491520+227554x4783085).
<-><->
      
l.2158 $(T-\mu_j)^n|_{V_j}=0$
                             
Not a real error.

[2136]
./_9AD8_7B49_4EE3_65702_20note.md.tex:2159: Preview: Snippet 2137 started.
<-><->
      
l.2159 $
        f(T)=S$
Not a real error.

./_9AD8_7B49_4EE3_65702_20note.md.tex:2159: Preview: Snippet 2137 ended.(491520+163840x2688565).
<-><->
      
l.2159 $f(T)=S$
               
Not a real error.

[2137]
./_9AD8_7B49_4EE3_65702_20note.md.tex:2160: Preview: Snippet 2138 started.
<-><->
      
l.2160 $
        g=X-f$
Not a real error.

./_9AD8_7B49_4EE3_65702_20note.md.tex:2160: Preview: Snippet 2138 ended.(455111+127431x2996667).
<-><->
      
l.2160 $g=X-f$
              
Not a real error.

[2138]
./_9AD8_7B49_4EE3_65702_20note.md.tex:2161: Preview: Snippet 2139 started.
<-><->
      
l.2161 $
        F$
Not a real error.

./_9AD8_7B49_4EE3_65702_20note.md.tex:2161: Preview: Snippet 2139 ended.(447828+0x512456).
<-><->
      
l.2161 $F$
          
Not a real error.

[2139]
./_9AD8_7B49_4EE3_65702_20note.md.tex:2162: Preview: Snippet 2140 started.
<-><->
      
l.2162 $
        V,W$
Not a real error.

./_9AD8_7B49_4EE3_65702_20note.md.tex:2162: Preview: Snippet 2140 ended.(447828+127431x1419945).
<-><->
      
l.2162 $V,W$
            
Not a real error.

[2140]
./_9AD8_7B49_4EE3_65702_20note.md.tex:2163: Preview: Snippet 2141 started.
<-><->
      
l.2163 $
        F$
Not a real error.

./_9AD8_7B49_4EE3_65702_20note.md.tex:2163: Preview: Snippet 2141 ended.(447828+0x512456).
<-><->
      
l.2163 $F$
          
Not a real error.

[2141]
./_9AD8_7B49_4EE3_65702_20note.md.tex:2164: Preview: Snippet 2142 started.
<-><->
      
l.2164 $
        v \otimes w$
Not a real error.

./_9AD8_7B49_4EE3_65702_20note.md.tex:2164: Preview: Snippet 2142 ended.(382293+54613x1628989).
<-><->
      
l.2164 $v \otimes w$
                    
Not a real error.

[2142]
./_9AD8_7B49_4EE3_65702_20note.md.tex:2165: Preview: Snippet 2143 started.
<-><->
      
l.2165 $
        V \times W \rightarrow$
Not a real error.

./_9AD8_7B49_4EE3_65702_20note.md.tex:2165: Preview: Snippet 2143 ended.(447828+54613x2876294).
<-><->
      
l.2165 $V \times W \rightarrow$
                               
Not a real error.

[2143]
./_9AD8_7B49_4EE3_65702_20note.md.tex:2166: Preview: Snippet 2144 started.
<-><->
      
l.2166 $
        V,W$
Not a real error.

./_9AD8_7B49_4EE3_65702_20note.md.tex:2166: Preview: Snippet 2144 ended.(447828+127431x1419945).
<-><->
      
l.2166 $V,W$
            
Not a real error.

[2144]
./_9AD8_7B49_4EE3_65702_20note.md.tex:2167: Preview: Snippet 2145 started.
<-><->
      
l.2167 $
        (L,B)$
Not a real error.

./_9AD8_7B49_4EE3_65702_20note.md.tex:2167: Preview: Snippet 2145 ended.(491520+163840x1776982).
<-><->
      
l.2167 $(L,B)$
              
Not a real error.

[2145]
./_9AD8_7B49_4EE3_65702_20note.md.tex:2168: Preview: Snippet 2146 started.
<-><->
      
l.2168 $
        L$
Not a real error.

./_9AD8_7B49_4EE3_65702_20note.md.tex:2168: Preview: Snippet 2146 ended.(447828+0x446010).
<-><->
      
l.2168 $L$
          
Not a real error.

[2146]
./_9AD8_7B49_4EE3_65702_20note.md.tex:2169: Preview: Snippet 2147 started.
<-><->
      
l.2169 $
        F$
Not a real error.

./_9AD8_7B49_4EE3_65702_20note.md.tex:2169: Preview: Snippet 2147 ended.(447828+0x512456).
<-><->
      
l.2169 $F$
          
Not a real error.

[2147]
./_9AD8_7B49_4EE3_65702_20note.md.tex:2170: Preview: Snippet 2148 started.
<-><->
      
l.2170 $
        B:V \times W \rightarrow L$
Not a real error.

./_9AD8_7B49_4EE3_65702_20note.md.tex:2170: Preview: Snippet 2148 ended.(447828+54613x4580446).
<-><->
      
l.2170 $B:V \times W \rightarrow L$
                                   
Not a real error.

[2148]
./_9AD8_7B49_4EE3_65702_20note.md.tex:2171: Preview: Snippet 2149 started.
<-><->
      
l.2171 $
        \exists(L_{univ},B_{univ})$
Not a real error.

./_9AD8_7B49_4EE3_65702_20note.md.tex:2171: Preview: Snippet 2149 ended.(491520+163840x4369427).
<-><->
      
l.2171 $\exists(L_{univ},B_{univ})$
                                   
Not a real error.

[2149]
./_9AD8_7B49_4EE3_65702_20note.md.tex:2172: Preview: Snippet 2150 started.
<-><->
      
l.2172 $
        (L,B)$
Not a real error.

./_9AD8_7B49_4EE3_65702_20note.md.tex:2172: Preview: Snippet 2150 ended.(491520+163840x1776982).
<-><->
      
l.2172 $(L,B)$
              
Not a real error.

[2150]
./_9AD8_7B49_4EE3_65702_20note.md.tex:2173: Preview: Snippet 2151 started.
<-><->
      
l.2173 $
        \phi:L_{univ} \rightarrow L$
Not a real error.

./_9AD8_7B49_4EE3_65702_20note.md.tex:2173: Preview: Snippet 2151 ended.(455111+127431x3978690).
<-><->
      
l.2173 $\phi:L_{univ} \rightarrow L$
                                    
Not a real error.

[2151]
./_9AD8_7B49_4EE3_65702_20note.md.tex:2174: Preview: Snippet 2152 started.
<-><->
      
l.2174 $
        B=\phi \circ B_{univ}$
Not a real error.

./_9AD8_7B49_4EE3_65702_20note.md.tex:2174: Preview: Snippet 2152 ended.(455111+127431x4040928).
<-><->
      
l.2174 $B=\phi \circ B_{univ}$
                              
Not a real error.

[2152]
./_9AD8_7B49_4EE3_65702_20note.md.tex:2175: Preview: Snippet 2153 started.
<-><->
      
l.2175 $
        (L_{univ},B_{univ})$
Not a real error.

./_9AD8_7B49_4EE3_65702_20note.md.tex:2175: Preview: Snippet 2153 ended.(491520+163840x4005337).
<-><->
      
l.2175 $(L_{univ},B_{univ})$
                            
Not a real error.

[2153]
./_9AD8_7B49_4EE3_65702_20note.md.tex:2176: Preview: Snippet 2154 started.
<-><->
      
l.2176 $
        $L_{univ}=V \times W/ \langle (\lambda_1v_1+v_2) \otimes (\lambda_2w...
Not a real error.

./_9AD8_7B49_4EE3_65702_20note.md.tex:2176: Preview: Snippet 2154 ended.(1605632+0x22609920).
<-><->
      
l.2176 ...2 \otimes w_1)-v_2 \otimes w_2 \rangle$$
                                                  
Not a real error.

[2154]
./_9AD8_7B49_4EE3_65702_20note.md.tex:2177: Preview: Snippet 2155 started.
<-><->
      
l.2177 $
        (L,B)=(L_{univ},B_{univ})$
Not a real error.

./_9AD8_7B49_4EE3_65702_20note.md.tex:2177: Preview: Snippet 2155 ended.(491520+163840x6656125).
<-><->
      
l.2177 $(L,B)=(L_{univ},B_{univ})$
                                  
Not a real error.

[2155]
./_9AD8_7B49_4EE3_65702_20note.md.tex:2178: Preview: Snippet 2156 started.
<-><->
      
l.2178 $
        (L'_{univ},B'_{univ})$
Not a real error.

./_9AD8_7B49_4EE3_65702_20note.md.tex:2178: Preview: Snippet 2156 ended.(492688+170585x4005337).
<-><->
      
l.2178 $(L'_{univ},B'_{univ})$
                              
Not a real error.

[2156]
./_9AD8_7B49_4EE3_65702_20note.md.tex:2179: Preview: Snippet 2157 started.
<-><->
      
l.2179 $
        \phi,\phi'$
Not a real error.

./_9AD8_7B49_4EE3_65702_20note.md.tex:2179: Preview: Snippet 2157 ended.(492688+127431x1256106).
<-><->
      
l.2179 $\phi,\phi'$
                   
Not a real error.

[2157]
./_9AD8_7B49_4EE3_65702_20note.md.tex:2180: Preview: Snippet 2158 started.
<-><->
      
l.2180 $
        \phi \circ\phi'=id$
Not a real error.

./_9AD8_7B49_4EE3_65702_20note.md.tex:2180: Preview: Snippet 2158 ended.(492688+127431x3024474).
<-><->
      
l.2180 $\phi \circ\phi'=id$
                           
Not a real error.

[2158]
./_9AD8_7B49_4EE3_65702_20note.md.tex:2181: Preview: Snippet 2159 started.
<-><->
      
l.2181 $
        \phi' \circ \phi=id'$
Not a real error.

./_9AD8_7B49_4EE3_65702_20note.md.tex:2181: Preview: Snippet 2159 ended.(492688+127431x3208339).
<-><->
      
l.2181 $\phi' \circ \phi=id'$
                             
Not a real error.

[2159]
./_9AD8_7B49_4EE3_65702_20note.md.tex:2182: Preview: Snippet 2160 started.
<-><->
      
l.2182 $
        f_i:V_i \rightarrow W_i$
Not a real error.

./_9AD8_7B49_4EE3_65702_20note.md.tex:2182: Preview: Snippet 2160 ended.(455111+127431x3542229).
<-><->
      
l.2182 $f_i:V_i \rightarrow W_i$
                                
Not a real error.

[2160]
./_9AD8_7B49_4EE3_65702_20note.md.tex:2183: Preview: Snippet 2161 started.
<-><->
      
l.2183 $
        1 \leq i \leq n$
Not a real error.

./_9AD8_7B49_4EE3_65702_20note.md.tex:2183: Preview: Snippet 2161 ended.(432226+89110x2694443).
<-><->
      
l.2183 $1 \leq i \leq n$
                        
Not a real error.

[2161]
./_9AD8_7B49_4EE3_65702_20note.md.tex:2184: Preview: Snippet 2162 started.
<-><->
      
l.2184 $
        f_1 \otimes \cdots \otimes f_n$
Not a real error.

./_9AD8_7B49_4EE3_65702_20note.md.tex:2184: Preview: Snippet 2162 ended.(455111+127431x3659010).
<-><->
      
l.2184 $f_1 \otimes \cdots \otimes f_n$
                                       
Not a real error.

[2162]
./_9AD8_7B49_4EE3_65702_20note.md.tex:2185: Preview: Snippet 2163 started.
<-><->
      
l.2185 $
        id_{V_1} \otimes \cdots \otimes id_{V_n}=id_{V_1\otimes\cdots\otimes...
Not a real error.

./_9AD8_7B49_4EE3_65702_20note.md.tex:2185: Preview: Snippet 2163 ended.(455111+163839x8717713).
<-><->
      
l.2185 ..._{V_n}=id_{V_1\otimes\cdots\otimes V_n}$
                                                  
Not a real error.

[2163]
./_9AD8_7B49_4EE3_65702_20note.md.tex:2186: Preview: Snippet 2164 started.
<-><->
      
l.2186 $
        (f_1 \otimes \cdots \otimes f_n)(g_1\otimes\cdots\otimes g_n)=f_1g_1...
Not a real error.

./_9AD8_7B49_4EE3_65702_20note.md.tex:2186: Preview: Snippet 2164 ended.(491520+163840x14129659).
<-><->
      
l.2186 ... g_n)=f_1g_1\otimes\cdots\otimes f_ng_n$
                                                  
Not a real error.

[2164]
./_9AD8_7B49_4EE3_65702_20note.md.tex:2187: Preview: Snippet 2165 started.
<-><->
      
l.2187 $
        U_i \stackrel{g_i}{\longrightarrow} V_i \stackrel{f_i}{\longrightarr...
Not a real error.

./_9AD8_7B49_4EE3_65702_20note.md.tex:2187: Preview: Snippet 2165 ended.(786567+98303x4943159).
<-><->
      
l.2187 ...V_i \stackrel{f_i}{\longrightarrow} W_i$
                                                  
Not a real error.

[2165]
./_9AD8_7B49_4EE3_65702_20note.md.tex:2188: Preview: Snippet 2166 started.
<-><->
      
l.2188 $
        V_i=\{0\}$
Not a real error.

./_9AD8_7B49_4EE3_65702_20note.md.tex:2188: Preview: Snippet 2166 ended.(491520+163840x2457330).
<-><->
      
l.2188 $V_i=\{0\}$
                  
Not a real error.

[2166]
./_9AD8_7B49_4EE3_65702_20note.md.tex:2189: Preview: Snippet 2167 started.
<-><->
      
l.2189 $
        i$
Not a real error.

./_9AD8_7B49_4EE3_65702_20note.md.tex:2189: Preview: Snippet 2167 ended.(432226+0x225780).
<-><->
      
l.2189 $i$
          
Not a real error.

[2167]
./_9AD8_7B49_4EE3_65702_20note.md.tex:2190: Preview: Snippet 2168 started.
<-><->
      
l.2190 $
        V_1 \otimes \cdots \otimes V_n =\{0\}$
Not a real error.

./_9AD8_7B49_4EE3_65702_20note.md.tex:2190: Preview: Snippet 2168 ended.(491520+163840x5638735).
<-><->
      
l.2190 $V_1 \otimes \cdots \otimes V_n =\{0\}$
                                              
Not a real error.

[2168]
./_9AD8_7B49_4EE3_65702_20note.md.tex:2191: Preview: Snippet 2169 started.
<-><->
      
l.2191 $
        \phi,\psi \in Hom(V_1 \otimes \cdots \otimes V_n,M)$
Not a real error.

./_9AD8_7B49_4EE3_65702_20note.md.tex:2191: Preview: Snippet 2169 ended.(491520+163840x8714372).
<-><->
      
l.2191 ...n Hom(V_1 \otimes \cdots \otimes V_n,M)$
                                                  
Not a real error.

[2169]
./_9AD8_7B49_4EE3_65702_20note.md.tex:2192: Preview: Snippet 2170 started.
<-><->
      
l.2192 $
        \phi(v_1\otimes\cdots\otimes v_n)=\psi(v_1\otimes\cdots\otimes v_n)$
Not a real error.

./_9AD8_7B49_4EE3_65702_20note.md.tex:2192: Preview: Snippet 2170 ended.(491520+163840x10039425).
<-><->
      
l.2192 ... v_n)=\psi(v_1\otimes\cdots\otimes v_n)$
                                                  
Not a real error.

[2170]
./_9AD8_7B49_4EE3_65702_20note.md.tex:2193: Preview: Snippet 2171 started.
<-><->
      
l.2193 $
        v_1,\cdots,v_n$
Not a real error.

./_9AD8_7B49_4EE3_65702_20note.md.tex:2193: Preview: Snippet 2171 ended.(291271+127431x2851642).
<-><->
      
l.2193 $v_1,\cdots,v_n$
                       
Not a real error.

[2171]
./_9AD8_7B49_4EE3_65702_20note.md.tex:2194: Preview: Snippet 2172 started.
<-><->
      
l.2194 $
        \phi=\psi$
Not a real error.

./_9AD8_7B49_4EE3_65702_20note.md.tex:2194: Preview: Snippet 2172 ended.(455111+127431x1714701).
<-><->
      
l.2194 $\phi=\psi$
                  
Not a real error.

[2172]
./_9AD8_7B49_4EE3_65702_20note.md.tex:2195: Preview: Snippet 2173 started.
<-><->
      
l.2195 $
        \{v_1\otimes\cdots\otimes v_n:v_i \in V_i\}$
Not a real error.

./_9AD8_7B49_4EE3_65702_20note.md.tex:2195: Preview: Snippet 2173 ended.(491520+163840x6791448).
<-><->
      
l.2195 ...1\otimes\cdots\otimes v_n:v_i \in V_i\}$
                                                  
Not a real error.

[2173]
./_9AD8_7B49_4EE3_65702_20note.md.tex:2196: Preview: Snippet 2174 started.
<-><->
      
l.2196 $
        V_1\otimes\cdots\otimes V_n$
Not a real error.

./_9AD8_7B49_4EE3_65702_20note.md.tex:2196: Preview: Snippet 2174 ended.(447828+98303x3781886).
<-><->
      
l.2196 $V_1\otimes\cdots\otimes V_n$
                                    
Not a real error.

[2174]
./_9AD8_7B49_4EE3_65702_20note.md.tex:2197: Preview: Snippet 2175 started.
<-><->
      
l.2197 $
        Mul(V_1 \times \cdots \times V_n,M) \rightarrow Hom(V_1\otimes\cdots...
Not a real error.

./_9AD8_7B49_4EE3_65702_20note.md.tex:2197: Preview: Snippet 2175 ended.(491520+163840x14381634).
<-><->
      
l.2197 ...rrow Hom(V_1\otimes\cdots\otimes V_n,M)$
                                                  
Not a real error.

[2175]
./_9AD8_7B49_4EE3_65702_20note.md.tex:2198: Preview: Snippet 2176 started.
<-><->
      
l.2198 $
        Mul$
Not a real error.

./_9AD8_7B49_4EE3_65702_20note.md.tex:2198: Preview: Snippet 2176 ended.(455111+0x1290850).
<-><->
      
l.2198 $Mul$
            
Not a real error.

[2176]
./_9AD8_7B49_4EE3_65702_20note.md.tex:2199: Preview: Snippet 2177 started.
<-><->
      
l.2199 $
        V_1 \otimes V_2 \otimes V_3=V_1 \otimes (V_2 \otimes V_3)$
Not a real error.

./_9AD8_7B49_4EE3_65702_20note.md.tex:2199: Preview: Snippet 2177 ended.(491520+163840x8645268).
<-><->
      
l.2199 ...times V_3=V_1 \otimes (V_2 \otimes V_3)$
                                                  
Not a real error.

[2177]
./_9AD8_7B49_4EE3_65702_20note.md.tex:2200: Preview: Snippet 2178 started.
<-><->
      
l.2200 $
        F \otimes V \simeq V \otimes F \simeq V$
Not a real error.

./_9AD8_7B49_4EE3_65702_20note.md.tex:2200: Preview: Snippet 2178 ended.(447828+54613x5958291).
<-><->
      
l.2200 $F \otimes V \simeq V \otimes F \simeq V$
                                                
Not a real error.

[2178]
./_9AD8_7B49_4EE3_65702_20note.md.tex:2201: Preview: Snippet 2179 started.
<-><->
      
l.2201 $
        V \otimes W \simeq W \otimes V$
Not a real error.

./_9AD8_7B49_4EE3_65702_20note.md.tex:2201: Preview: Snippet 2179 ended.(447828+54613x4951592).
<-><->
      
l.2201 $V \otimes W \simeq W \otimes V$
                                       
Not a real error.

[2179]
./_9AD8_7B49_4EE3_65702_20note.md.tex:2202: Preview: Snippet 2180 started.
<-><->
      
l.2202 $
        \cdots \otimes \bigoplus_{i \in I}V_i \otimes \cdots \simeq \bigoplu...
Not a real error.

./_9AD8_7B49_4EE3_65702_20note.md.tex:2202: Preview: Snippet 2180 ended.(491524+231327x11799652).
<-><->
      
l.2202 ...in I} \cdots \otimes V_i \otimes \cdots$
                                                  
Not a real error.

[2180]
./_9AD8_7B49_4EE3_65702_20note.md.tex:2203: Preview: Snippet 2181 started.
<-><->
      
l.2203 $
        V \otimes W \simeq \bigoplus_{i \in I} (V_i \otimes W)$
Not a real error.

./_9AD8_7B49_4EE3_65702_20note.md.tex:2203: Preview: Snippet 2181 ended.(491524+231327x7101330).
<-><->
      
l.2203 ...meq \bigoplus_{i \in I} (V_i \otimes W)$
                                                  
Not a real error.

[2181]
./_9AD8_7B49_4EE3_65702_20note.md.tex:2204: Preview: Snippet 2182 started.
<-><->
      
l.2204 $
        V \otimes W$
Not a real error.

./_9AD8_7B49_4EE3_65702_20note.md.tex:2204: Preview: Snippet 2182 ended.(447828+54613x2038893).
<-><->
      
l.2204 $V \otimes W$
                    
Not a real error.

[2182]
./_9AD8_7B49_4EE3_65702_20note.md.tex:2205: Preview: Snippet 2183 started.
<-><->
      
l.2205 $
        L:F$
Not a real error.

./_9AD8_7B49_4EE3_65702_20note.md.tex:2205: Preview: Snippet 2183 ended.(447828+0x1504591).
<-><->
      
l.2205 $L:F$
            
Not a real error.

[2183]
./_9AD8_7B49_4EE3_65702_20note.md.tex:2206: Preview: Snippet 2184 started.
<-><->
      
l.2206 $
        Bil(V,W;L) \rightarrow \prod_{i \in I}Bil(V_i,W;L) \simeq Hom(V_i,W;L)$
Not a real error.

./_9AD8_7B49_4EE3_65702_20note.md.tex:2206: Preview: Snippet 2184 ended.(491524+231327x15244607).
<-><->
      
l.2206 ... \in I}Bil(V_i,W;L) \simeq Hom(V_i,W;L)$
                                                  
Not a real error.

[2184]
./_9AD8_7B49_4EE3_65702_20note.md.tex:2207: Preview: Snippet 2185 started.
<-><->
      
l.2207 $
        B \mapsto (B|_{V_i \times W})_{i \in I}$
Not a real error.

./_9AD8_7B49_4EE3_65702_20note.md.tex:2207: Preview: Snippet 2185 ended.(491520+163840x5133329).
<-><->
      
l.2207 $B \mapsto (B|_{V_i \times W})_{i \in I}$
                                                
Not a real error.

[2185]
./_9AD8_7B49_4EE3_65702_20note.md.tex:2208: Preview: Snippet 2186 started.
<-><->
      
l.2208 $
        Hom(\bigoplus_{i \in I}(V_i \otimes W),L) \rightarrow \prod_{i \in I...
Not a real error.

./_9AD8_7B49_4EE3_65702_20note.md.tex:2208: Preview: Snippet 2186 ended.(491524+231327x14253951).
<-><->
      
l.2208 ...row \prod_{i \in I}Hom(V_i \otimes W,L)$
                                                  
Not a real error.

[2186]
./_9AD8_7B49_4EE3_65702_20note.md.tex:2209: Preview: Snippet 2187 started.
<-><->
      
l.2209 $
        \phi \rightarrow(\phi_i:=\phi|_{V_i \otimes W})_{i \in I} \rightarro...
Not a real error.

./_9AD8_7B49_4EE3_65702_20note.md.tex:2209: Preview: Snippet 2187 ended.(491520+187504x10625495).
<-><->
      
l.2209 ...i \in I} \rightarrow (\phi_iB_{i,univ})$
                                                  
Not a real error.

[2187]
./_9AD8_7B49_4EE3_65702_20note.md.tex:2210: Preview: Snippet 2188 started.
<-><->
      
l.2210 $
        V \otimes W \rightarrow \bigoplus_{i \in I}(V_i \otimes W)$
Not a real error.

./_9AD8_7B49_4EE3_65702_20note.md.tex:2210: Preview: Snippet 2188 ended.(491524+231327x7246965).
<-><->
      
l.2210 ...rrow \bigoplus_{i \in I}(V_i \otimes W)$
                                                  
Not a real error.

[2188]
./_9AD8_7B49_4EE3_65702_20note.md.tex:2211: Preview: Snippet 2189 started.
<-><->
      
l.2211 $
        V \times W \rightarrow V \otimes W \rightarrow \bigoplus_{i \in I}(V...
Not a real error.

./_9AD8_7B49_4EE3_65702_20note.md.tex:2211: Preview: Snippet 2189 ended.(491524+231327x18426070).
<-><->
      
l.2211 ...rrow \bigoplus_{i \in I}(V_i \otimes W)$
                                                  
Not a real error.

[2189]
./_9AD8_7B49_4EE3_65702_20note.md.tex:2212: Preview: Snippet 2190 started.
<-><->
      
l.2212 $
        V \otimes W$
Not a real error.

./_9AD8_7B49_4EE3_65702_20note.md.tex:2212: Preview: Snippet 2190 ended.(447828+54613x2038893).
<-><->
      
l.2212 $V \otimes W$
                    
Not a real error.

[2190]
./_9AD8_7B49_4EE3_65702_20note.md.tex:2213: Preview: Snippet 2191 started.
<-><->
      
l.2213 $
        \{v_i \otimes w_j\}_{(i,j) \in I \times J}$
Not a real error.

./_9AD8_7B49_4EE3_65702_20note.md.tex:2213: Preview: Snippet 2191 ended.(491520+233018x5128266).
<-><->
      
l.2213 ..._i \otimes w_j\}_{(i,j) \in I \times J}$
                                                  
Not a real error.

[2191]
./_9AD8_7B49_4EE3_65702_20note.md.tex:2214: Preview: Snippet 2192 started.
<-><->
      
l.2214 $
        V = \bigoplus_{i \in I} Fv_i \simeq F$
Not a real error.

./_9AD8_7B49_4EE3_65702_20note.md.tex:2214: Preview: Snippet 2192 ended.(491524+231327x5512993).
<-><->
      
l.2214 $V = \bigoplus_{i \in I} Fv_i \simeq F$
                                              
Not a real error.

[2192]
./_9AD8_7B49_4EE3_65702_20note.md.tex:2215: Preview: Snippet 2193 started.
<-><->
      
l.2215 $
        W=\bigoplus_{j \in J} Fw_j \simeq F$
Not a real error.

./_9AD8_7B49_4EE3_65702_20note.md.tex:2215: Preview: Snippet 2193 ended.(491524+285812x6027764).
<-><->
      
l.2215 $W=\bigoplus_{j \in J} Fw_j \simeq F$
                                            
Not a real error.

[2193]
./_9AD8_7B49_4EE3_65702_20note.md.tex:2216: Preview: Snippet 2194 started.
<-><->
      
l.2216 $
        F$
Not a real error.

./_9AD8_7B49_4EE3_65702_20note.md.tex:2216: Preview: Snippet 2194 ended.(447828+0x512456).
<-><->
      
l.2216 $F$
          
Not a real error.

[2194]
./_9AD8_7B49_4EE3_65702_20note.md.tex:2217: Preview: Snippet 2195 started.
<-><->
      
l.2217 $
        f_i:V_i \rightarrow W_i$
Not a real error.

./_9AD8_7B49_4EE3_65702_20note.md.tex:2217: Preview: Snippet 2195 ended.(455111+127431x3542229).
<-><->
      
l.2217 $f_i:V_i \rightarrow W_i$
                                
Not a real error.

[2195]
./_9AD8_7B49_4EE3_65702_20note.md.tex:2218: Preview: Snippet 2196 started.
<-><->
      
l.2218 $
        \forall i$
Not a real error.

./_9AD8_7B49_4EE3_65702_20note.md.tex:2218: Preview: Snippet 2196 ended.(455111+0x589870).
<-><->
      
l.2218 $\forall i$
                  
Not a real error.

[2196]
./_9AD8_7B49_4EE3_65702_20note.md.tex:2219: Preview: Snippet 2197 started.
<-><->
      
l.2219 $
        f_i$
Not a real error.

./_9AD8_7B49_4EE3_65702_20note.md.tex:2219: Preview: Snippet 2197 ended.(455111+127431x539043).
<-><->
      
l.2219 $f_i$
            
Not a real error.

[2197]
./_9AD8_7B49_4EE3_65702_20note.md.tex:2220: Preview: Snippet 2198 started.
<-><->
      
l.2220 $
        f_1 \otimes \cdots \otimes f_n$
Not a real error.

./_9AD8_7B49_4EE3_65702_20note.md.tex:2220: Preview: Snippet 2198 ended.(455111+127431x3659010).
<-><->
      
l.2220 $f_1 \otimes \cdots \otimes f_n$
                                       
Not a real error.

[2198]
./_9AD8_7B49_4EE3_65702_20note.md.tex:2221: Preview: Snippet 2199 started.
<-><->
      
l.2221 $
        V_1\otimes\cdots\otimes V_n \rightarrow W_1\otimes\cdots\otimes W_n$
Not a real error.

./_9AD8_7B49_4EE3_65702_20note.md.tex:2221: Preview: Snippet 2199 ended.(447828+98303x9056529).
<-><->
      
l.2221 ...\rightarrow W_1\otimes\cdots\otimes W_n$
                                                  
Not a real error.

[2199]
./_9AD8_7B49_4EE3_65702_20note.md.tex:2222: Preview: Snippet 2200 started.
<-><->
      
l.2222 $
        w_1\otimes\cdots\otimes w_n$
Not a real error.

./_9AD8_7B49_4EE3_65702_20note.md.tex:2222: Preview: Snippet 2200 ended.(382293+98303x3955666).
<-><->
      
l.2222 $w_1\otimes\cdots\otimes w_n$
                                    
Not a real error.

[2200]
./_9AD8_7B49_4EE3_65702_20note.md.tex:2223: Preview: Snippet 2201 started.
<-><->
      
l.2223 $
        W_1\otimes\cdots\otimes W_n$
Not a real error.

./_9AD8_7B49_4EE3_65702_20note.md.tex:2223: Preview: Snippet 2201 ended.(447828+98303x4255202).
<-><->
      
l.2223 $W_1\otimes\cdots\otimes W_n$
                                    
Not a real error.

[2201]
./_9AD8_7B49_4EE3_65702_20note.md.tex:2224: Preview: Snippet 2202 started.
<-><->
      
l.2224 $
        f_1\otimes\cdots\otimes f_n$
Not a real error.

./_9AD8_7B49_4EE3_65702_20note.md.tex:2224: Preview: Snippet 2202 ended.(455111+127431x3659010).
<-><->
      
l.2224 $f_1\otimes\cdots\otimes f_n$
                                    
Not a real error.

[2202]
./_9AD8_7B49_4EE3_65702_20note.md.tex:2225: Preview: Snippet 2203 started.
<-><->
      
l.2225 $
        W_i=V_i \oplus V_i'$
Not a real error.

./_9AD8_7B49_4EE3_65702_20note.md.tex:2225: Preview: Snippet 2203 ended.(492688+170585x3824210).
<-><->
      
l.2225 $W_i=V_i \oplus V_i'$
                            
Not a real error.

[2203]
./_9AD8_7B49_4EE3_65702_20note.md.tex:2226: Preview: Snippet 2204 started.
<-><->
      
l.2226 $
        i$
Not a real error.

./_9AD8_7B49_4EE3_65702_20note.md.tex:2226: Preview: Snippet 2204 ended.(432226+0x225780).
<-><->
      
l.2226 $i$
          
Not a real error.

[2204]
./_9AD8_7B49_4EE3_65702_20note.md.tex:2227: Preview: Snippet 2205 started.
<-><->
      
l.2227 $
        f_i:V_i \hookrightarrow W_i$
Not a real error.

./_9AD8_7B49_4EE3_65702_20note.md.tex:2227: Preview: Snippet 2205 ended.(455111+127431x3615050).
<-><->
      
l.2227 $f_i:V_i \hookrightarrow W_i$
                                    
Not a real error.

[2205]
./_9AD8_7B49_4EE3_65702_20note.md.tex:2228: Preview: Snippet 2206 started.
<-><->
      
l.2228 $
        W_1\otimes\cdots\otimes W_n=(V_1\otimes\cdots\otimes V_n) \oplus oth...
Not a real error.

./_9AD8_7B49_4EE3_65702_20note.md.tex:2228: Preview: Snippet 2206 ended.(491520+163840x12079756).
<-><->
      
l.2228 ...\otimes\cdots\otimes V_n) \oplus others$
                                                  
Not a real error.

[2206]
./_9AD8_7B49_4EE3_65702_20note.md.tex:2229: Preview: Snippet 2207 started.
<-><->
      
l.2229 $
        \otimes$
Not a real error.

./_9AD8_7B49_4EE3_65702_20note.md.tex:2229: Preview: Snippet 2207 ended.(382293+54613x509726).
<-><->
      
l.2229 $\otimes$
                
Not a real error.

[2207]
./_9AD8_7B49_4EE3_65702_20note.md.tex:2230: Preview: Snippet 2208 started.
<-><->
      
l.2230 $
        \oplus$
Not a real error.

./_9AD8_7B49_4EE3_65702_20note.md.tex:2230: Preview: Snippet 2208 ended.(382293+54613x509726).
<-><->
      
l.2230 $\oplus$
               
Not a real error.

[2208]
./_9AD8_7B49_4EE3_65702_20note.md.tex:2231: Preview: Snippet 2209 started.
<-><->
      
l.2231 $
        \forall i$
Not a real error.

./_9AD8_7B49_4EE3_65702_20note.md.tex:2231: Preview: Snippet 2209 ended.(455111+0x589870).
<-><->
      
l.2231 $\forall i$
                  
Not a real error.

[2209]
./_9AD8_7B49_4EE3_65702_20note.md.tex:2232: Preview: Snippet 2210 started.
<-><->
      
l.2232 $
        \exists V_i' \subset W_i$
Not a real error.

./_9AD8_7B49_4EE3_65702_20note.md.tex:2232: Preview: Snippet 2210 ended.(492688+170585x2786829).
<-><->
      
l.2232 $\exists V_i' \subset W_i$
                                 
Not a real error.

[2210]
./_9AD8_7B49_4EE3_65702_20note.md.tex:2233: Preview: Snippet 2211 started.
<-><->
      
l.2233 $
        W_i=f_i(V_i) \oplus V_i'$
Not a real error.

./_9AD8_7B49_4EE3_65702_20note.md.tex:2233: Preview: Snippet 2211 ended.(492688+170585x4872979).
<-><->
      
l.2233 $W_i=f_i(V_i) \oplus V_i'$
                                 
Not a real error.

[2211]
./_9AD8_7B49_4EE3_65702_20note.md.tex:2234: Preview: Snippet 2212 started.
<-><->
      
l.2234 $
        W=V \oplus V'$
Not a real error.

./_9AD8_7B49_4EE3_65702_20note.md.tex:2234: Preview: Snippet 2212 ended.(492688+54613x3624493).
<-><->
      
l.2234 $W=V \oplus V'$
                      
Not a real error.

[2212]
./_9AD8_7B49_4EE3_65702_20note.md.tex:2235: Preview: Snippet 2213 started.
<-><->
      
l.2235 $
        V$
Not a real error.

./_9AD8_7B49_4EE3_65702_20note.md.tex:2235: Preview: Snippet 2213 ended.(447828+0x527929).
<-><->
      
l.2235 $V$
          
Not a real error.

[2213]
./_9AD8_7B49_4EE3_65702_20note.md.tex:2236: Preview: Snippet 2214 started.
<-><->
      
l.2236 $
        F$
Not a real error.

./_9AD8_7B49_4EE3_65702_20note.md.tex:2236: Preview: Snippet 2214 ended.(447828+0x512456).
<-><->
      
l.2236 $F$
          
Not a real error.

[2214]
./_9AD8_7B49_4EE3_65702_20note.md.tex:2237: Preview: Snippet 2215 started.
<-><->
      
l.2237 $
        V^*=Hom(V,F)$
Not a real error.

./_9AD8_7B49_4EE3_65702_20note.md.tex:2237: Preview: Snippet 2215 ended.(491520+163840x4926269).
<-><->
      
l.2237 $V^*=Hom(V,F)$
                     
Not a real error.

[2215]
./_9AD8_7B49_4EE3_65702_20note.md.tex:2238: Preview: Snippet 2216 started.
<-><->
      
l.2238 $
        V$
Not a real error.

./_9AD8_7B49_4EE3_65702_20note.md.tex:2238: Preview: Snippet 2216 ended.(447828+0x527929).
<-><->
      
l.2238 $V$
          
Not a real error.

[2216]
./_9AD8_7B49_4EE3_65702_20note.md.tex:2239: Preview: Snippet 2217 started.
<-><->
      
l.2239 $
        \langle,\rangle:V^* \times V \rightarrow F$
Not a real error.

./_9AD8_7B49_4EE3_65702_20note.md.tex:2239: Preview: Snippet 2217 ended.(491520+163840x5037149).
<-><->
      
l.2239 ...ngle,\rangle:V^* \times V \rightarrow F$
                                                  
Not a real error.

[2217]
./_9AD8_7B49_4EE3_65702_20note.md.tex:2240: Preview: Snippet 2218 started.
<-><->
      
l.2240 $
        (\lambda,v)\mapsto \lambda v$
Not a real error.

./_9AD8_7B49_4EE3_65702_20note.md.tex:2240: Preview: Snippet 2218 ended.(491520+163840x3267388).
<-><->
      
l.2240 $(\lambda,v)\mapsto \lambda v$
                                     
Not a real error.

[2218]
./_9AD8_7B49_4EE3_65702_20note.md.tex:2241: Preview: Snippet 2219 started.
<-><->
      
l.2241 $
        V^* \otimes V \rightarrow F$
Not a real error.

./_9AD8_7B49_4EE3_65702_20note.md.tex:2241: Preview: Snippet 2219 ended.(451272+54613x3690029).
<-><->
      
l.2241 $V^* \otimes V \rightarrow F$
                                    
Not a real error.

[2219]
./_9AD8_7B49_4EE3_65702_20note.md.tex:2242: Preview: Snippet 2220 started.
<-><->
      
l.2242 $
        V,W$
Not a real error.

./_9AD8_7B49_4EE3_65702_20note.md.tex:2242: Preview: Snippet 2220 ended.(447828+127431x1419945).
<-><->
      
l.2242 $V,W$
            
Not a real error.

[2220]
./_9AD8_7B49_4EE3_65702_20note.md.tex:2243: Preview: Snippet 2221 started.
<-><->
      
l.2243 $
        V^* \otimes W \rightarrow Hom(V,W)$
Not a real error.

./_9AD8_7B49_4EE3_65702_20note.md.tex:2243: Preview: Snippet 2221 ended.(491520+163840x6780386).
<-><->
      
l.2243 $V^* \otimes W \rightarrow Hom(V,W)$
                                           
Not a real error.

[2221]
./_9AD8_7B49_4EE3_65702_20note.md.tex:2244: Preview: Snippet 2222 started.
<-><->
      
l.2244 $
        \lambda \otimes w \mapsto (v \mapsto \lambda v w)$
Not a real error.

./_9AD8_7B49_4EE3_65702_20note.md.tex:2244: Preview: Snippet 2222 ended.(491520+163840x5770186).
<-><->
      
l.2244 ...times w \mapsto (v \mapsto \lambda v w)$
                                                  
Not a real error.

[2222]
./_9AD8_7B49_4EE3_65702_20note.md.tex:2245: Preview: Snippet 2223 started.
<-><->
      
l.2245 $
        V,W$
Not a real error.

./_9AD8_7B49_4EE3_65702_20note.md.tex:2245: Preview: Snippet 2223 ended.(447828+127431x1419945).
<-><->
      
l.2245 $V,W$
            
Not a real error.

[2223]
./_9AD8_7B49_4EE3_65702_20note.md.tex:2246: Preview: Snippet 2224 started.
<-><->
      
l.2246 $
        V^* \otimes W \rightarrow Hom(V,W)$
Not a real error.

./_9AD8_7B49_4EE3_65702_20note.md.tex:2246: Preview: Snippet 2224 ended.(491520+163840x6780386).
<-><->
      
l.2246 $V^* \otimes W \rightarrow Hom(V,W)$
                                           
Not a real error.

[2224]
./_9AD8_7B49_4EE3_65702_20note.md.tex:2247: Preview: Snippet 2225 started.
<-><->
      
l.2247 $
        (\lambda,w) \mapsto \langle \lambda, \cdot \rangle w$
Not a real error.

./_9AD8_7B49_4EE3_65702_20note.md.tex:2247: Preview: Snippet 2225 ended.(491520+163840x4541702).
<-><->
      
l.2247 ...mapsto \langle \lambda, \cdot \rangle w$
                                                  
Not a real error.

[2225]
./_9AD8_7B49_4EE3_65702_20note.md.tex:2248: Preview: Snippet 2226 started.
<-><->
      
l.2248 $
        \sum_i\lambda_i \otimes w_i$
Not a real error.

./_9AD8_7B49_4EE3_65702_20note.md.tex:2248: Preview: Snippet 2226 ended.(491524+196611x3108027).
<-><->
      
l.2248 $\sum_i\lambda_i \otimes w_i$
                                    
Not a real error.

[2226]
./_9AD8_7B49_4EE3_65702_20note.md.tex:2249: Preview: Snippet 2227 started.
<-><->
      
l.2249 $
        w_1,\cdots,w_k \in W$
Not a real error.

./_9AD8_7B49_4EE3_65702_20note.md.tex:2249: Preview: Snippet 2227 ended.(447828+127431x4631348).
<-><->
      
l.2249 $w_1,\cdots,w_k \in W$
                             
Not a real error.

[2227]
./_9AD8_7B49_4EE3_65702_20note.md.tex:2250: Preview: Snippet 2228 started.
<-><->
      
l.2250 $
        \forall v \in V$
Not a real error.

./_9AD8_7B49_4EE3_65702_20note.md.tex:2250: Preview: Snippet 2228 ended.(455111+25623x2034188).
<-><->
      
l.2250 $\forall v \in V$
                        
Not a real error.

[2228]
./_9AD8_7B49_4EE3_65702_20note.md.tex:2251: Preview: Snippet 2229 started.
<-><->
      
l.2251 $
        \sum_i\langle \lambda_i,v\rangle=0$
Not a real error.

./_9AD8_7B49_4EE3_65702_20note.md.tex:2251: Preview: Snippet 2229 ended.(491524+196611x3854105).
<-><->
      
l.2251 $\sum_i\langle \lambda_i,v\rangle=0$
                                           
Not a real error.

[2229]
./_9AD8_7B49_4EE3_65702_20note.md.tex:2252: Preview: Snippet 2230 started.
<-><->
      
l.2252 $
        \langle\lambda_i,v\rangle=0$
Not a real error.

./_9AD8_7B49_4EE3_65702_20note.md.tex:2252: Preview: Snippet 2230 ended.(491520+163840x2944146).
<-><->
      
l.2252 $\langle\lambda_i,v\rangle=0$
                                    
Not a real error.

[2230]
./_9AD8_7B49_4EE3_65702_20note.md.tex:2253: Preview: Snippet 2231 started.
<-><->
      
l.2253 $
        \lambda_i=0 \in V^*$
Not a real error.

./_9AD8_7B49_4EE3_65702_20note.md.tex:2253: Preview: Snippet 2231 ended.(455111+98303x3432171).
<-><->
      
l.2253 $\lambda_i=0 \in V^*$
                            
Not a real error.

[2231]
./_9AD8_7B49_4EE3_65702_20note.md.tex:2254: Preview: Snippet 2232 started.
<-><->
      
l.2254 $
        \langle w_1,\cdots,w_n \rangle$
Not a real error.

./_9AD8_7B49_4EE3_65702_20note.md.tex:2254: Preview: Snippet 2232 ended.(491520+163840x3664398).
<-><->
      
l.2254 $\langle w_1,\cdots,w_n \rangle$
                                       
Not a real error.

[2232]
./_9AD8_7B49_4EE3_65702_20note.md.tex:2255: Preview: Snippet 2233 started.
<-><->
      
l.2255 $
        \otimes$
Not a real error.

./_9AD8_7B49_4EE3_65702_20note.md.tex:2255: Preview: Snippet 2233 ended.(382293+54613x509726).
<-><->
      
l.2255 $\otimes$
                
Not a real error.

[2233]
./_9AD8_7B49_4EE3_65702_20note.md.tex:2256: Preview: Snippet 2234 started.
<-><->
      
l.2256 $
        \Psi:V^*_1\otimes\cdots\otimes V^*_n \rightarrow (V_1\otimes\cdots\o...
Not a real error.

./_9AD8_7B49_4EE3_65702_20note.md.tex:2256: Preview: Snippet 2234 ended.(491520+163840x10693177).
<-><->
      
l.2256 ...htarrow (V_1\otimes\cdots\otimes V_n)^*$
                                                  
Not a real error.

[2234]
./_9AD8_7B49_4EE3_65702_20note.md.tex:2257: Preview: Snippet 2235 started.
<-><->
      
l.2257 $
        \Psi$
Not a real error.

./_9AD8_7B49_4EE3_65702_20note.md.tex:2257: Preview: Snippet 2235 ended.(447828+0x509726).
<-><->
      
l.2257 $\Psi$
             
Not a real error.

[2235]
./_9AD8_7B49_4EE3_65702_20note.md.tex:2258: Preview: Snippet 2236 started.
<-><->
      
l.2258 $
        dimV_i< \infty$
Not a real error.

./_9AD8_7B49_4EE3_65702_20note.md.tex:2258: Preview: Snippet 2236 ended.(455111+98303x3271949).
<-><->
      
l.2258 $dimV_i< \infty$
                       
Not a real error.

[2236]
./_9AD8_7B49_4EE3_65702_20note.md.tex:2259: Preview: Snippet 2237 started.
<-><->
      
l.2259 $
        \Psi$
Not a real error.

./_9AD8_7B49_4EE3_65702_20note.md.tex:2259: Preview: Snippet 2237 ended.(447828+0x509726).
<-><->
      
l.2259 $\Psi$
             
Not a real error.

[2237]
./_9AD8_7B49_4EE3_65702_20note.md.tex:2260: Preview: Snippet 2238 started.
<-><->
      
l.2260 $
        \lambda_1\cdots \lambda_n$
Not a real error.

./_9AD8_7B49_4EE3_65702_20note.md.tex:2260: Preview: Snippet 2238 ended.(455111+98303x2398358).
<-><->
      
l.2260 $\lambda_1\cdots \lambda_n$
                                  
Not a real error.

[2238]
./_9AD8_7B49_4EE3_65702_20note.md.tex:2261: Preview: Snippet 2239 started.
<-><->
      
l.2261 $
        V_1 \times \cdots \times V_n \rightarrow F$
Not a real error.

./_9AD8_7B49_4EE3_65702_20note.md.tex:2261: Preview: Snippet 2239 ended.(447828+98303x5313783).
<-><->
      
l.2261 ... \times \cdots \times V_n \rightarrow F$
                                                  
Not a real error.

[2239]
./_9AD8_7B49_4EE3_65702_20note.md.tex:2262: Preview: Snippet 2240 started.
<-><->
      
l.2262 $
        (v_1,\cdots,v_n) \mapsto \prod_i \langle \lambda_i,v_i \rangle$
Not a real error.

./_9AD8_7B49_4EE3_65702_20note.md.tex:2262: Preview: Snippet 2240 ended.(491524+196611x7155284).
<-><->
      
l.2262 ...o \prod_i \langle \lambda_i,v_i \rangle$
                                                  
Not a real error.

[2240]
./_9AD8_7B49_4EE3_65702_20note.md.tex:2263: Preview: Snippet 2241 started.
<-><->
      
l.2263 $
        V_1\otimes\cdots\otimes V_n \rightarrow F$
Not a real error.

./_9AD8_7B49_4EE3_65702_20note.md.tex:2263: Preview: Snippet 2241 ended.(447828+98303x5313783).
<-><->
      
l.2263 $V_1\otimes\cdots\otimes V_n \rightarrow F$
                                                  
Not a real error.

[2241]
./_9AD8_7B49_4EE3_65702_20note.md.tex:2264: Preview: Snippet 2242 started.
<-><->
      
l.2264 $
        dimV_i<\infty$
Not a real error.

./_9AD8_7B49_4EE3_65702_20note.md.tex:2264: Preview: Snippet 2242 ended.(455111+98303x3271949).
<-><->
      
l.2264 $dimV_i<\infty$
                      
Not a real error.

[2242]
./_9AD8_7B49_4EE3_65702_20note.md.tex:2265: Preview: Snippet 2243 started.
<-><->
      
l.2265 $
        \Psi$
Not a real error.

./_9AD8_7B49_4EE3_65702_20note.md.tex:2265: Preview: Snippet 2243 ended.(447828+0x509726).
<-><->
      
l.2265 $\Psi$
             
Not a real error.

[2243]
./_9AD8_7B49_4EE3_65702_20note.md.tex:2266: Preview: Snippet 2244 started.
<-><->
      
l.2266 $
        V_i$
Not a real error.

./_9AD8_7B49_4EE3_65702_20note.md.tex:2266: Preview: Snippet 2244 ended.(447828+98303x600481).
<-><->
      
l.2266 $V_i$
            
Not a real error.

[2244]
./_9AD8_7B49_4EE3_65702_20note.md.tex:2267: Preview: Snippet 2245 started.
<-><->
      
l.2267 $
        n \in \mathbb{Z}_{\geq 0}$
Not a real error.

./_9AD8_7B49_4EE3_65702_20note.md.tex:2267: Preview: Snippet 2245 ended.(451470+183387x2334870).
<-><->
      
l.2267 $n \in \mathbb{Z}_{\geq 0}$
                                  
Not a real error.

[2245]
./_9AD8_7B49_4EE3_65702_20note.md.tex:2268: Preview: Snippet 2246 started.
<-><->
      
l.2268 $
        V^{\otimes n}:=V \otimes \cdots \otimes V$
Not a real error.

./_9AD8_7B49_4EE3_65702_20note.md.tex:2268: Preview: Snippet 2246 ended.(521815+54613x5772536).
<-><->
      
l.2268 $V^{\otimes n}:=V \otimes \cdots \otimes V$
                                                  
Not a real error.

[2246]
./_9AD8_7B49_4EE3_65702_20note.md.tex:2269: Preview: Snippet 2247 started.
<-><->
      
l.2269 $
        V^{\otimes 0}=F$
Not a real error.

./_9AD8_7B49_4EE3_65702_20note.md.tex:2269: Preview: Snippet 2247 ended.(533465+0x2617795).
<-><->
      
l.2269 $V^{\otimes 0}=F$
                        
Not a real error.

[2247]
./_9AD8_7B49_4EE3_65702_20note.md.tex:2270: Preview: Snippet 2248 started.
<-><->
      
l.2270 $
        dimV < \infty$
Not a real error.

./_9AD8_7B49_4EE3_65702_20note.md.tex:2270: Preview: Snippet 2248 ended.(455111+25623x3199397).
<-><->
      
l.2270 $dimV < \infty$
                      
Not a real error.

[2248]
./_9AD8_7B49_4EE3_65702_20note.md.tex:2271: Preview: Snippet 2249 started.
<-><->
      
l.2271 $
        ()^*,\ Hom(,) \ \otimes$
Not a real error.

./_9AD8_7B49_4EE3_65702_20note.md.tex:2271: Preview: Snippet 2249 ended.(491520+163840x4340897).
<-><->
      
l.2271 $()^*,\ Hom(,) \ \otimes$
                                
Not a real error.

[2249]
./_9AD8_7B49_4EE3_65702_20note.md.tex:2272: Preview: Snippet 2250 started.
<-><->
      
l.2272 $
        V^{\otimes p} \otimes (V^*)^{\otimes q}$
Not a real error.

./_9AD8_7B49_4EE3_65702_20note.md.tex:2272: Preview: Snippet 2250 ended.(521815+163840x4079419).
<-><->
      
l.2272 $V^{\otimes p} \otimes (V^*)^{\otimes q}$
                                                
Not a real error.

[2250]
./_9AD8_7B49_4EE3_65702_20note.md.tex:2273: Preview: Snippet 2251 started.
<-><->
      
l.2273 $
        p,q \geq 0$
Not a real error.

./_9AD8_7B49_4EE3_65702_20note.md.tex:2273: Preview: Snippet 2251 ended.(422343+127431x2138558).
<-><->
      
l.2273 $p,q \geq 0$
                   
Not a real error.

[2251]
./_9AD8_7B49_4EE3_65702_20note.md.tex:2274: Preview: Snippet 2252 started.
<-><->
      
l.2274 $
        (p,q)$
Not a real error.

./_9AD8_7B49_4EE3_65702_20note.md.tex:2274: Preview: Snippet 2252 ended.(491520+163840x1446797).
<-><->
      
l.2274 $(p,q)$
              
Not a real error.

[2252]
./_9AD8_7B49_4EE3_65702_20note.md.tex:2275: Preview: Snippet 2253 started.
<-><->
      
l.2275 $
        F$
Not a real error.

./_9AD8_7B49_4EE3_65702_20note.md.tex:2275: Preview: Snippet 2253 ended.(447828+0x512456).
<-><->
      
l.2275 $F$
          
Not a real error.

[2253]
./_9AD8_7B49_4EE3_65702_20note.md.tex:2276: Preview: Snippet 2254 started.
<-><->
      
l.2276 $
        F$
Not a real error.

./_9AD8_7B49_4EE3_65702_20note.md.tex:2276: Preview: Snippet 2254 ended.(447828+0x512456).
<-><->
      
l.2276 $F$
          
Not a real error.

[2254]
./_9AD8_7B49_4EE3_65702_20note.md.tex:2277: Preview: Snippet 2255 started.
<-><->
      
l.2277 $
        A$
Not a real error.

./_9AD8_7B49_4EE3_65702_20note.md.tex:2277: Preview: Snippet 2255 ended.(447828+0x491521).
<-><->
      
l.2277 $A$
          
Not a real error.

[2255]
./_9AD8_7B49_4EE3_65702_20note.md.tex:2278: Preview: Snippet 2256 started.
<-><->
      
l.2278 $
        F$
Not a real error.

./_9AD8_7B49_4EE3_65702_20note.md.tex:2278: Preview: Snippet 2256 ended.(447828+0x512456).
<-><->
      
l.2278 $F$
          
Not a real error.

[2256]
./_9AD8_7B49_4EE3_65702_20note.md.tex:2279: Preview: Snippet 2257 started.
<-><->
      
l.2279 $
        V$
Not a real error.

./_9AD8_7B49_4EE3_65702_20note.md.tex:2279: Preview: Snippet 2257 ended.(447828+0x527929).
<-><->
      
l.2279 $V$
          
Not a real error.

[2257]
./_9AD8_7B49_4EE3_65702_20note.md.tex:2280: Preview: Snippet 2258 started.
<-><->
      
l.2280 $
        T(V)=\bigoplus_{n \geq 0}V^{\otimes n}$
Not a real error.

./_9AD8_7B49_4EE3_65702_20note.md.tex:2280: Preview: Snippet 2258 ended.(521815+281695x5544698).
<-><->
      
l.2280 $T(V)=\bigoplus_{n \geq 0}V^{\otimes n}$
                                               
Not a real error.

[2258]
./_9AD8_7B49_4EE3_65702_20note.md.tex:2281: Preview: Snippet 2259 started.
<-><->
      
l.2281 $
        (V^{\otimes a}) \otimes (V^{\otimes b}) \stackrel{\sim}{\longrightar...
Not a real error.

./_9AD8_7B49_4EE3_65702_20note.md.tex:2281: Preview: Snippet 2259 ended.(613239+163840x7583079).
<-><->
      
l.2281 ...{\sim}{\longrightarrow} V^{\otimes a+b}$
                                                  
Not a real error.

[2259]
./_9AD8_7B49_4EE3_65702_20note.md.tex:2282: Preview: Snippet 2260 started.
<-><->
      
l.2282 $
        T(V) \otimes T(V) \rightarrow T(V)$
Not a real error.

./_9AD8_7B49_4EE3_65702_20note.md.tex:2282: Preview: Snippet 2260 ended.(491520+163840x6355393).
<-><->
      
l.2282 $T(V) \otimes T(V) \rightarrow T(V)$
                                           
Not a real error.

[2260]
./_9AD8_7B49_4EE3_65702_20note.md.tex:2283: Preview: Snippet 2261 started.
<-><->
      
l.2283 $
        T(V)$
Not a real error.

./_9AD8_7B49_4EE3_65702_20note.md.tex:2283: Preview: Snippet 2261 ended.(491520+163840x1511654).
<-><->
      
l.2283 $T(V)$
             
Not a real error.

[2261]
./_9AD8_7B49_4EE3_65702_20note.md.tex:2284: Preview: Snippet 2262 started.
<-><->
      
l.2284 $
        F$
Not a real error.

./_9AD8_7B49_4EE3_65702_20note.md.tex:2284: Preview: Snippet 2262 ended.(447828+0x512456).
<-><->
      
l.2284 $F$
          
Not a real error.

[2262]
./_9AD8_7B49_4EE3_65702_20note.md.tex:2285: Preview: Snippet 2263 started.
<-><->
      
l.2285 $
        1_{T(V)}=1_F \in V^{\otimes 0}=F$
Not a real error.

./_9AD8_7B49_4EE3_65702_20note.md.tex:2285: Preview: Snippet 2263 ended.(533465+233018x6628432).
<-><->
      
l.2285 $1_{T(V)}=1_F \in V^{\otimes 0}=F$
                                         
Not a real error.

[2263]
./_9AD8_7B49_4EE3_65702_20note.md.tex:2286: Preview: Snippet 2264 started.
<-><->
      
l.2286 $
        T(V)$
Not a real error.

./_9AD8_7B49_4EE3_65702_20note.md.tex:2286: Preview: Snippet 2264 ended.(491520+163840x1511654).
<-><->
      
l.2286 $T(V)$
             
Not a real error.

[2264]
./_9AD8_7B49_4EE3_65702_20note.md.tex:2287: Preview: Snippet 2265 started.
<-><->
      
l.2287 $
        V$
Not a real error.

./_9AD8_7B49_4EE3_65702_20note.md.tex:2287: Preview: Snippet 2265 ended.(447828+0x527929).
<-><->
      
l.2287 $V$
          
Not a real error.

[2265]
./_9AD8_7B49_4EE3_65702_20note.md.tex:2288: Preview: Snippet 2266 started.
<-><->
      
l.2288 $
        m \in \mathbb{Z}_{\geq 1}$
Not a real error.

./_9AD8_7B49_4EE3_65702_20note.md.tex:2288: Preview: Snippet 2266 ended.(451470+183387x2516915).
<-><->
      
l.2288 $m \in \mathbb{Z}_{\geq 1}$
                                  
Not a real error.

[2266]
./_9AD8_7B49_4EE3_65702_20note.md.tex:2289: Preview: Snippet 2267 started.
<-><->
      
l.2289 $
        M$
Not a real error.

./_9AD8_7B49_4EE3_65702_20note.md.tex:2289: Preview: Snippet 2267 ended.(447828+0x707242).
<-><->
      
l.2289 $M$
          
Not a real error.

[2267]
./_9AD8_7B49_4EE3_65702_20note.md.tex:2290: Preview: Snippet 2268 started.
<-><->
      
l.2290 $
        C:V \times \cdots \times V \rightarrow M$
Not a real error.

./_9AD8_7B49_4EE3_65702_20note.md.tex:2290: Preview: Snippet 2268 ended.(447828+54613x6210505).
<-><->
      
l.2290 $C:V \times \cdots \times V \rightarrow M$
                                                 
Not a real error.

[2268]
./_9AD8_7B49_4EE3_65702_20note.md.tex:2291: Preview: Snippet 2269 started.
<-><->
      
l.2291 $
        C(\cdots,x,y,\cdots)=C(\cdots,y,x,\cdots)$
Not a real error.

./_9AD8_7B49_4EE3_65702_20note.md.tex:2291: Preview: Snippet 2269 ended.(491520+163840x9823860).
<-><->
      
l.2291 $C(\cdots,x,y,\cdots)=C(\cdots,y,x,\cdots)$
                                                  
Not a real error.

[2269]
./_9AD8_7B49_4EE3_65702_20note.md.tex:2292: Preview: Snippet 2270 started.
<-><->
      
l.2292 $
        C$
Not a real error.

./_9AD8_7B49_4EE3_65702_20note.md.tex:2292: Preview: Snippet 2270 ended.(447828+0x515276).
<-><->
      
l.2292 $C$
          
Not a real error.

[2270]
./_9AD8_7B49_4EE3_65702_20note.md.tex:2293: Preview: Snippet 2271 started.
<-><->
      
l.2293 $
        C(\cdots,x,x,\cdots)=0$
Not a real error.

./_9AD8_7B49_4EE3_65702_20note.md.tex:2293: Preview: Snippet 2271 ended.(491520+163840x5706246).
<-><->
      
l.2293 $C(\cdots,x,x,\cdots)=0$
                               
Not a real error.

[2271]
./_9AD8_7B49_4EE3_65702_20note.md.tex:2294: Preview: Snippet 2272 started.
<-><->
      
l.2294 $
        C$
Not a real error.

./_9AD8_7B49_4EE3_65702_20note.md.tex:2294: Preview: Snippet 2272 ended.(447828+0x515276).
<-><->
      
l.2294 $C$
          
Not a real error.

[2272]
./_9AD8_7B49_4EE3_65702_20note.md.tex:2295: Preview: Snippet 2273 started.
<-><->
      
l.2295 $
        T(V)$
Not a real error.

./_9AD8_7B49_4EE3_65702_20note.md.tex:2295: Preview: Snippet 2273 ended.(491520+163840x1511654).
<-><->
      
l.2295 $T(V)$
             
Not a real error.

[2273]
./_9AD8_7B49_4EE3_65702_20note.md.tex:2296: Preview: Snippet 2274 started.
<-><->
      
l.2296 $
        x \otimes y-y \otimes x$
Not a real error.

./_9AD8_7B49_4EE3_65702_20note.md.tex:2296: Preview: Snippet 2274 ended.(382293+127431x3841730).
<-><->
      
l.2296 $x \otimes y-y \otimes x$
                                
Not a real error.

[2274]
./_9AD8_7B49_4EE3_65702_20note.md.tex:2297: Preview: Snippet 2275 started.
<-><->
      
l.2297 $
        \bigwedge(V)=\bigoplus_{n \geq 0} \wedge^n(V)$
Not a real error.

./_9AD8_7B49_4EE3_65702_20note.md.tex:2297: Preview: Snippet 2275 ended.(491524+281695x6153867).
<-><->
      
l.2297 ...dge(V)=\bigoplus_{n \geq 0} \wedge^n(V)$
                                                  
Not a real error.

[2275]
./_9AD8_7B49_4EE3_65702_20note.md.tex:2298: Preview: Snippet 2276 started.
<-><->
      
l.2298 $
        Sym(V)=\bigoplus_{n \geq 0} sym^n(V)$
Not a real error.

./_9AD8_7B49_4EE3_65702_20note.md.tex:2298: Preview: Snippet 2276 ended.(491524+281695x7758138).
<-><->
      
l.2298 $Sym(V)=\bigoplus_{n \geq 0} sym^n(V)$
                                             
Not a real error.

[2276]
./_9AD8_7B49_4EE3_65702_20note.md.tex:2299: Preview: Snippet 2277 started.
<-><->
      
l.2299 $
        Sym(V)=T(v)/id_{\bigwedge}$
Not a real error.

./_9AD8_7B49_4EE3_65702_20note.md.tex:2299: Preview: Snippet 2277 ended.(491520+233024x5961395).
<-><->
      
l.2299 $Sym(V)=T(v)/id_{\bigwedge}$
                                   
Not a real error.

[2277]
./_9AD8_7B49_4EE3_65702_20note.md.tex:2300: Preview: Snippet 2278 started.
<-><->
      
l.2300 $
        sym^0(V)=F=\wedge^0(V)$
Not a real error.

./_9AD8_7B49_4EE3_65702_20note.md.tex:2300: Preview: Snippet 2278 ended.(533465+163840x6587731).
<-><->
      
l.2300 $sym^0(V)=F=\wedge^0(V)$
                               
Not a real error.

[2278]
./_9AD8_7B49_4EE3_65702_20note.md.tex:2301: Preview: Snippet 2279 started.
<-><->
      
l.2301 $
        sym^1(V)=V=\wedge^1(V)$
Not a real error.

./_9AD8_7B49_4EE3_65702_20note.md.tex:2301: Preview: Snippet 2279 ended.(533465+163840x6603204).
<-><->
      
l.2301 $sym^1(V)=V=\wedge^1(V)$
                               
Not a real error.

[2279]
./_9AD8_7B49_4EE3_65702_20note.md.tex:2302: Preview: Snippet 2280 started.
<-><->
      
l.2302 $
        V$
Not a real error.

./_9AD8_7B49_4EE3_65702_20note.md.tex:2302: Preview: Snippet 2280 ended.(447828+0x527929).
<-><->
      
l.2302 $V$
          
Not a real error.

[2280]
./_9AD8_7B49_4EE3_65702_20note.md.tex:2303: Preview: Snippet 2281 started.
<-><->
      
l.2303 $
        F$
Not a real error.

./_9AD8_7B49_4EE3_65702_20note.md.tex:2303: Preview: Snippet 2281 ended.(447828+0x512456).
<-><->
      
l.2303 $F$
          
Not a real error.

[2281]
./_9AD8_7B49_4EE3_65702_20note.md.tex:2304: Preview: Snippet 2282 started.
<-><->
      
l.2304 $
        T(V)=\bigoplus_{n \geq 0}V^{\otimes n}$
Not a real error.

./_9AD8_7B49_4EE3_65702_20note.md.tex:2304: Preview: Snippet 2282 ended.(521815+281695x5544698).
<-><->
      
l.2304 $T(V)=\bigoplus_{n \geq 0}V^{\otimes n}$
                                               
Not a real error.

[2282]
./_9AD8_7B49_4EE3_65702_20note.md.tex:2305: Preview: Snippet 2283 started.
<-><->
      
l.2305 $
        Sym(V)$
Not a real error.

./_9AD8_7B49_4EE3_65702_20note.md.tex:2305: Preview: Snippet 2283 ended.(491520+163840x2397530).
<-><->
      
l.2305 $Sym(V)$
               
Not a real error.

[2283]
./_9AD8_7B49_4EE3_65702_20note.md.tex:2306: Preview: Snippet 2284 started.
<-><->
      
l.2306 $
        \cdot$
Not a real error.

./_9AD8_7B49_4EE3_65702_20note.md.tex:2306: Preview: Snippet 2284 ended.(291271+0x182045).
<-><->
      
l.2306 $\cdot$
              
Not a real error.

[2284]
./_9AD8_7B49_4EE3_65702_20note.md.tex:2307: Preview: Snippet 2285 started.
<-><->
      
l.2307 $
        x,y \in V$
Not a real error.

./_9AD8_7B49_4EE3_65702_20note.md.tex:2307: Preview: Snippet 2285 ended.(447828+127431x2339566).
<-><->
      
l.2307 $x,y \in V$
                  
Not a real error.

[2285]
./_9AD8_7B49_4EE3_65702_20note.md.tex:2308: Preview: Snippet 2286 started.
<-><->
      
l.2308 $
        xy=yx$
Not a real error.

./_9AD8_7B49_4EE3_65702_20note.md.tex:2308: Preview: Snippet 2286 ended.(282168+127431x2312566).
<-><->
      
l.2308 $xy=yx$
              
Not a real error.

[2286]
./_9AD8_7B49_4EE3_65702_20note.md.tex:2309: Preview: Snippet 2287 started.
<-><->
      
l.2309 $
        Sym^2(V)$
Not a real error.

./_9AD8_7B49_4EE3_65702_20note.md.tex:2309: Preview: Snippet 2287 ended.(533465+163840x2691533).
<-><->
      
l.2309 $Sym^2(V)$
                 
Not a real error.

[2287]
./_9AD8_7B49_4EE3_65702_20note.md.tex:2310: Preview: Snippet 2288 started.
<-><->
      
l.2310 $
        sym^2(V)$
Not a real error.

./_9AD8_7B49_4EE3_65702_20note.md.tex:2310: Preview: Snippet 2288 ended.(533465+163840x2559097).
<-><->
      
l.2310 $sym^2(V)$
                 
Not a real error.

[2288]
./_9AD8_7B49_4EE3_65702_20note.md.tex:2311: Preview: Snippet 2289 started.
<-><->
      
l.2311 $
        x \wedge y= -y \wedge x$
Not a real error.

./_9AD8_7B49_4EE3_65702_20note.md.tex:2311: Preview: Snippet 2289 ended.(382293+127431x4278636).
<-><->
      
l.2311 $x \wedge y= -y \wedge x$
                                
Not a real error.

[2289]
./_9AD8_7B49_4EE3_65702_20note.md.tex:2312: Preview: Snippet 2290 started.
<-><->
      
l.2312 $
        \wedge^2(V)$
Not a real error.

./_9AD8_7B49_4EE3_65702_20note.md.tex:2312: Preview: Snippet 2290 ended.(533465+163840x1768566).
<-><->
      
l.2312 $\wedge^2(V)$
                    
Not a real error.

[2290]
./_9AD8_7B49_4EE3_65702_20note.md.tex:2313: Preview: Snippet 2291 started.
<-><->
      
l.2313 $
        f:V \rightarrow W$
Not a real error.

./_9AD8_7B49_4EE3_65702_20note.md.tex:2313: Preview: Snippet 2291 ended.(455111+127431x3194867).
<-><->
      
l.2313 $f:V \rightarrow W$
                          
Not a real error.

[2291]
./_9AD8_7B49_4EE3_65702_20note.md.tex:2314: Preview: Snippet 2292 started.
<-><->
      
l.2314 $
        T(f):T(V) \rightarrow T(W)$
Not a real error.

./_9AD8_7B49_4EE3_65702_20note.md.tex:2314: Preview: Snippet 2292 ended.(491520+163840x6146042).
<-><->
      
l.2314 $T(f):T(V) \rightarrow T(W)$
                                   
Not a real error.

[2292]
./_9AD8_7B49_4EE3_65702_20note.md.tex:2315: Preview: Snippet 2293 started.
<-><->
      
l.2315 $
        F$
Not a real error.

./_9AD8_7B49_4EE3_65702_20note.md.tex:2315: Preview: Snippet 2293 ended.(447828+0x512456).
<-><->
      
l.2315 $F$
          
Not a real error.

[2293]
./_9AD8_7B49_4EE3_65702_20note.md.tex:2316: Preview: Snippet 2294 started.
<-><->
      
l.2316 $
        T(f)|_{V^{\otimes n}}=f \otimes \cdots \otimes f$
Not a real error.

./_9AD8_7B49_4EE3_65702_20note.md.tex:2316: Preview: Snippet 2294 ended.(491520+163840x6711825).
<-><->
      
l.2316 ...{\otimes n}}=f \otimes \cdots \otimes f$
                                                  
Not a real error.

[2294]
./_9AD8_7B49_4EE3_65702_20note.md.tex:2317: Preview: Snippet 2295 started.
<-><->
      
l.2317 $
        T(f)$
Not a real error.

./_9AD8_7B49_4EE3_65702_20note.md.tex:2317: Preview: Snippet 2295 ended.(491520+163840x1375123).
<-><->
      
l.2317 $T(f)$
             
Not a real error.

[2295]
./_9AD8_7B49_4EE3_65702_20note.md.tex:2318: Preview: Snippet 2296 started.
<-><->
      
l.2318 $
        F$
Not a real error.

./_9AD8_7B49_4EE3_65702_20note.md.tex:2318: Preview: Snippet 2296 ended.(447828+0x512456).
<-><->
      
l.2318 $F$
          
Not a real error.

[2296]
./_9AD8_7B49_4EE3_65702_20note.md.tex:2319: Preview: Snippet 2297 started.
<-><->
      
l.2319 $
        Sym(f):Sym(V) \rightarrow Sym(W)$
Not a real error.

./_9AD8_7B49_4EE3_65702_20note.md.tex:2319: Preview: Snippet 2297 ended.(491520+163840x8803670).
<-><->
      
l.2319 $Sym(f):Sym(V) \rightarrow Sym(W)$
                                         
Not a real error.

[2297]
./_9AD8_7B49_4EE3_65702_20note.md.tex:2320: Preview: Snippet 2298 started.
<-><->
      
l.2320 $
        \wedge (f): \wedge(V) \rightarrow \wedge(W)$
Not a real error.

./_9AD8_7B49_4EE3_65702_20note.md.tex:2320: Preview: Snippet 2298 ended.(491520+163840x6034769).
<-><->
      
l.2320 ...ge (f): \wedge(V) \rightarrow \wedge(W)$
                                                  
Not a real error.

[2298]
./_9AD8_7B49_4EE3_65702_20note.md.tex:2321: Preview: Snippet 2299 started.
<-><->
      
l.2321 $
        Sym(V)$
Not a real error.

./_9AD8_7B49_4EE3_65702_20note.md.tex:2321: Preview: Snippet 2299 ended.(491520+163840x2397530).
<-><->
      
l.2321 $Sym(V)$
               
Not a real error.

[2299]
./_9AD8_7B49_4EE3_65702_20note.md.tex:2322: Preview: Snippet 2300 started.
<-><->
      
l.2322 $
        \bigwedge(V)$
Not a real error.

./_9AD8_7B49_4EE3_65702_20note.md.tex:2322: Preview: Snippet 2300 ended.(491524+163844x1583790).
<-><->
      
l.2322 $\bigwedge(V)$
                     
Not a real error.

[2300]
./_9AD8_7B49_4EE3_65702_20note.md.tex:2323: Preview: Snippet 2301 started.
<-><->
      
l.2323 $
        dim(V)=n \in \mathbb{Z}_{\geq 1}$
Not a real error.

./_9AD8_7B49_4EE3_65702_20note.md.tex:2323: Preview: Snippet 2301 ended.(491520+183387x5388632).
<-><->
      
l.2323 $dim(V)=n \in \mathbb{Z}_{\geq 1}$
                                         
Not a real error.

[2301]
./_9AD8_7B49_4EE3_65702_20note.md.tex:2324: Preview: Snippet 2302 started.
<-><->
      
l.2324 $
        F[X_1,\cdots,X_n] \stackrel{\sim}{\longrightarrow} Sym(V)$
Not a real error.

./_9AD8_7B49_4EE3_65702_20note.md.tex:2324: Preview: Snippet 2302 ended.(613239+163840x7996221).
<-><->
      
l.2324 ...\stackrel{\sim}{\longrightarrow} Sym(V)$
                                                  
Not a real error.

[2302]
./_9AD8_7B49_4EE3_65702_20note.md.tex:2325: Preview: Snippet 2303 started.
<-><->
      
l.2325 $
        X_i \mapsto v_i$
Not a real error.

./_9AD8_7B49_4EE3_65702_20note.md.tex:2325: Preview: Snippet 2303 ended.(447828+98303x2316433).
<-><->
      
l.2325 $X_i \mapsto v_i$
                        
Not a real error.

[2303]
./_9AD8_7B49_4EE3_65702_20note.md.tex:2326: Preview: Snippet 2304 started.
<-><->
      
l.2326 $
        F$
Not a real error.

./_9AD8_7B49_4EE3_65702_20note.md.tex:2326: Preview: Snippet 2304 ended.(447828+0x512456).
<-><->
      
l.2326 $F$
          
Not a real error.

[2304]
./_9AD8_7B49_4EE3_65702_20note.md.tex:2327: Preview: Snippet 2305 started.
<-><->
      
l.2327 $
        dim(V)=n \in \mathbb{Z}_{\geq 0}$
Not a real error.

./_9AD8_7B49_4EE3_65702_20note.md.tex:2327: Preview: Snippet 2305 ended.(491520+183387x5388632).
<-><->
      
l.2327 $dim(V)=n \in \mathbb{Z}_{\geq 0}$
                                         
Not a real error.

[2305]
./_9AD8_7B49_4EE3_65702_20note.md.tex:2328: Preview: Snippet 2306 started.
<-><->
      
l.2328 $
        v_1,\cdots,v_n$
Not a real error.

./_9AD8_7B49_4EE3_65702_20note.md.tex:2328: Preview: Snippet 2306 ended.(291271+127431x2851642).
<-><->
      
l.2328 $v_1,\cdots,v_n$
                       
Not a real error.

[2306]
./_9AD8_7B49_4EE3_65702_20note.md.tex:2329: Preview: Snippet 2307 started.
<-><->
      
l.2329 $
        m>n$
Not a real error.

./_9AD8_7B49_4EE3_65702_20note.md.tex:2329: Preview: Snippet 2307 ended.(353303+25623x1842591).
<-><->
      
l.2329 $m>n$
            
Not a real error.

[2307]
./_9AD8_7B49_4EE3_65702_20note.md.tex:2330: Preview: Snippet 2308 started.
<-><->
      
l.2330 $
        \wedge^m(V)=\{0\}$
Not a real error.

./_9AD8_7B49_4EE3_65702_20note.md.tex:2330: Preview: Snippet 2308 ended.(491520+163840x3829231).
<-><->
      
l.2330 $\wedge^m(V)=\{0\}$
                          
Not a real error.

[2308]
./_9AD8_7B49_4EE3_65702_20note.md.tex:2331: Preview: Snippet 2309 started.
<-><->
      
l.2331 $
        0 \leq m \leq n$
Not a real error.

./_9AD8_7B49_4EE3_65702_20note.md.tex:2331: Preview: Snippet 2309 ended.(422343+89110x3044078).
<-><->
      
l.2331 $0 \leq m \leq n$
                        
Not a real error.

[2309]
./_9AD8_7B49_4EE3_65702_20note.md.tex:2332: Preview: Snippet 2310 started.
<-><->
      
l.2332 $
        dim(\wedge^m(V))=\begin{pmatrix}n\\ m\end{pmatrix}$
Not a real error.

./_9AD8_7B49_4EE3_65702_20note.md.tex:2332: Preview: Snippet 2310 ended.(950279+622600x6038470).
<-><->
      
l.2332 ...m(V))=\begin{pmatrix}n\\ m\end{pmatrix}$
                                                  
Not a real error.

[2310]
./_9AD8_7B49_4EE3_65702_20note.md.tex:2333: Preview: Snippet 2311 started.
<-><->
      
l.2333 $
        dim(\bigwedge)=2^n$
Not a real error.

./_9AD8_7B49_4EE3_65702_20note.md.tex:2333: Preview: Snippet 2311 ended.(491524+163844x3756383).
<-><->
      
l.2333 $dim(\bigwedge)=2^n$
                           
Not a real error.

[2311]
./_9AD8_7B49_4EE3_65702_20note.md.tex:2334: Preview: Snippet 2312 started.
<-><->
      
l.2334 $
        A$
Not a real error.

./_9AD8_7B49_4EE3_65702_20note.md.tex:2334: Preview: Snippet 2312 ended.(447828+0x491521).
<-><->
      
l.2334 $A$
          
Not a real error.

[2312]
./_9AD8_7B49_4EE3_65702_20note.md.tex:2335: Preview: Snippet 2313 started.
<-><->
      
l.2335 $
        char F \neq 2$
Not a real error.

./_9AD8_7B49_4EE3_65702_20note.md.tex:2335: Preview: Snippet 2313 ended.(455111+127430x3035437).
<-><->
      
l.2335 $char F \neq 2$
                      
Not a real error.

[2313]
./_9AD8_7B49_4EE3_65702_20note.md.tex:2336: Preview: Snippet 2314 started.
<-><->
      
l.2336 $
        ^tA=-A$
Not a real error.

./_9AD8_7B49_4EE3_65702_20note.md.tex:2336: Preview: Snippet 2314 ended.(519994+54613x2597316).
<-><->
      
l.2336 $^tA=-A$
               
Not a real error.

[2314]
./_9AD8_7B49_4EE3_65702_20note.md.tex:2337: Preview: Snippet 2315 started.
<-><->
      
l.2337 $
        R$
Not a real error.

./_9AD8_7B49_4EE3_65702_20note.md.tex:2337: Preview: Snippet 2315 ended.(447828+0x502671).
<-><->
      
l.2337 $R$
          
Not a real error.

[2315]
./_9AD8_7B49_4EE3_65702_20note.md.tex:2338: Preview: Snippet 2316 started.
<-><->
      
l.2338 $
        n \in R^\times$
Not a real error.

./_9AD8_7B49_4EE3_65702_20note.md.tex:2338: Preview: Snippet 2316 ended.(521815+25623x2139398).
<-><->
      
l.2338 $n \in R^\times$
                       
Not a real error.

[2316]
./_9AD8_7B49_4EE3_65702_20note.md.tex:2339: Preview: Snippet 2317 started.
<-><->
      
l.2339 $
        n \cdot 1_R \in R^\times$
Not a real error.

./_9AD8_7B49_4EE3_65702_20note.md.tex:2339: Preview: Snippet 2317 ended.(521815+98303x3370310).
<-><->
      
l.2339 $n \cdot 1_R \in R^\times$
                                 
Not a real error.

[2317]
./_9AD8_7B49_4EE3_65702_20note.md.tex:2340: Preview: Snippet 2318 started.
<-><->
      
l.2340 $
        \div n$
Not a real error.

./_9AD8_7B49_4EE3_65702_20note.md.tex:2340: Preview: Snippet 2318 ended.(382293+54613x903096).
<-><->
      
l.2340 $\div n$
               
Not a real error.

[2318]
./_9AD8_7B49_4EE3_65702_20note.md.tex:2341: Preview: Snippet 2319 started.
<-><->
      
l.2341 $
        R$
Not a real error.

./_9AD8_7B49_4EE3_65702_20note.md.tex:2341: Preview: Snippet 2319 ended.(447828+0x502671).
<-><->
      
l.2341 $R$
          
Not a real error.

[2319]
./_9AD8_7B49_4EE3_65702_20note.md.tex:2342: Preview: Snippet 2320 started.
<-><->
      
l.2342 $
        R=F$
Not a real error.

./_9AD8_7B49_4EE3_65702_20note.md.tex:2342: Preview: Snippet 2320 ended.(447828+0x1888933).
<-><->
      
l.2342 $R=F$
            
Not a real error.

[2320]
./_9AD8_7B49_4EE3_65702_20note.md.tex:2343: Preview: Snippet 2321 started.
<-><->
      
l.2343 $
        char F \not{\vert}$
Not a real error.

./_9AD8_7B49_4EE3_65702_20note.md.tex:2343: Preview: Snippet 2321 ended.(491520+163840x2380075).
<-><->
      
l.2343 $char F \not{\vert}$
                           
Not a real error.

[2321]
./_9AD8_7B49_4EE3_65702_20note.md.tex:2344: Preview: Snippet 2322 started.
<-><->
      
l.2344 $
        n$
Not a real error.

./_9AD8_7B49_4EE3_65702_20note.md.tex:2344: Preview: Snippet 2322 ended.(282168+0x393370).
<-><->
      
l.2344 $n$
          
Not a real error.

[2322]
./_9AD8_7B49_4EE3_65702_20note.md.tex:2345: Preview: Snippet 2323 started.
<-><->
      
l.2345 $
        F$
Not a real error.

./_9AD8_7B49_4EE3_65702_20note.md.tex:2345: Preview: Snippet 2323 ended.(447828+0x512456).
<-><->
      
l.2345 $F$
          
Not a real error.

[2323]
./_9AD8_7B49_4EE3_65702_20note.md.tex:2346: Preview: Snippet 2324 started.
<-><->
      
l.2346 $
        V$
Not a real error.

./_9AD8_7B49_4EE3_65702_20note.md.tex:2346: Preview: Snippet 2324 ended.(447828+0x527929).
<-><->
      
l.2346 $V$
          
Not a real error.

[2324]
./_9AD8_7B49_4EE3_65702_20note.md.tex:2347: Preview: Snippet 2325 started.
<-><->
      
l.2347 $
        n \in \mathbb{Z}_{\geq 1}$
Not a real error.

./_9AD8_7B49_4EE3_65702_20note.md.tex:2347: Preview: Snippet 2325 ended.(451470+183387x2334870).
<-><->
      
l.2347 $n \in \mathbb{Z}_{\geq 1}$
                                  
Not a real error.

[2325]
./_9AD8_7B49_4EE3_65702_20note.md.tex:2348: Preview: Snippet 2326 started.
<-><->
      
l.2348 $
        S_n$
Not a real error.

./_9AD8_7B49_4EE3_65702_20note.md.tex:2348: Preview: Snippet 2326 ended.(447828+98303x758597).
<-><->
      
l.2348 $S_n$
            
Not a real error.

[2326]
./_9AD8_7B49_4EE3_65702_20note.md.tex:2349: Preview: Snippet 2327 started.
<-><->
      
l.2349 $
        V^{\otimes n}$
Not a real error.

./_9AD8_7B49_4EE3_65702_20note.md.tex:2349: Preview: Snippet 2327 ended.(521815+0x1294264).
<-><->
      
l.2349 $V^{\otimes n}$
                      
Not a real error.

[2327]
./_9AD8_7B49_4EE3_65702_20note.md.tex:2350: Preview: Snippet 2328 started.
<-><->
      
l.2350 $
        V \times\cdots\times V \rightarrow V^{\otimes n}$
Not a real error.

./_9AD8_7B49_4EE3_65702_20note.md.tex:2350: Preview: Snippet 2328 ended.(521815+54613x5736126).
<-><->
      
l.2350 ...cdots\times V \rightarrow V^{\otimes n}$
                                                  
Not a real error.

[2328]
./_9AD8_7B49_4EE3_65702_20note.md.tex:2351: Preview: Snippet 2329 started.
<-><->
      
l.2351 $
        (v_1,\cdots,v_n) \mapsto v_{\sigma^{-1}(1)} \otimes\cdots\otimes v_{...
Not a real error.

./_9AD8_7B49_4EE3_65702_20note.md.tex:2351: Preview: Snippet 2329 ended.(491520+238480x10714483).
<-><->
      
l.2351 ...\otimes\cdots\otimes v_{\sigma^{-1}(n)}$
                                                  
Not a real error.

[2329]
./_9AD8_7B49_4EE3_65702_20note.md.tex:2352: Preview: Snippet 2330 started.
<-><->
      
l.2352 $
        \sigma:V^{\otimes n} \rightarrow V^{\otimes n}$
Not a real error.

./_9AD8_7B49_4EE3_65702_20note.md.tex:2352: Preview: Snippet 2330 ended.(521815+0x4552088).
<-><->
      
l.2352 ...V^{\otimes n} \rightarrow V^{\otimes n}$
                                                  
Not a real error.

[2330]
./_9AD8_7B49_4EE3_65702_20note.md.tex:2353: Preview: Snippet 2331 started.
<-><->
      
l.2353 $
        V^{\otimes n}_{sym}:=\{x\in V^{\otimes n}:\forall \sigma \in S_n,\ \...
Not a real error.

./_9AD8_7B49_4EE3_65702_20note.md.tex:2353: Preview: Snippet 2331 ended.(521815+251217x10989109).
<-><->
      
l.2353 ...}:\forall \sigma \in S_n,\ \sigma x=x\}$
                                                  
Not a real error.

[2331]
./_9AD8_7B49_4EE3_65702_20note.md.tex:2354: Preview: Snippet 2332 started.
<-><->
      
l.2354 $
        V^{\otimes n}_{sym}:=\{x\in V^{\otimes n}:\forall \sigma \in S_n,\ \...
Not a real error.

./_9AD8_7B49_4EE3_65702_20note.md.tex:2354: Preview: Snippet 2332 ended.(521815+251217x10989109).
<-><->
      
l.2354 ...}:\forall \sigma \in S_n,\ \sigma x=x\}$
                                                  
Not a real error.

[2332]
./_9AD8_7B49_4EE3_65702_20note.md.tex:2355: Preview: Snippet 2333 started.
<-><->
      
l.2355 $
        \bigoplus_{n \geq 0}$
Not a real error.

./_9AD8_7B49_4EE3_65702_20note.md.tex:2355: Preview: Snippet 2333 ended.(491524+281695x1755750).
<-><->
      
l.2355 $\bigoplus_{n \geq 0}$
                             
Not a real error.

[2333]
./_9AD8_7B49_4EE3_65702_20note.md.tex:2356: Preview: Snippet 2334 started.
<-><->
      
l.2356 $
        T_{sym}(V),\ T_{\bigwedge}(V)$
Not a real error.

./_9AD8_7B49_4EE3_65702_20note.md.tex:2356: Preview: Snippet 2334 ended.(491520+233024x4848937).
<-><->
      
l.2356 $T_{sym}(V),\ T_{\bigwedge}(V)$
                                      
Not a real error.

[2334]
./_9AD8_7B49_4EE3_65702_20note.md.tex:2357: Preview: Snippet 2335 started.
<-><->
      
l.2357 $
        T(V)$
Not a real error.

./_9AD8_7B49_4EE3_65702_20note.md.tex:2357: Preview: Snippet 2335 ended.(491520+163840x1511654).
<-><->
      
l.2357 $T(V)$
             
Not a real error.

[2335]
./_9AD8_7B49_4EE3_65702_20note.md.tex:2358: Preview: Snippet 2336 started.
<-><->
      
l.2358 $
        char F=0$
Not a real error.

./_9AD8_7B49_4EE3_65702_20note.md.tex:2358: Preview: Snippet 2336 ended.(455111+0x3035437).
<-><->
      
l.2358 $char F=0$
                 
Not a real error.

[2336]
./_9AD8_7B49_4EE3_65702_20note.md.tex:2359: Preview: Snippet 2337 started.
<-><->
      
l.2359 $
        Sym(V)$
Not a real error.

./_9AD8_7B49_4EE3_65702_20note.md.tex:2359: Preview: Snippet 2337 ended.(491520+163840x2397530).
<-><->
      
l.2359 $Sym(V)$
               
Not a real error.

[2337]
./_9AD8_7B49_4EE3_65702_20note.md.tex:2360: Preview: Snippet 2338 started.
<-><->
      
l.2360 $
        \bigwedge(V)$
Not a real error.

./_9AD8_7B49_4EE3_65702_20note.md.tex:2360: Preview: Snippet 2338 ended.(491524+163844x1583790).
<-><->
      
l.2360 $\bigwedge(V)$
                     
Not a real error.

[2338]
./_9AD8_7B49_4EE3_65702_20note.md.tex:2361: Preview: Snippet 2339 started.
<-><->
      
l.2361 $
        q^n_{sym}:V^{\otimes n} \twoheadrightarrow sym^n(V)$
Not a real error.

./_9AD8_7B49_4EE3_65702_20note.md.tex:2361: Undefined control sequence.
l.2361 $q^n_{sym}:V^{\otimes n} \twoheadrightarrow
                                                   sym^n(V)$
The control sequence at the end of the top line
of your error message was never \def'ed. If you have
misspelled it (e.g., `\hobx'), type `I' and the correct
spelling (e.g., `I\hbox'). Otherwise just continue,
and I'll forget about whatever was undefined.

./_9AD8_7B49_4EE3_65702_20note.md.tex:2361: Preview: Snippet 2339 ended.(521815+251217x5782198).
<-><->
      
l.2361 ...{\otimes n} \twoheadrightarrow sym^n(V)$
                                                  
Not a real error.

[2339]
./_9AD8_7B49_4EE3_65702_20note.md.tex:2362: Preview: Snippet 2340 started.
<-><->
      
l.2362 $
        q^n_{\wedge}:V^{\otimes n} \twoheadrightarrow \wedge^n(V)$
Not a real error.

./_9AD8_7B49_4EE3_65702_20note.md.tex:2362: Undefined control sequence.
l.2362 ...\wedge}:V^{\otimes n} \twoheadrightarrow
                                                   \wedge^n(V)$
The control sequence at the end of the top line
of your error message was never \def'ed. If you have
misspelled it (e.g., `\hobx'), type `I' and the correct
spelling (e.g., `I\hbox'). Otherwise just continue,
and I'll forget about whatever was undefined.

./_9AD8_7B49_4EE3_65702_20note.md.tex:2362: Preview: Snippet 2340 ended.(521815+163840x4641446).
<-><->
      
l.2362 ...times n} \twoheadrightarrow \wedge^n(V)$
                                                  
Not a real error.

[2340]
./_9AD8_7B49_4EE3_65702_20note.md.tex:2363: Preview: Snippet 2341 started.
<-><->
      
l.2363 $
        n! \in F^{\times}$
Not a real error.

./_9AD8_7B49_4EE3_65702_20note.md.tex:2363: Preview: Snippet 2341 ended.(521815+25623x2331228).
<-><->
      
l.2363 $n! \in F^{\times}$
                          
Not a real error.

[2341]
./_9AD8_7B49_4EE3_65702_20note.md.tex:2364: Preview: Snippet 2342 started.
<-><->
      
l.2364 $
        V^{\otimes n}_{sym} \stackrel{\sim}{\longrightarrow} sym^n(V)$
Not a real error.

./_9AD8_7B49_4EE3_65702_20note.md.tex:2364: Preview: Snippet 2342 ended.(613239+251217x5451484).
<-><->
      
l.2364 ...tackrel{\sim}{\longrightarrow} sym^n(V)$
                                                  
Not a real error.

[2342]
./_9AD8_7B49_4EE3_65702_20note.md.tex:2365: Preview: Snippet 2343 started.
<-><->
      
l.2365 $
        \wedge$
Not a real error.

./_9AD8_7B49_4EE3_65702_20note.md.tex:2365: Preview: Snippet 2343 ended.(364090+0x436908).
<-><->
      
l.2365 $\wedge$
               
Not a real error.

[2343]
./_9AD8_7B49_4EE3_65702_20note.md.tex:2366: Preview: Snippet 2344 started.
<-><->
      
l.2366 $
        sym^n$
Not a real error.

./_9AD8_7B49_4EE3_65702_20note.md.tex:2366: Preview: Snippet 2344 ended.(435343+127431x1584173).
<-><->
      
l.2366 $sym^n$
              
Not a real error.

[2344]
./_9AD8_7B49_4EE3_65702_20note.md.tex:2367: Preview: Snippet 2345 started.
<-><->
      
l.2367 $
        Avg:x \mapsto \sum_{\sigma}\frac{\sigma x}{n!}$
Not a real error.

./_9AD8_7B49_4EE3_65702_20note.md.tex:2367: Preview: Snippet 2345 ended.(491524+225995x5037460).
<-><->
      
l.2367 ...mapsto \sum_{\sigma}\frac{\sigma x}{n!}$
                                                  
Not a real error.

[2345]
./_9AD8_7B49_4EE3_65702_20note.md.tex:2368: Preview: Snippet 2346 started.
<-><->
      
l.2368 $
        V^{\otimes n} \twoheadrightarrow V^{\otimes n}_{sym}$
Not a real error.

./_9AD8_7B49_4EE3_65702_20note.md.tex:2368: Undefined control sequence.
l.2368 $V^{\otimes n} \twoheadrightarrow
                                         V^{\otimes n}_{sym}$
The control sequence at the end of the top line
of your error message was never \def'ed. If you have
misspelled it (e.g., `\hobx'), type `I' and the correct
spelling (e.g., `I\hbox'). Otherwise just continue,
and I'll forget about whatever was undefined.

./_9AD8_7B49_4EE3_65702_20note.md.tex:2368: Preview: Snippet 2346 ended.(521815+251217x2703977).
<-><->
      
l.2368 ... \twoheadrightarrow V^{\otimes n}_{sym}$
                                                  
Not a real error.

[2346]
./_9AD8_7B49_4EE3_65702_20note.md.tex:2369: Preview: Snippet 2347 started.
<-><->
      
l.2369 $
        V^{\otimes n}=V^{\otimes n}_{sym} \oplus ker(Avg)$
Not a real error.

./_9AD8_7B49_4EE3_65702_20note.md.tex:2369: Preview: Snippet 2347 ended.(521815+251217x7038143).
<-><->
      
l.2369 ... n}=V^{\otimes n}_{sym} \oplus ker(Avg)$
                                                  
Not a real error.

[2347]
./_9AD8_7B49_4EE3_65702_20note.md.tex:2370: Preview: Snippet 2348 started.
<-><->
      
l.2370 $
        ker(Avg) \subset ker(q^n_{sym})$
Not a real error.

./_9AD8_7B49_4EE3_65702_20note.md.tex:2370: Preview: Snippet 2348 ended.(491520+251217x6343726).
<-><->
      
l.2370 $ker(Avg) \subset ker(q^n_{sym})$
                                        
Not a real error.

[2348]
./_9AD8_7B49_4EE3_65702_20note.md.tex:2371: Preview: Snippet 2349 started.
<-><->
      
l.2371 $
        V^{\otimes n}$
Not a real error.

./_9AD8_7B49_4EE3_65702_20note.md.tex:2371: Preview: Snippet 2349 ended.(521815+0x1294264).
<-><->
      
l.2371 $V^{\otimes n}$
                      
Not a real error.

[2349]
./_9AD8_7B49_4EE3_65702_20note.md.tex:2372: Preview: Snippet 2350 started.
<-><->
      
l.2372 $
        ker(q^{n}_{sym})$
Not a real error.

./_9AD8_7B49_4EE3_65702_20note.md.tex:2372: Preview: Snippet 2350 ended.(491520+251217x2810550).
<-><->
      
l.2372 $ker(q^{n}_{sym})$
                         
Not a real error.

[2350]
./_9AD8_7B49_4EE3_65702_20note.md.tex:2373: Preview: Snippet 2351 started.
<-><->
      
l.2373 $
        \{0\}$
Not a real error.

./_9AD8_7B49_4EE3_65702_20note.md.tex:2373: Preview: Snippet 2351 ended.(491520+163840x983043).
<-><->
      
l.2373 $\{0\}$
              
Not a real error.

[2351]
./_9AD8_7B49_4EE3_65702_20note.md.tex:2374: Preview: Snippet 2352 started.
<-><->
      
l.2374 $
        charF=0$
Not a real error.

./_9AD8_7B49_4EE3_65702_20note.md.tex:2374: Preview: Snippet 2352 ended.(455111+0x3035437).
<-><->
      
l.2374 $charF=0$
                
Not a real error.

[2352]
./_9AD8_7B49_4EE3_65702_20note.md.tex:2375: Preview: Snippet 2353 started.
<-><->
      
l.2375 $
        q^n_{sym}:V^{\otimes n} \twoheadrightarrow Sym^nV$
Not a real error.

./_9AD8_7B49_4EE3_65702_20note.md.tex:2375: Undefined control sequence.
l.2375 $q^n_{sym}:V^{\otimes n} \twoheadrightarrow
                                                   Sym^nV$
The control sequence at the end of the top line
of your error message was never \def'ed. If you have
misspelled it (e.g., `\hobx'), type `I' and the correct
spelling (e.g., `I\hbox'). Otherwise just continue,
and I'll forget about whatever was undefined.

./_9AD8_7B49_4EE3_65702_20note.md.tex:2375: Preview: Snippet 2353 ended.(521815+251217x5404908).
<-><->
      
l.2375 ...V^{\otimes n} \twoheadrightarrow Sym^nV$
                                                  
Not a real error.

[2353]
./_9AD8_7B49_4EE3_65702_20note.md.tex:2376: Preview: Snippet 2354 started.
<-><->
      
l.2376 $
        q^n_{\wedge}:V^{\otimes n} \twoheadrightarrow \wedge^n(V)$
Not a real error.

./_9AD8_7B49_4EE3_65702_20note.md.tex:2376: Undefined control sequence.
l.2376 ...\wedge}:V^{\otimes n} \twoheadrightarrow
                                                   \wedge^n(V)$
The control sequence at the end of the top line
of your error message was never \def'ed. If you have
misspelled it (e.g., `\hobx'), type `I' and the correct
spelling (e.g., `I\hbox'). Otherwise just continue,
and I'll forget about whatever was undefined.

./_9AD8_7B49_4EE3_65702_20note.md.tex:2376: Preview: Snippet 2354 ended.(521815+163840x4641446).
<-><->
      
l.2376 ...times n} \twoheadrightarrow \wedge^n(V)$
                                                  
Not a real error.

[2354]
./_9AD8_7B49_4EE3_65702_20note.md.tex:2377: Preview: Snippet 2355 started.
<-><->
      
l.2377 $
        V^{\otimes n}_{sym} \stackrel{\sim}{\longrightarrow} Sym^nV$
Not a real error.

./_9AD8_7B49_4EE3_65702_20note.md.tex:2377: Preview: Snippet 2355 ended.(613239+251217x5074194).
<-><->
      
l.2377 ...\stackrel{\sim}{\longrightarrow} Sym^nV$
                                                  
Not a real error.

[2355]
./_9AD8_7B49_4EE3_65702_20note.md.tex:2378: Preview: Snippet 2356 started.
<-><->
      
l.2378 $
        V^{\otimes n}_\wedge \stackrel{\sim}{\longrightarrow} \wedge^n(V)$
Not a real error.

./_9AD8_7B49_4EE3_65702_20note.md.tex:2378: Preview: Snippet 2356 ended.(613239+163840x4545504).
<-><->
      
l.2378 ...krel{\sim}{\longrightarrow} \wedge^n(V)$
                                                  
Not a real error.

[2356]
./_9AD8_7B49_4EE3_65702_20note.md.tex:2379: Preview: Snippet 2357 started.
<-><->
      
l.2379 $
        p^n_{sym}$
Not a real error.

./_9AD8_7B49_4EE3_65702_20note.md.tex:2379: Preview: Snippet 2357 ended.(435343+251217x1357148).
<-><->
      
l.2379 $p^n_{sym}$
                  
Not a real error.

[2357]
./_9AD8_7B49_4EE3_65702_20note.md.tex:2380: Preview: Snippet 2358 started.
<-><->
      
l.2380 $
        p^{n}_{\wedge}$
Not a real error.

./_9AD8_7B49_4EE3_65702_20note.md.tex:2380: Preview: Snippet 2358 ended.(435343+162016x715663).
<-><->
      
l.2380 $p^{n}_{\wedge}$
                       
Not a real error.

[2358]
./_9AD8_7B49_4EE3_65702_20note.md.tex:2381: Preview: Snippet 2359 started.
<-><->
      
l.2381 $
        \forall x \in V^{\otimes a}_{sym}\ y \in V^{\otimes b}_{sym}$
Not a real error.

./_9AD8_7B49_4EE3_65702_20note.md.tex:2381: Preview: Snippet 2359 ended.(556402+251217x5723272).
<-><->
      
l.2381 ...mes a}_{sym}\ y \in V^{\otimes b}_{sym}$
                                                  
Not a real error.

[2359]
./_9AD8_7B49_4EE3_65702_20note.md.tex:2382: Preview: Snippet 2360 started.
<-><->
      
l.2382 $
        char F \not{\vert} (a+b)!$
Not a real error.

./_9AD8_7B49_4EE3_65702_20note.md.tex:2382: Preview: Snippet 2360 ended.(491520+163840x4500510).
<-><->
      
l.2382 $char F \not{\vert} (a+b)!$
                                  
Not a real error.

[2360]
./_9AD8_7B49_4EE3_65702_20note.md.tex:2383: Preview: Snippet 2361 started.
<-><->
      
l.2383 $
        p^{a+b}_{sym}(q^a_{sym}(x)q^b_{sym}(y))=\frac{a!b!}{(a+b)!}\sum_{\si...
Not a real error.

./_9AD8_7B49_4EE3_65702_20note.md.tex:2383: Preview: Snippet 2361 ended.(576613+340683x15797417).
<-><->
      
l.2383 ...a+b}/S_a \times S_b}\sigma(x \otimes y)$
                                                  
Not a real error.

[2361]
./_9AD8_7B49_4EE3_65702_20note.md.tex:2384: Preview: Snippet 2362 started.
<-><->
      
l.2384 $
        S_a \times S_b \hookrightarrow S_{a+b}$
Not a real error.

./_9AD8_7B49_4EE3_65702_20note.md.tex:2384: Preview: Snippet 2362 ended.(447828+152917x4628945).
<-><->
      
l.2384 $S_a \times S_b \hookrightarrow S_{a+b}$
                                               
Not a real error.

[2362]
./_9AD8_7B49_4EE3_65702_20note.md.tex:2385: Preview: Snippet 2363 started.
<-><->
      
l.2385 $
        T_{sym}(V)$
Not a real error.

./_9AD8_7B49_4EE3_65702_20note.md.tex:2385: Preview: Snippet 2363 ended.(491520+187504x2448051).
<-><->
      
l.2385 $T_{sym}(V)$
                   
Not a real error.

[2363]
./_9AD8_7B49_4EE3_65702_20note.md.tex:2386: Preview: Snippet 2364 started.
<-><->
      
l.2386 $
        \otimes$
Not a real error.

./_9AD8_7B49_4EE3_65702_20note.md.tex:2386: Preview: Snippet 2364 ended.(382293+54613x509726).
<-><->
      
l.2386 $\otimes$
                
Not a real error.

[2364]
./_9AD8_7B49_4EE3_65702_20note.md.tex:2387: Preview: Snippet 2365 started.
<-><->
      
l.2387 $
        dim V< \infty$
Not a real error.

./_9AD8_7B49_4EE3_65702_20note.md.tex:2387: Preview: Snippet 2365 ended.(455111+25623x3199397).
<-><->
      
l.2387 $dim V< \infty$
                      
Not a real error.

[2365]
./_9AD8_7B49_4EE3_65702_20note.md.tex:2388: Preview: Snippet 2366 started.
<-><->
      
l.2388 $
        n \in \mathbb{Z}_{\geq 0}$
Not a real error.

./_9AD8_7B49_4EE3_65702_20note.md.tex:2388: Preview: Snippet 2366 ended.(451470+183387x2334870).
<-><->
      
l.2388 $n \in \mathbb{Z}_{\geq 0}$
                                  
Not a real error.

[2366]
./_9AD8_7B49_4EE3_65702_20note.md.tex:2389: Preview: Snippet 2367 started.
<-><->
      
l.2389 $
        n! \in F^{\times}$
Not a real error.

./_9AD8_7B49_4EE3_65702_20note.md.tex:2389: Preview: Snippet 2367 ended.(521815+25623x2331228).
<-><->
      
l.2389 $n! \in F^{\times}$
                          
Not a real error.

[2367]
./_9AD8_7B49_4EE3_65702_20note.md.tex:2390: Preview: Snippet 2368 started.
<-><->
      
l.2390 $
        \simeq$
Not a real error.

./_9AD8_7B49_4EE3_65702_20note.md.tex:2390: Preview: Snippet 2368 ended.(303921+0x509726).
<-><->
      
l.2390 $\simeq$
               
Not a real error.

[2368]
./_9AD8_7B49_4EE3_65702_20note.md.tex:2391: Preview: Snippet 2369 started.
<-><->
      
l.2391 $
        Sym^n(V^v) \simeq Sym^n(V)^v$
Not a real error.

./_9AD8_7B49_4EE3_65702_20note.md.tex:2391: Preview: Snippet 2369 ended.(491520+163840x7005082).
<-><->
      
l.2391 $Sym^n(V^v) \simeq Sym^n(V)^v$
                                     
Not a real error.

[2369]
./_9AD8_7B49_4EE3_65702_20note.md.tex:2392: Preview: Snippet 2370 started.
<-><->
      
l.2392 $
        V^v:=Hom(V,F)$
Not a real error.

./_9AD8_7B49_4EE3_65702_20note.md.tex:2392: Preview: Snippet 2370 ended.(491520+163840x5118404).
<-><->
      
l.2392 $V^v:=Hom(V,F)$
                      
Not a real error.

[2370]
./_9AD8_7B49_4EE3_65702_20note.md.tex:2393: Preview: Snippet 2371 started.
<-><->
      
l.2393 $
        (V^v)^{\otimes n} \stackrel{\Psi}{\longrightarrow} (V^{\otimes n})^v...
Not a real error.

./_9AD8_7B49_4EE3_65702_20note.md.tex:2393: Preview: Snippet 2371 ended.(750523+163840x12187115).
<-><->
      
l.2393 ...hi}{\longrightarrow} Mul(V, \cdots,V;F)$
                                                  
Not a real error.

[2371]
./_9AD8_7B49_4EE3_65702_20note.md.tex:2394: Preview: Snippet 2372 started.
<-><->
      
l.2394 $
        S_n$
Not a real error.

./_9AD8_7B49_4EE3_65702_20note.md.tex:2394: Preview: Snippet 2372 ended.(447828+98303x758597).
<-><->
      
l.2394 $S_n$
            
Not a real error.

[2372]
./_9AD8_7B49_4EE3_65702_20note.md.tex:2395: Preview: Snippet 2373 started.
<-><->
      
l.2395 $
        (V^v)^{\otimes n}$
Not a real error.

./_9AD8_7B49_4EE3_65702_20note.md.tex:2395: Preview: Snippet 2373 ended.(521815+163840x2115364).
<-><->
      
l.2395 $(V^v)^{\otimes n}$
                          
Not a real error.

[2373]
./_9AD8_7B49_4EE3_65702_20note.md.tex:2396: Preview: Snippet 2374 started.
<-><->
      
l.2396 $
        S_n$
Not a real error.

./_9AD8_7B49_4EE3_65702_20note.md.tex:2396: Preview: Snippet 2374 ended.(447828+98303x758597).
<-><->
      
l.2396 $S_n$
            
Not a real error.

[2374]
./_9AD8_7B49_4EE3_65702_20note.md.tex:2397: Preview: Snippet 2375 started.
<-><->
      
l.2397 $
        Mul(V,\cdots,V;F)$
Not a real error.

./_9AD8_7B49_4EE3_65702_20note.md.tex:2397: Preview: Snippet 2375 ended.(491520+163840x5116501).
<-><->
      
l.2397 $Mul(V,\cdots,V;F)$
                          
Not a real error.

[2375]
./_9AD8_7B49_4EE3_65702_20note.md.tex:2398: Preview: Snippet 2376 started.
<-><->
      
l.2398 $
        (\sigma C)(x_1,\cdots,x_n)=C(x_{\sigma(1)},\cdots,x_{\sigma(n)})$
Not a real error.

./_9AD8_7B49_4EE3_65702_20note.md.tex:2398: Preview: Snippet 2376 ended.(491520+233018x11221870).
<-><->
      
l.2398 ...)=C(x_{\sigma(1)},\cdots,x_{\sigma(n)})$
                                                  
Not a real error.

[2376]
./_9AD8_7B49_4EE3_65702_20note.md.tex:2399: Preview: Snippet 2377 started.
<-><->
      
l.2399 $
        \Phi\Psi$
Not a real error.

./_9AD8_7B49_4EE3_65702_20note.md.tex:2399: Preview: Snippet 2377 ended.(447828+0x983042).
<-><->
      
l.2399 $\Phi\Psi$
                 
Not a real error.

[2377]
./_9AD8_7B49_4EE3_65702_20note.md.tex:2400: Preview: Snippet 2378 started.
<-><->
      
l.2400 $
        E$
Not a real error.

./_9AD8_7B49_4EE3_65702_20note.md.tex:2400: Preview: Snippet 2378 ended.(447828+0x521556).
<-><->
      
l.2400 $E$
          
Not a real error.

[2378]
./_9AD8_7B49_4EE3_65702_20note.md.tex:2401: Preview: Snippet 2379 started.
<-><->
      
l.2401 $
        F \subset E$
Not a real error.

./_9AD8_7B49_4EE3_65702_20note.md.tex:2401: Preview: Snippet 2379 ended.(447828+25623x1907818).
<-><->
      
l.2401 $F \subset E$
                    
Not a real error.

[2379]
./_9AD8_7B49_4EE3_65702_20note.md.tex:2402: Preview: Snippet 2380 started.
<-><->
      
l.2402 $
        F$
Not a real error.

./_9AD8_7B49_4EE3_65702_20note.md.tex:2402: Preview: Snippet 2380 ended.(447828+0x512456).
<-><->
      
l.2402 $F$
          
Not a real error.

[2380]
./_9AD8_7B49_4EE3_65702_20note.md.tex:2403: Preview: Snippet 2381 started.
<-><->
      
l.2403 $
        V$
Not a real error.

./_9AD8_7B49_4EE3_65702_20note.md.tex:2403: Preview: Snippet 2381 ended.(447828+0x527929).
<-><->
      
l.2403 $V$
          
Not a real error.

[2381]
./_9AD8_7B49_4EE3_65702_20note.md.tex:2404: Preview: Snippet 2382 started.
<-><->
      
l.2404 $
        V_E$
Not a real error.

./_9AD8_7B49_4EE3_65702_20note.md.tex:2404: Preview: Snippet 2382 ended.(447828+98303x825026).
<-><->
      
l.2404 $V_E$
            
Not a real error.

[2382]
./_9AD8_7B49_4EE3_65702_20note.md.tex:2405: Preview: Snippet 2383 started.
<-><->
      
l.2405 $
        \otimes_F:= \otimes$
Not a real error.

./_9AD8_7B49_4EE3_65702_20note.md.tex:2405: Preview: Snippet 2383 ended.(382293+98303x2510983).
<-><->
      
l.2405 $\otimes_F:= \otimes$
                            
Not a real error.

[2383]
./_9AD8_7B49_4EE3_65702_20note.md.tex:2406: Preview: Snippet 2384 started.
<-><->
      
l.2406 $
        F$
Not a real error.

./_9AD8_7B49_4EE3_65702_20note.md.tex:2406: Preview: Snippet 2384 ended.(447828+0x512456).
<-><->
      
l.2406 $F$
          
Not a real error.

[2384]
./_9AD8_7B49_4EE3_65702_20note.md.tex:2407: Preview: Snippet 2385 started.
<-><->
      
l.2407 $
        E$
Not a real error.

./_9AD8_7B49_4EE3_65702_20note.md.tex:2407: Preview: Snippet 2385 ended.(447828+0x521556).
<-><->
      
l.2407 $E$
          
Not a real error.

[2385]
./_9AD8_7B49_4EE3_65702_20note.md.tex:2408: Preview: Snippet 2386 started.
<-><->
      
l.2408 $
        F$
Not a real error.

./_9AD8_7B49_4EE3_65702_20note.md.tex:2408: Preview: Snippet 2386 ended.(447828+0x512456).
<-><->
      
l.2408 $F$
          
Not a real error.

[2386]
./_9AD8_7B49_4EE3_65702_20note.md.tex:2409: Preview: Snippet 2387 started.
<-><->
      
l.2409 $
        V_E:=V \otimes_F E$
Not a real error.

./_9AD8_7B49_4EE3_65702_20note.md.tex:2409: Preview: Snippet 2387 ended.(447828+98303x4167032).
<-><->
      
l.2409 $V_E:=V \otimes_F E$
                           
Not a real error.

[2387]
./_9AD8_7B49_4EE3_65702_20note.md.tex:2410: Preview: Snippet 2388 started.
<-><->
      
l.2410 $
        f:V \rightarrow W$
Not a real error.

./_9AD8_7B49_4EE3_65702_20note.md.tex:2410: Preview: Snippet 2388 ended.(455111+127431x3194867).
<-><->
      
l.2410 $f:V \rightarrow W$
                          
Not a real error.

[2388]
./_9AD8_7B49_4EE3_65702_20note.md.tex:2411: Preview: Snippet 2389 started.
<-><->
      
l.2411 $
        F$
Not a real error.

./_9AD8_7B49_4EE3_65702_20note.md.tex:2411: Preview: Snippet 2389 ended.(447828+0x512456).
<-><->
      
l.2411 $F$
          
Not a real error.

[2389]
./_9AD8_7B49_4EE3_65702_20note.md.tex:2412: Preview: Snippet 2390 started.
<-><->
      
l.2412 $
        id_E \otimes f:V_E \rightarrow W_E$
Not a real error.

./_9AD8_7B49_4EE3_65702_20note.md.tex:2412: Preview: Snippet 2390 ended.(455111+127431x5654283).
<-><->
      
l.2412 $id_E \otimes f:V_E \rightarrow W_E$
                                           
Not a real error.

[2390]
./_9AD8_7B49_4EE3_65702_20note.md.tex:2413: Preview: Snippet 2391 started.
<-><->
      
l.2413 $
        V$
Not a real error.

./_9AD8_7B49_4EE3_65702_20note.md.tex:2413: Preview: Snippet 2391 ended.(447828+0x527929).
<-><->
      
l.2413 $V$
          
Not a real error.

[2391]
./_9AD8_7B49_4EE3_65702_20note.md.tex:2414: Preview: Snippet 2392 started.
<-><->
      
l.2414 $
        \{v_i\}_{i \in I}$
Not a real error.

./_9AD8_7B49_4EE3_65702_20note.md.tex:2414: Preview: Snippet 2392 ended.(491520+163840x2030498).
<-><->
      
l.2414 $\{v_i\}_{i \in I}$
                          
Not a real error.

[2392]
./_9AD8_7B49_4EE3_65702_20note.md.tex:2415: Preview: Snippet 2393 started.
<-><->
      
l.2415 $
        V_E=E \otimes_F(\bigoplus_{i \in I}Fv_i) \simeq \bigoplus_{i \in I}(...
Not a real error.

./_9AD8_7B49_4EE3_65702_20note.md.tex:2415: Preview: Snippet 2393 ended.(491524+231327x15521356).
<-><->
      
l.2415 ...mes_FFv_i) \simeq \bigoplus_{i \in I} E$
                                                  
Not a real error.

[2393]
./_9AD8_7B49_4EE3_65702_20note.md.tex:2416: Preview: Snippet 2394 started.
<-><->
      
l.2416 $
        V_E$
Not a real error.

./_9AD8_7B49_4EE3_65702_20note.md.tex:2416: Preview: Snippet 2394 ended.(447828+98303x825026).
<-><->
      
l.2416 $V_E$
            
Not a real error.

[2394]
./_9AD8_7B49_4EE3_65702_20note.md.tex:2417: Preview: Snippet 2395 started.
<-><->
      
l.2417 $
        \{\tilde{v_i}:=1_E \otimes v_i\}$
Not a real error.

./_9AD8_7B49_4EE3_65702_20note.md.tex:2417: Preview: Snippet 2395 ended.(491520+163840x4354329).
<-><->
      
l.2417 $\{\tilde{v_i}:=1_E \otimes v_i\}$
                                         
Not a real error.

[2395]
./_9AD8_7B49_4EE3_65702_20note.md.tex:2418: Preview: Snippet 2396 started.
<-><->
      
l.2418 $
        dim_FV=dim_EV_E$
Not a real error.

./_9AD8_7B49_4EE3_65702_20note.md.tex:2418: Preview: Snippet 2396 ended.(455111+98303x5389776).
<-><->
      
l.2418 $dim_FV=dim_EV_E$
                        
Not a real error.

[2396]
./_9AD8_7B49_4EE3_65702_20note.md.tex:2419: Preview: Snippet 2397 started.
<-><->
      
l.2419 $
        F$
Not a real error.

./_9AD8_7B49_4EE3_65702_20note.md.tex:2419: Preview: Snippet 2397 ended.(447828+0x512456).
<-><->
      
l.2419 $F$
          
Not a real error.

[2397]
./_9AD8_7B49_4EE3_65702_20note.md.tex:2420: Preview: Snippet 2398 started.
<-><->
      
l.2420 $
        i:V \rightarrow V_E$
Not a real error.

./_9AD8_7B49_4EE3_65702_20note.md.tex:2420: Preview: Snippet 2398 ended.(447828+98303x3144301).
<-><->
      
l.2420 $i:V \rightarrow V_E$
                            
Not a real error.

[2398]
./_9AD8_7B49_4EE3_65702_20note.md.tex:2421: Preview: Snippet 2399 started.
<-><->
      
l.2421 $
        v \mapsto 1_E \otimes v$
Not a real error.

./_9AD8_7B49_4EE3_65702_20note.md.tex:2421: Preview: Snippet 2399 ended.(422343+98303x3273207).
<-><->
      
l.2421 $v \mapsto 1_E \otimes v$
                                
Not a real error.

[2399]
./_9AD8_7B49_4EE3_65702_20note.md.tex:2422: Preview: Snippet 2400 started.
<-><->
      
l.2422 $
        i$
Not a real error.

./_9AD8_7B49_4EE3_65702_20note.md.tex:2422: Preview: Snippet 2400 ended.(432226+0x225780).
<-><->
      
l.2422 $i$
          
Not a real error.

[2400]
./_9AD8_7B49_4EE3_65702_20note.md.tex:2423: Preview: Snippet 2401 started.
<-><->
      
l.2423 $
        V \simeq F \otimes_F V \hookrightarrow E \otimes_FV=V_E$
Not a real error.

./_9AD8_7B49_4EE3_65702_20note.md.tex:2423: Preview: Snippet 2401 ended.(447828+98303x8756039).
<-><->
      
l.2423 ...es_F V \hookrightarrow E \otimes_FV=V_E$
                                                  
Not a real error.

[2401]
./_9AD8_7B49_4EE3_65702_20note.md.tex:2424: Preview: Snippet 2402 started.
<-><->
      
l.2424 $
        V$
Not a real error.

./_9AD8_7B49_4EE3_65702_20note.md.tex:2424: Preview: Snippet 2402 ended.(447828+0x527929).
<-><->
      
l.2424 $V$
          
Not a real error.

[2402]
./_9AD8_7B49_4EE3_65702_20note.md.tex:2425: Preview: Snippet 2403 started.
<-><->
      
l.2425 $
        Ob(e)$
Not a real error.

./_9AD8_7B49_4EE3_65702_20note.md.tex:2425: Preview: Snippet 2403 ended.(491520+163840x1614235).
<-><->
      
l.2425 $Ob(e)$
              
Not a real error.

[2403]
./_9AD8_7B49_4EE3_65702_20note.md.tex:2426: Preview: Snippet 2404 started.
<-><->
      
l.2426 $
        \mathcal{C}$
Not a real error.

./_9AD8_7B49_4EE3_65702_20note.md.tex:2426: Preview: Snippet 2404 ended.(447828+0x383297).
<-><->
      
l.2426 $\mathcal{C}$
                    
Not a real error.

[2404]
./_9AD8_7B49_4EE3_65702_20note.md.tex:2427: Preview: Snippet 2405 started.
<-><->
      
l.2427 $
        \forall x,y \in Ob(e)$
Not a real error.

./_9AD8_7B49_4EE3_65702_20note.md.tex:2427: Preview: Snippet 2405 ended.(491520+163840x3789962).
<-><->
      
l.2427 $\forall x,y \in Ob(e)$
                              
Not a real error.

[2405]
./_9AD8_7B49_4EE3_65702_20note.md.tex:2428: Preview: Snippet 2406 started.
<-><->
      
l.2428 $
        Hom_{\mathcal{C}}(x,y)=Hom(x,y)$
Not a real error.

./_9AD8_7B49_4EE3_65702_20note.md.tex:2428: Preview: Snippet 2406 ended.(491520+163840x7236940).
<-><->
      
l.2428 $Hom_{\mathcal{C}}(x,y)=Hom(x,y)$
                                        
Not a real error.

[2406]
./_9AD8_7B49_4EE3_65702_20note.md.tex:2429: Preview: Snippet 2407 started.
<-><->
      
l.2429 $
        id_x \in Hom(x,x)$
Not a real error.

./_9AD8_7B49_4EE3_65702_20note.md.tex:2429: Preview: Snippet 2407 ended.(491520+163840x4739034).
<-><->
      
l.2429 $id_x \in Hom(x,x)$
                          
Not a real error.

[2407]
./_9AD8_7B49_4EE3_65702_20note.md.tex:2430: Preview: Snippet 2408 started.
<-><->
      
l.2430 $
        \forall x,y,x$
Not a real error.

./_9AD8_7B49_4EE3_65702_20note.md.tex:2430: Preview: Snippet 2408 ended.(455111+127431x2040564).
<-><->
      
l.2430 $\forall x,y,x$
                      
Not a real error.

[2408]
./_9AD8_7B49_4EE3_65702_20note.md.tex:2431: Preview: Snippet 2409 started.
<-><->
      
l.2431 $
        o:Hom(y,z) \times Hom(x,y) \rightarrow Hom(x,z)$
Not a real error.

./_9AD8_7B49_4EE3_65702_20note.md.tex:2431: Preview: Snippet 2409 ended.(491520+163840x11666456).
<-><->
      
l.2431 ...z) \times Hom(x,y) \rightarrow Hom(x,z)$
                                                  
Not a real error.

[2409]
./_9AD8_7B49_4EE3_65702_20note.md.tex:2432: Preview: Snippet 2410 started.
<-><->
      
l.2432 $
        o$
Not a real error.

./_9AD8_7B49_4EE3_65702_20note.md.tex:2432: Preview: Snippet 2410 ended.(282168+0x317668).
<-><->
      
l.2432 $o$
          
Not a real error.

[2410]
./_9AD8_7B49_4EE3_65702_20note.md.tex:2433: Preview: Snippet 2411 started.
<-><->
      
l.2433 $
        x \stackrel{h}{\longrightarrow}z$
Not a real error.

./_9AD8_7B49_4EE3_65702_20note.md.tex:2433: Preview: Snippet 2411 ended.(755619+0x2128097).
<-><->
      
l.2433 $x \stackrel{h}{\longrightarrow}z$
                                         
Not a real error.

[2411]
./_9AD8_7B49_4EE3_65702_20note.md.tex:2434: Preview: Snippet 2412 started.
<-><->
      
l.2434 $
        x \stackrel{f}{\longrightarrow} y$
Not a real error.

./_9AD8_7B49_4EE3_65702_20note.md.tex:2434: Preview: Snippet 2412 ended.(786567+127431x2139323).
<-><->
      
l.2434 $x \stackrel{f}{\longrightarrow} y$
                                          
Not a real error.

[2412]
./_9AD8_7B49_4EE3_65702_20note.md.tex:2435: Preview: Snippet 2413 started.
<-><->
      
l.2435 $
        y \stackrel{g}{\longrightarrow} z$
Not a real error.

./_9AD8_7B49_4EE3_65702_20note.md.tex:2435: Preview: Snippet 2413 ended.(665508+127431x2098365).
<-><->
      
l.2435 $y \stackrel{g}{\longrightarrow} z$
                                          
Not a real error.

[2413]
./_9AD8_7B49_4EE3_65702_20note.md.tex:2436: Preview: Snippet 2414 started.
<-><->
      
l.2436 $
        gf=h$
Not a real error.

./_9AD8_7B49_4EE3_65702_20note.md.tex:2436: Preview: Snippet 2414 ended.(455111+127431x1978894).
<-><->
      
l.2436 $gf=h$
             
Not a real error.

[2414]
./_9AD8_7B49_4EE3_65702_20note.md.tex:2437: Preview: Snippet 2415 started.
<-><->
      
l.2437 \begin{tikzcd}
                     [color=white]
Not a real error.

./_9AD8_7B49_4EE3_65702_20note.md.tex:2440: Preview: Snippet 2415 ended.(1760006+1415135x4992732).
<-><->
      
l.2440 \end{tikzcd}
                   
Not a real error.

[2415]
./_9AD8_7B49_4EE3_65702_20note.md.tex:2441: Preview: Snippet 2416 started.
<-><->
      
l.2441 $
        f \in Hom(X,Y)$
Not a real error.

./_9AD8_7B49_4EE3_65702_20note.md.tex:2441: Preview: Snippet 2416 ended.(491520+163840x4568552).
<-><->
      
l.2441 $f \in Hom(X,Y)$
                       
Not a real error.

[2416]
./_9AD8_7B49_4EE3_65702_20note.md.tex:2442: Preview: Snippet 2417 started.
<-><->
      
l.2442 $
        f^{-1} \in Hom(Y,X)$
Not a real error.

./_9AD8_7B49_4EE3_65702_20note.md.tex:2442: Preview: Snippet 2417 ended.(533465+163840x5199338).
<-><->
      
l.2442 $f^{-1} \in Hom(Y,X)$
                            
Not a real error.

[2417]
./_9AD8_7B49_4EE3_65702_20note.md.tex:2443: Preview: Snippet 2418 started.
<-><->
      
l.2443 $
        f \circ f^{-1}=id_Y$
Not a real error.

./_9AD8_7B49_4EE3_65702_20note.md.tex:2443: Preview: Snippet 2418 ended.(533465+127431x3999740).
<-><->
      
l.2443 $f \circ f^{-1}=id_Y$
                            
Not a real error.

[2418]
./_9AD8_7B49_4EE3_65702_20note.md.tex:2444: Preview: Snippet 2419 started.
<-><->
      
l.2444 $
        f^{-1} \circ f=id_X$
Not a real error.

./_9AD8_7B49_4EE3_65702_20note.md.tex:2444: Preview: Snippet 2419 ended.(533465+127431x4044249).
<-><->
      
l.2444 $f^{-1} \circ f=id_X$
                            
Not a real error.

[2419]
 ***********
LaTeX2e <2024-11-01> patch level 2
L3 programming layer <2025-01-18>
 ***********
 ) 
Here is how much of TeX's memory you used:
 12769 strings out of 473834
 277685 string characters out of 5750422
 654269 words of memory out of 5000000
 36835 multiletter control sequences out of 15000+600000
 568306 words of font info for 57 fonts, out of 8000000 for 9000
 14 hyphenation exceptions out of 8191
 125i,15n,127p,544b,1010s stack positions out of 10000i,1000n,20000p,200000b,200000s
</usr/share/texmf-dist/fonts/type1/public/amsfonts/cm/cmex10.pfb></usr/share/texmf-dist/fonts/type1/public/amsfonts/cmextra/cmex7.pfb></usr/share/texmf-dist/fonts/type1/public/amsfonts/cm/cmmi10.pfb></usr/share/texmf-dist/fonts/type1/public/amsfonts/cm/cmmi5.pfb></usr/share/texmf-dist/fonts/type1/public/amsfonts/cm/cmmi7.pfb></usr/share/texmf-dist/fonts/type1/public/amsfonts/cm/cmr10.pfb></usr/share/texmf-dist/fonts/type1/public/amsfonts/cm/cmr5.pfb></usr/share/texmf-dist/fonts/type1/public/amsfonts/cm/cmr7.pfb></usr/share/texmf-dist/fonts/type1/public/amsfonts/cm/cmsy10.pfb></usr/share/texmf-dist/fonts/type1/public/amsfonts/cm/cmsy5.pfb></usr/share/texmf-dist/fonts/type1/public/amsfonts/cm/cmsy7.pfb></usr/share/texmf-dist/fonts/type1/public/amsfonts/euler/eufm7.pfb></usr/share/texmf-dist/fonts/type1/public/amsfonts/symbols/msbm10.pfb></usr/share/texmf-dist/fonts/type1/public/amsfonts/symbols/msbm7.pfb></usr/share/texmf-dist/fonts/type1/public/cm-super/sfrm1000.pfb>
Output written on _9AD8_7B49_4EE3_65702_20note.md.pdf (2419 pages, 739736 bytes).
PDF statistics:
 7880 PDF objects out of 8907 (max. 8388607)
 5375 compressed objects within 54 object streams
 0 named destinations out of 1000 (max. 500000)
 13 words of extra memory for PDF output out of 10000 (max. 10000000)

